video_id,title,views,language
n1WpP7iowLc,Eminem - Walk On Water (Audio) ft. Beyoncé,17158579,English
0dBIkQ4Mz1M,PLUSH - Bad Unboxing Fan Mail,1014651,English
5qpjK5DgCt4,"Racist Superman | Rudy Mancuso, King Bach & Lele Pons",3191434,English
d380meD0W0M,I Dare You: GOING BALD!?,2095828,English
2Vv-BfVoq4g,Ed Sheeran - Perfect (Official Music Video),33523622,English
0yIWz1XEeyc,Jake Paul Says Alissa Violet CHEATED with LOGAN PAUL! #DramaAlert Team 10 vs  Martinez Twins!,1309699,English
_uM5kFfkhB8,Vanoss Superhero School - New Students,2987945,English
2kyS6SvSYSE,WE WANT TO TALK ABOUT OUR MARRIAGE,748374,English
JzCsM1vtn78,THE LOGANG MADE HISTORY. LOL. AGAIN.,4477587,English
43sm-QwLcx4,Finally Sheldon is winning an argument about the existence of God,505161,English
H1KBHFXm2Bg,21 Savage - Bank Account (Official Music Video),5068229,English
U3xLOo-CNwo,12 Weird Ways To Sneak Food Into Class / Back To School Pranks,3153224,English
FyZMnhUtLfE,猎场 | Game Of Hunting 12【TV版】（胡歌、張嘉譯、祖峰等主演）,158815,English
7MxiQ4v0EnE,Daang ( Full Video ) | Mankirt Aulakh | Sukh Sanghera | Latest Punjabi Song 2017 | Speed Records,5718766,English
LUzsOyWp9lw,YOUTUBERS REACT TO TOP 10 TWITTER ACCOUNTS OF ALL TIME,960747,English
AS9-ITLhQxo,I Hired An MI6 Spy To Help Me Disappear,1531218,English
gifPYwArCVQ,Fake Pet Smart Employee Prank!,557883,English
8NHA23f7LvU,Jason Momoa Wows Hugh Grant With Some Dothraki | The Graham Norton Show,1496225,English
fy-CuCzaPp8,Rooster Teeth Animated Adventures - Drunk Baby Sitting,308568,English
kzwfHumJyYc,Sharry Mann: Cute Munda ( Song Teaser) | Parmish Verma | Releasing on 17 November,1096327,English
nc99ccSXST0,5 Ice Cream Gadgets put to the Test,817732,English
puqaWrEC7tY,Nickelback Lyrics: Real or Fake?,343168,English
6H3wVsceoS0,Smart Girl Shows How to Build Candy Dispenser,3905245,English
PRlmRnU9qts,Jake Paul - Saturday Night (Song) feat. Nick Crompton & Chad Tepper (Official Music Video),4204818,English
ZhhXLMbZ1rQ,DO COLLEGE KIDS KNOW 80s MUSIC? #8 (REACT: Do They Know It?),549374,English
wuf2KinLxZ8,WRESTLING NIGAHIGA!!! (WILD CARD),348841,English
aVTAU_4i9AY,Throwing Things Into A Fan!,370827,English
7779JdxVAg0,"10 FILMS que LES PARENTS CROYAIENT ÊTRE pour ENFANTS, ALORS que NON | Lama Faché",653398,English
jVpp2BUtMoY,So We Started A Fire...,92280,English
j67FgNEvyh8,Telefoon || Babbu Maan || Promo || Full Song 15th November || Latest Punjabi Songs 2017 || Hey Yolo,178447,English
oQH_rtoHsdQ,CARPOOL KARAOKE w/ FaZe Banks!!,585425,English
m-nZmgHWoEw,Mythical Dog Party,116676,English
V4Uuxg6jmbo,The Try Guys Bake Bread Without A Recipe,3597410,English
WuTFI5qftCE,PAPY GRENIER - METAL GEAR SOLID,925222,English
_A5Z00E5gx8,急诊科医生 | Emergency Physician 25（张嘉译、王珞丹、柯蓝等主演）,123778,English
wczm1faUZ1Q,Barnicle: World Leaders Are Laughing At The US | Morning Joe | MSNBC,200264,English
uEu5--lyNCE,Cats Hate Pregnant - Off Topic #102,191353,English
cTBnDJ77kr0,H3 Podcast #38 - Hila Klein,721066,English
FSdg3UVuBKE,Autumn's sick...,182330,English
6xT1Xc7_X3k,He Almost Died Pier Jumping ...,524623,English
GBVxEpQr8R8,ON VOUS DÉVOILE NOTRE VRAI SALAIRE,2340941,English
JwboxqDylgg,"Canada Soccer's Women's National Team v USA International Friendly LIVE from Avaya Stadium, San Jose",36311,English
t3FYESkzjUI,Emotionally Responsive Digital Human,3684,English
0gLWN3uq74o,Ex-intelligence chiefs fire back at Trump criticism (Entire CNN interview),286231,English
9fNvbeBLwGc,HOLIDAY 2017 ⭐️ COLLECTION & SKIN FROST PALETTE REVEAL | Jeffree Star Cosmetics,1637172,English
-Toujzk3ysk,"Gerrymandering, Conservative Comedians, Bobby Kennedy | Overtime with Bill Maher (HBO)",458964,English
k3GxDSG1c0Y,NELK - Before They Were Famous - Kyle Forgeard & Jesse Sebastiani,172720,English
ThLVteoxnSE,"LFR11 - Game 19 - B Sweeper - Tor 4, Bos 1",28992,English
exMNBvwCfRY,LES PIRES DOUBLAGES FRANÇAIS,3641421,English
c64I9HNpiOY,Padmavati : Ek Dil Ek Jaan Video Song | Deepika Padukone | Shahid Kapoor | Sanjay Leela Bhansali,10588371,English
oo_xQyxgNpg,蒙面唱将猜猜猜第二季 EP10 Ella抛媚眼狂撩侦探奥特曼 171112,268111,English
teXaL6GdQRk,STRANGER JOKES : Jokes de Papa avec les teens de Stranger Things,141253,English
0kErOtN3q_w,WOW NAPAKAHUSAY ! DUTERTE AT TRUMP NAPAHANGA SA MGA BIGATING SINGING ARTIST KUMANTA SA 31st ASEAN,234983,English
TaTleo4cOs8,SHOPPING FOR NEW FISH!!!,207532,English
Nc0ZCtZdgAk,KOKE (Full Video) | SUNANDA SHARMA | Latest Punjabi Songs 2017 | AMAR AUDIO,628340,English
9t9u_yPEidY,"Jennifer Lopez - Amor, Amor, Amor (Official Video) ft. Wisin",9548677,English
ebztEUmhEMY,Celebs You Didn't Know Passed Away,900014,English
MLQLOOUO84Y,《猎场》第15、16、17、18集最全预告集合：夏部长下马，罗伊人投靠郑秋冬。郑秋冬熊青春办结婚证,25863,English
9B-q8h31Bpk,John Oliver Tackles Louis C.K. And Donald Trump In Season Finale Featuring Tom Hanks,106029,English
hW2B_GT3b1E,How green delegates keep warm at UN Climate Change Conference,11636,English
0PkVodF5QQ8,"Valérie Plante, la première mairesse de Montréal à Tout Le Monde En Parle TLMEP",9368,English
MbyP-w4uOgk,NAV - Wanted You feat. Lil Uzi Vert (Official Audio),1064943,English
f-G8fK1LJVU,BREAKING: LiAngelo Ball Just Got THROWN INTO PRISON!! Will China MURDER LiAngelo Ball?,788935,English
66Y44OxufVM,RUM (Regular Use Medicine) By Meet Hundal || Deep Jandu || Bamb Beats || Latest Punjabi Song 2017,731639,English
objBBRAurLg,KUWTK | Khloe & Kourtney Kardashian Workout Hungover | E!,146900,English
xfmqmmBTRXw,24 Oras November 13 2017,137210,English
PV8maMvPqhw,AMAZING Street Food  in CHINA | RARELY SEEN Street Food ADVENTURE TRAVEL VLOG 2017,325851,English
amEZKmJQ4Io,Drako - Watch Me Do It [Official Video],25887,English
3zjhB7NYQyg,Let's Play - Civic Doodle with Tim Gettys,274190,English
F5mzb086QM8,Secrets of Dairy: Larson Dairy Farm,29234,English
TIvI07xLPnA,"The National for Sunday, November 12, 2017",13433,English
5lC4IlTjVxk,Cat's Hate Plastic!: Best Fails of the Week | FailArmy,1846670,English
RbcGCMtlluQ,Final Nail In The Coffin: SNL Turns Against The Clinton Crime Machine,116344,English
CpU72eM8vCo,Operation: Dry Tank,56077,English
f-UzOpuKOVY,Fukrey Returns | Trailer | Pulkit Samrat | Varun Sharma | Manjot Singh | Ali Fazal | Richa Chadha,5029621,English
pXEGYQ3DNug,"Crime Patrol Dial 100 - क्राइम पेट्रोल - Ep 650 - Full Episode - 10th November, 2017",210478,English
TUmyygCMMGA,Why the rise of the robots won’t mean the end of work,256426,English
WuzMMgFsJFE,McElhinney shines in Leafs' 4-1 win over the Bruins,33167,English
1UE5Dq1rvUA,Taylor Swift Perform Ready For It - SNL,320964,English
2B8RO0GcLDw,Live with Dr.Shahid Masood | Asif Zardari | NawazSharif | MQM | 12-November-2017,187075,English
xZxOAqiQiGo,Angry Racist Gamer Gets HACKED (crazy),341389,English
Y4BoKJaLaTs,ABS-CBN Christmas Station ID 2017 “Just Love Ngayong Christmas”,281350,English
Dgut-rlPVrk,Will Grace Davies make you love her? | Live Shows | The X Factor 2017,261603,English
MBjVXkS-vuY,Last Video of Hashtag Franco Before He Died,1300826,English
SElT590QmTY,Vikings vs. Redskins | NFL Week 10 Game Highlights,439507,English
0aYWB3d7bJ8,【Full】《极限挑战III》第11期20171110：黄渤魔性PK斗鸡眼 张艺兴罗志祥戏精上身喝毒酒话离别！ Go Fighting S3 EP.11【东方卫视官方高清】,738561,English
pmJQ4KwliX4,"LATEST Q POSTS: ROTHSCHILDS, HOUSE OF SAUD, lLLUMlNATl +++MASSIVE INTEL DROP -PART4",116820,English
k3kgQrU5-p0,Transforming a Homeless Mans Life... **SUPER EMOTIONAL**,1788176,English
W-m1930mh1s,Steam Code how to get FREE and easily,56407,English
nAvudA4X6vI,Online Gaming Insults Gone Wild,378352,English
6p-QzY5bxJ0,The 'Stranger Things' Kids Were Nearly a Motown Super Group,5541767,English
xiS6rSvxl-M,10 More Famous Men EXPOSED After The Harvey Weinstein Scandal,319817,English
kRoCPSDCvts,【FULL】王俊凯不满章子顶嘴争执火药味十足？ 欧阳娜娜郑昊致敬经典被评演技不太好 《演员的诞生》第3期 20171111 [浙江卫视官方HD],469779,English
kpQlAGiyg3A,I Tried To Plan The Perfect Wedding,961644,English
AE8tATPge7o,IS GPU MINING STILL PROFITABLE? - Mining Adventure Part 1,786155,English
zxuvr9tN924,非诚勿扰 完整版 “小朱亚文”亮相《非诚勿扰》 孟非上演cosplay首秀 171111,150974,English
dKBThyjj0J0,'Helping People' Sneak Peek Ep. 805 | The Walking Dead,70448,English
pQgPR2V6924,《文茜世界周報》美媒狂酸川普　對華貿易選前選後判若兩人2017.11.11|Sisy's World News【完整版-FULL HD】,135620,English
lHcXhBojpeQ,三屆TVB視帝，拋棄10年青梅竹馬髮妻，為娶小三還不惜與母絕交！,88061,English
Yo84eqYwP98,"LA PIRE PARTIE ft Le Rire Jaune, Pierre Croce, Fabien Olicard, Nad Rich' Hard, Max Bird, Studio Vrac",432721,English
QDkLaDDJhG8,"MatPat, Gabbie Hanna, and Ricky Dillon | You Posted That?",193241,English
YW-EAR8N7y8,Donnie ft. Puffy L'z - Feeling Great (Official Video),19859,English
zCt_jjE_7O8,Remembrance Day: Paying tribute to Canada's fallen heroes,28808,English
kOnQocd799Y,Everything Wrong With Baby Driver In 14 Minutes Or Less,2736733,English
gHZ1Qz0KiKM,2 Weeks with iPhone X,119180,English
QUUOLFAbJ6A,Ireland Fans In Copenhagen Outside Victoria's Secret - Denmark vs Ireland,166818,English
fppmc_xzE7Y,《亲爱的客栈》第6期20171111: 杨紫自曝为了赵薇当演员 王珂刘涛变客栈运动担当 The Inn【湖南卫视官方频道】,415387,English
K6EZV-_Up34,Alisah Bonaobra sings Amazing Praying for Time -Her Last Song for X Factor 2017 Live Show Week 3,203332,English
1KHCqtTC0EQ,"Toronto Raptors vs Boston Celtics: November 12, 2017",102766,English
j1yVXcJxmSA,Trump's Ménage À Terrible Phone Call With France,756959,English
eDwaOTkIDGQ,I'm More Jamaican Than You ft. 4 YALL ENT I DT Skit,70463,English
O_adY_b-aLQ,Here's a Tour of the 2019 Chevy Corvette ZR1,374640,English
A0XvRL-sLVg,"31st ASEAN Summit  gala celebration dinner  November 12, 2017  President Trump Attend a gala dinner",197183,English
ocZqvs7gUzc,Hyundai Accent - CarManía,19646,English
lT47mzF3QVM,Grey's Anatomy - (It's the End of the World) - In the sun - 2x16,264577,English
_QHEPUKBn9g,‘Too Alabama for Alabama’: SNL brutally mocks Roy Moore in opening sketch,20163,English
GjP_A1Q1sjM,川普离京后立马“翻脸”  中国发布“惊人”政策（《万维读报》20171110）,320294,English
RqoTMr9eVOU,How To EASILY Make Money Online,33032,English
8ORvJcpe2Oc,Davido - FIA (Official Video),873333,English
ijJPFowBsBc,HUGE BEAUTY FAVOURITES! AUTUMN LOVES!,100666,English
SSLxfJ9rWeA,睡過范冰冰的20個男人首次揭秘，看完驚呆了！,78178,English
F6HTw5DU670,Dude Perfect Face Off | Spikeball,2682879,English
ujyTQNNjjDU,G-Eazy - The Plan (Official Video),2642930,English
1YhtkrC2t0c,New Eritrean film Dama (ዳማ)  part 13 Shalom Entertainment  2017,260199,English
lnFaRuWOLN0,"Emilie, 10 ans, Coach De Vie",1504950,English
ecCjoMFSIZA,6 Kitchen Gadgets That'll BLOW YOUR MIND. Maybe.,140099,English
HRlh-U718I0,"WHOEVER WINS, WE LOSE - Surfers VS Skaters Gameplay",282743,English
pVu4zRW5eso,OMG! MY ANTS ARE LEARNING!,152118,English
JdHovvb0KD4,Pres. Trump: Putin's Denials Of Interference In Election Are Sincere | The View,72253,English
QEBTK5_dRZ0,The Alt-Right Is Crushing On Taylor Swift,100394,English
JccE_V5q0-Q,Canada's Trudeau charms Manila as he orders fried chicken,30001,English
O-_52G3aKVU,Taylor Swift SNL Call It What You Want on Saturday Night Live,62915,English
4ILpUbtNw8I,5 Hellhounds Caught On Camera & Spotted In Real Life!,351181,English
1kuJkA9usqg,"Deivamagal Episode 1387, 13/11/17",387221,English
p2hJxyF7mok,New Emirates First Class Suite | Boeing 777 | Emirates,141148,English
Jjs8CIeHNeI,"24 Oras November 14, 2017",164110,English
h0qxFyj788c,CANADIAN PRIME MINISTER TRUDEAU & PRES. TRUMP GOT A SELFIE WITH DDS VLOGGER SASS AND ASEC MOCHA,43665,English
GOW7Qi27p7c,"Graham Norton Show S22E07 Hugh Grant, Jason Momoa, Sarah Millican and Kelly Clarkson",399208,English
wiXhcwpMU1I,Coco - Movie Review,231745,English
v0Gku2iX2rY,"Eat Bulaga  November 13, 2017 (FULL) Juan for All - All for Juan Sugod Bahay HD",87890,English
B5HORANmzHw,Founding An Inbreeding-Free Space Colony,223871,English
woJJNz1ZAV0,This Week in Stupid (12/11/2017),341134,English
8tbQHHso0oY,Bellator 187: Conor McGregor storms the Bellator MMA Cage,1107916,English
w5qMOyPuUqU,வாணி ராணி - VAANI RANI -  Episode 1416 - 13/11/2017,170707,English
NVCqz2BDfcQ,Gucci Mane  - Curve (ft. The Weeknd),946859,English
TpIqNpWtKEU,The Emoji Movie: What Went Wrong?  – Wisecrack Edition,275669,English
o4qUbIZn538,Stephen Curry New Hair Debut! Nick Young Left Wide Open! 2017-18 Season,650469,English
ceqntSXE-10,DESSINS ANIMÉS FRANÇAIS VS RUSSES 2 - Daniil le Russe,482153,English
skhu76iBvtU,Top 10 2000s Songs You Forgot Were Awesome,211868,English
oWQuB2lVQLc,Zvezde Granda - Cela emisija 06 - ZG 2017/18 - 11.11.2017.,496192,English
qntHpRYIJOM,YOU WILL HATE COW CHOP AFTER WATCHING THIS • WRONG SIDE OF YOUTUBE,375652,English
QldBP574S4I,Taylor Phelan Monsters - Official Lyric Video,35401,English
mXHAHcVfQIs,Think Fast | Booger Eater??,190106,English
LUGgIynLlPg,Best Of r/MildlyVandalised,183670,English
o-y6Q0bANm4,Côte d'Ivoire vs Maroc 0 - 2,265303,English
pkIr5FaNGhU,THERE'S ONLY SO MUCH RAGE I CAN HANDLE.. [GETTING OVER IT],219605,English
3t2jdkDBfPc,Switching to the iPhone X...,2742984,English
njo5kr1r4B8,"President Trump ASEAN Gala Dinner in Philippines, Manila 11/12/2017",93198,English
2AkE49hZfr4,15 Clear Signs Your Phone Was Hacked,721270,English
kVYTGWqffzk,What $1 Gets You Around The World!,778516,English
pw3iSkTRJWw,Kuladheivam SUN TV Episode - 771 (13-11-17),117022,English
bsgocWaULIU,Troydon bent - Jam African,16921,English
j9nCXKlZaSM,Alena TV -Tesfit Abraha - Dgul Hiyab - Part  4 - (ድጉል ህያብ ራብዓይ ክፋል)- New Eritrean Movie 2017,174130,English
L1fwxUV6GJE,Grey's Anatomy S10 Ep12 Jackson Stops The Wedding,107331,English
0PpNlNJ6Nng,Will It Watermarble?! Sister Edition | Watermarbling 9 random objects in nail polish!,1842393,English
OA0vhAKUD0g,Outlander S03E09 i'm melting with you'',32941,English
VDMOFa8iRqo,Dr. Greger in the Kitchen: My New Favorite Beverage,27910,English
L-ixmHzXl3w,"Si vous voyez ceci en forêt, courez vite et demandez de l'aide!",1388115,English
9_8mXKCBtm0,"Traveling in Bali - AMAZING FOOD and Attractions in UBUD, Bali, Indonesia!",161971,English
vqfU6N0IU5Y,How To Make Money Online With Mobile/Tablet ( Make Money By Installing Apps ),12603,English
5f-DW6Oq2cU,"How to Get Him Hooked in the First Two Weeks (Matthew Hussey, Get The Guy)",125273,English
AuAc1Vhdxz0,Badnaam Episode 13 - 12th November 2017 - ARY Digital Drama,403223,English
jGEJgk_2UM8,Successful Failure,248993,English
H8IWLEtFt9A,Intégrale - On n'est pas couché 11 novembre 2017 #ONPC,122282,English
TZ2mEuBweWY,Lil Pump - Gucci Gang PARODY,943626,English
w749rQf9gl8,访谈曹长青：永不放弃——如何看待郭文贵的现状与未来 《重磅访谈 郭宝胜政论》,64386,English
H5ZoBYWFxr4,12 BLAGUES À MOURIR DE RIRE ! LA GUERRE DES BLAGUES !,549498,English
GVtgu_b7svA,Trump meets Duterte in Manila for ASEAN gala dinner,58675,English
JKrqaPn-ulk,Journey of Remembrance | Three Sisters Trio,13293,English
psDauoxUj9A,شاهد انبهار الاعلام المصري  بتأهل المغرب لكأس العالم  و يعتبر المغرب أقوى فريق عربي و افريقي,624328,English
VvlBSgUrNSQ,Making Chocolate Croissants: Behind Tasty,694624,English
QbBNjjZthsg,8 PIRES OBJETS de BATMAN,294947,English
SwnP04VvfOY,بالفيديو ... سعد الحريري يتلقى معلومة من خلف الكاميرا,40454,English
5u-nn4Bb4f0,Trump's Big Day Out In China | The Daily Show,291697,English
0RFhWyM6qbA,Benzema balance ses dur vérités Deschamps et Les bleus Dans le CFC !,635236,English
GgVmn66oK_A,Which Countries Are About To Collapse?,544770,English
nATGvlGP47o,Republicans Push Their Tax Plan After Election Losses: A Closer Look,1547309,English
LuOaMDzyaXE,VLOG DAD REACTS! |  MARTINEZ TWINS leaving Team 10 and dissing Jake Paul,387351,English
9bLSykjNLGY,r/oopsdidntmeanto Top Posts of All Time [2],235156,English
qLxfqXRHup0,赵乐际出手了，否定王岐山的私货“政治腐败”（2017.11.12）,85127,English
ulduUfiTV7M,"Juan For All, All For Juan | November 11, 2017",226051,English
YYOCmR5Lvbw,2017 Brazil Grand Prix: Race Highlights,758492,English
4du1KXBl4YU,Mehjabi Reveals Hina Khan Dirty Politics | Exclusive Interview | Bigg Boss  11,632747,English
QOi1D6v-_D4,"Rick Santorum SPEAKS Out Against Roy Moore, There's TEN Other People That Could Win That Race",29616,English
hM7diCCnyKg,The Trump Presidency (11/12/17) Last Week Tonight with John Oliver(HBO),10037,English
1f-94EP6Nk8,The Original Ramen in Japan - Chuka Soba,212040,English
ySJZJ-glsjM,What They Found Should Rewrite History!,157289,English
I2qScVQxjpo,7 Second Challenge: KNOCK-OFF DAN & PHIL,236040,English
F9ryLRmaBEM,Post Malone – Rockstar (feat. 21 Savage),1237072,English
IF4Cbb_82l0,Воскресный вечер с Владимиром Соловьевым от 12.11.2017,318474,English
ItYOdWRo0JY,Selling My iPhone X To a Machine at Walmart,1836419,English
gjXrm2Q-te4,Jimmy Fallon Pays Tribute to His Mother Gloria,1611093,English
VsYmwBOYfW8,Mean Tweets – Jimmy Kimmel Edition,2765121,English
kgaO45SyaO4,The New SpotMini,3701763,English
YvfYK0EEhK4,Brent Pella - Why You Shouldn't Fly on Spirit Airlines,462490,English
5530I_pYjbo,How I Trained My Cats,977285,English
0hKHdzTMAcI,StarCraft II Free to Play: Legacy,445043,English
bAkEd8r7Nnw,Slow Mo Katana Sword - 4K - The Slow Mo Guys,1529652,English
Ax1P5Q8Kr9g,"Huge IGN Failure Exposed, Why Zoella Is Being Called a Scammer, and EA Comes Under Fire...",971117,English
LXDAu8DnALw,Binging with Babish: Harry Potter Special,853635,English
ve3oQBjcAGI,Everything Wrong With Wonder Woman In 14 Minutes Or Less,1032547,English
WKMOuDoVxFw,猎场 | Game Of Hunting 16【TV版】（胡歌、張嘉譯、祖峰等主演）,119437,English
gFbY974MF88,Allegations Mount Against Roy Moore; Trump Cozies Up to Putin: A Closer Look,1503131,English
seGgZp-XYdM,Wax Presidents Trailer: Last Week Tonight with John Oliver (HBO),555499,English
hbhbu_Kf424,Big Mac vs Whopper: Which Is Healthier?,754502,English
b-ShNqtj8Yw,Kim Jong-Un Hurt President Trump's 'Old' Feelings,1025278,English
cxMvzK2OQTw,Cards Against Humanity Saves America,295217,English
rBpMYATttsI,LOWBALLING CAR SALESMAN PRANK!,340175,English
AT_XoYrpcDU,Fly Reef - No Top,15537,English
lSozbwZmq74,RNC update on Courtney Lake homicide,16337,English
6fv7CqCjiJw,People Guess Who is White In a Group of People - Lineup,459497,English
1SiKopOt-QM,26 SIMPLE WAYS TO SPEED UP YOUR EVERYDAY ROUTINE,4752153,English
HnCU20Cu0fs,Dashcam Norway - Semi-truck narrowly missing kids,2253298,English
9SK1I0V6U5c,Lie Detector | Anwar Jibawi,983365,English
CtBca6H6Teg,Honest Trailers - Batman Forever,829132,English
GTNHqpL0N2g,Roy Moore Would Never Date A Girl Without “The Permission Of Her Mother” | The Daily Show,79246,English
Y9nDagqKL7Q,venting online about a hard part in a video game,394709,English
w9jjpn6W2to,DIY Escape Room: Can They Build Their Way Out?,260276,English
wDEA3rpYHnI,"Marie-Louise Arsenault réplique à Denise Bombardier, 1998",15800,English
UWOAuTP27eo,DUEL DE BLAGUES NULLES ! #2 (Vs Google Home),990009,English
DbJ2s_g1oDc,10 LIFE HACKS YOU NEED TO KNOW with TEENS (REACT),863116,English
xdHmuy1RqCg,Shower - Cyanide & Happiness Minis,680801,English
oP-6Z1RlaIc,"Triple H returns to join Team Raw at Survivor Series: Raw, Nov. 13, 2017",2455165,English
0UJ54iT4yIU,Magic Mud Face Mask Test,172461,English
AGVW9Z4RcUc,Jon Stewart: I Was ‘Shocked’ At Sexual Misconduct Accusations Against Louis C.K. | TODAY,293235,English
vIVaLtJmyPs,UNHhhh Ep 68: Goodbye Barbara w/ Trixie Mattel & Katya Zamolodchikova,271606,English
DupviAaffdk,Stephen Colbert monologue 11/13/17 : Too Much Moore !,187026,English
HIz1H_rkrl0,急诊科医生 | Emergency Physician 30（张嘉译、王珞丹、柯蓝等主演）,74289,English
pcWKpGzhgq4,Jason Momoa Shows Off His Aquaman Quindent | The Graham Norton Show,391049,English
cTRJYA6dibU,Changey Din | Kambi | Sukh E | Sukh Sanghera | Latest Punjabi Song 2017 | Speed Records,3164460,English
a8G-vVFKm4M,வாணி ராணி - VAANI RANI -  Episode 1417 - 14/11/2017,303877,English
9B7phYYVCpI,Congressman PINS Sessions For Lying About Trump's Russia Collusion,249090,English
xr6vrCPyVj8,The Voice 2017 Davon Fleming - The Playoffs: I Am Changing,352054,English
YTiYQwk7Bw0,ALL MY NEW FISH!!,128316,English
PF_A_hVPhHI,how to get Steam Code  FREE and easily,27497,English
WzQrvFAPoII,"JOFFREE DUMPS LAURA LEE, MANNY MUA, NIKITA + JACLYN HILL EYE SHADOW PALETTE",115736,English
v5e4gwDGrNk,How beauty brands failed women of color,275726,English
UoTIqXOBGsc,DI NAPIGILAN TUMAWA NI CANADIAN PRIME MINISTER JUSTIN TRUDEAU SA KAKULITAN NI DUTERTE,107318,English
AlrbKKGIcjI,"Deivamagal Episode 1388, 14/11/17",591632,English
jEtTDPkjoFc,Eminem Performs 'Walk On Water' | MTV EMAs 2017 | Live Performance,1001985,English
Z7Q_FBRgqq0,Joe Rogan on Louis CK,370423,English
l4bAoNAx2uo,American Things Europeans Find Weird,419965,English
r3HjK4fur4c,Alif Allah Aur Insaan Episode 30 HUM TV Drama | 14 November 2017,404217,English
oGSNSLD8rcw,The Flash 4x07 Promo Therefore I Am (HD) Season 4 Episode 7 Promo,70987,English
LfajgipdxmA,How does Yoonla work? Learning CPA,11810,English
8oHAKlhOeZQ,Live with Dr Shahid Masood | 14 November 2017 | Nawaz Sharif | Maryam Nawaz |,157049,English
bO7Qwgs4IFU,BEST Taiwan STREET FOOD & NIGHT MARKET in Kaohsiung!,148993,English
sbIED1w1WuQ,What's inside a Cocao Pod?,246591,English
W2om14p_xfw,Writer: My Kids Can't Be Friends With White People | The View,89444,English
D0CO8cueUb0,"The Last Word With Lawrence O'Donnell - Nov 13, 2017",61778,English
KhbuFwJchMU,How to Get a FREE iPhone X!,48421,English
U_u91SjrEOE,The myth of Prometheus - Iseult Gillespie,167426,English
sxIwJVRWp1E,L'OBJET QUI TE DONNE DES SUPER POUVOIRS !,623627,English
u-WXjOBFdgw,Stephen A. Smith sides with LeBron James in scuffle with Knicks | First Take | ESPN,545806,English
_EuW3ClJ19A,Landlord | ( Full HD) | Rajvir Jawanda Ft. Preet Hundal | New Punjabi Songs 2017,810533,English
9Ca8zWJOlFQ,Apple iPhone X Review: The Best Yet!,577618,English
HfCqloq_jjw,Grill Disk Dub,133345,English
2CZXls3Yclo,Cleveland Cavaliers vs New York Knicks Full Game Highlights / Week 5 / 2017 NBA Season,2010343,English
A5TPOKoE1_M,CHRISTMAS ADVERTS & HOW WE MET,446733,English
I-EjUI-lkrs,"Gary V. Talks Mindset, K-Swiss + Why He Will Never Do Business With Michael Jordan",166512,English
jr9QtXwC9vc,The Greatest Showman | Official Trailer 2 [HD] | 20th Century FOX,2671756,English
rw24wc00q3Q,Getting Back At Your Flaky Friends,187643,English
SOcArtrkU-M,Philippines President Duterte offended by Trudeau raising human rights issues,10093,English
qJ2xXGIJT10,Mario Kart Balloon Battle!!,560691,English
JBWUa5AKRME,Last Week Tonight with John Oliver - S04E30 (HBO) 11/13/2017,33754,English
sUb0tAW4CHc,Bill Burr - Louis C.K.'s Sexual Misconduct,913840,English
024W1BxcIys,POP SONG REVIEW: Thunder by Imagine Dragons/Feel It Still by Portugal. The Man,55192,English
eAyxMv4IBH8,Review of the ION Bottleless Water Cooler,399491,English
qZN9ZSbR3mY,LEAKED: Donald Trump Jr.'s Communications With Wikileaks,76484,English
meRKbDusFN0,Heartland Episode 1108 Preview,15431,English
rt2K9NyDn6c,"QNA#2, MERCH, INKTOBER + FACE REVEAL",157590,English
YkfE8hHUzt4,Dog & Beth: Fight of Their Lives | Official Trailer | Premieres November 27 | A&E,136789,English
MOi9ZIaV9V0,Cheapest Guy Ever (Shrink Wrapped His Whole House),334598,English
MB5LAU5z9gk,Caldo Verde - Portuguese Sausage Kale Soup - Food Wishes,49231,English
8sdQ7dP9Drs,"Today's News: It's On - Get The Goods, November 14th, 2017",4851,English
pxx9kYaa5uo,"Eat Bulaga  November 14, 2017 (FULL) Juan for All - All for Juan Sugod Bahay HD",96334,English
2qoq9TKt-Qw,Joe Biden To Stephen Colbert: Donald Trump Has Created Fear About The Stability Of The Country,66438,English
iJW9_d0EX6o,【完整版】對簿公堂看你怎麼說？小大公審大會！2017.11.14小明星大跟班,104643,English
aumXGJnd_hU,AIB : Lightning Fast Movies,567803,English
Rl6pkKsIxBE,Ask Dr. Dax Shepard,347848,English
FIY3e74wkXY,Tiffany Haddish Makes SNL History,391642,English
0VNjuoiAEd0,Removing The Notch From iPhone X,1663206,English
i-9MxEi5oWg,ماذا قالت الإعلامية بولا يعقوبيان لدى وصولها إلى بيروت من السعودية؟,286273,English
-k6j6Dkyl1M,Sau Ánh Hào Quang #7 FULL | Cát Phượng: Cái sai khi ly dị Thái Hòa là đúng (13/11/2017),1544710,English
uCU5Bc2Q6pc,Vamsam - வம்சம் | Tamil Serial | Sun TV |  Epi 1335 | 14/11/2017 | Vision Time,109639,English
j06RTT1fUUQ,Omour Jedia S02 Episode 10 14-11-2017 Partie 03,45662,English
K7ZAzLjnqa0,Need For Speed [IN REAL LIFE!!] 350Z,214480,English
t2BfG32IDqs,Grant's DIY Mystery Puzzle Box,533561,English
rvkm8DPbWgc,Marc Maron on the Louis C.K Allegations (11/13/2017),198666,English
DdiM5lA-05c,11.14 - NSA Breach/Trump Jr./Rothschild/Trump Major Statement,52967,English
hXBqZ1YKAcU,CHICKEN GIRLS | Annie & Hayden in “Photograph” | Ep. 7,1013926,English
u-PeNDF7jCI,"2017년 11월 14일 (화) 뉴스룸 다시보기 - '사이버사 증원, 청와대 승인' 적시",124697,English
ZO1nhDbqL-s,Egg Burrito - Protein Treats By Nutracelle,6236,English
T2hyuhoBQdo,Pod et Marichou - Saison 2 - Episode  53,339499,English
w86gSYR-otA,Couples Commentary (Arielle vs. Jimmy),185267,English
1bAN230aliU,TEAM 10 IS BREAKING UP?,179243,English
i-LCORFB860,'Lightning Strike' B777-300 on departure @ KL743 // PH-BVS,571588,English
y9r_3IJdtkU,MapapaWOW ka sa Galing!!! 31st ASEAN Summit World-Class Performances at the Opening Ceremonies,166458,English
yGZ0yfEv1fU,21 Savage - Bank Account (Official Music Video)- REACTION,643350,English
SPcn4iABOq4,2017.11.13新聞深喉嚨　請教蔡總統一年過去了！勞工還是「心中最軟的那塊？」,203345,English
GZkgGhlscc0,GERMANY vs FRANCE 2-2 ● All Goals & Highlights HD ● 14 Nov 2017 - FRIENDLY,584612,English
mQbsY2KTFHk,"Слуга Народа 2 - От любви до импичмента, 22 серия | Сериал 2017 в 4к",437979,English
tEklSDpLpzY,习大大李克强乘风破浪全线出击 中日韩东盟空前合体 特朗普遭重创提前出局？,37593,English
TRZPLiLl9HY,Patriots vs. Broncos | NFL Week 10 Game Highlights,1012191,English
3e_gvryr8r4,Taiwan High Speed Train BUSINESS Class Taipei to Kaohsiung,116314,English
meFws6G2Av8,Trump's presidency: Last Week Tonight with John Oliver (HBO) 11/12/2017,30843,English
thBQhCoJEFQ,Brooke Baldwin is STUNNED at What This Roy Moore Supporter Just Said.,51102,English
k7uhe91wGUE,Rep. Jordan presses Jeff Sessions to appoint special counsel,58633,English
m11BH_xsdSs,Seth Rogen & Jason Segel Almost Took a Prank Too Far,86797,English
Ady-OKMcmUc,"Pinoy Singers, binigyan ni Donald Trump ng standing ovation sa ASEAN Summit",250174,English
VMMyw-9oH6s,Kamli: Gurinder Rai (Full Song) | Preet Hundal | Latest Punjabi Songs 2017 | T-Series,1562510,English
Rb8_EdTYjXI,RAW Team Attack Smackdown Team - WWE Smackdown 14th November 2017,474689,English
Iw8apHDAXhk,LeBron vs Kanter! Cavs Stun Knicks With Epic 23 Point Comeback! 2017-18 Season,454790,English
tranxI3uYT4,Deweni Inima | Episode  202 14th November 2017,289855,English
SC6Pweta170,"This is why UFC won't allow Conor McGregor to fight on Dec 30 at UFC 219,Bisping on Silva,Woodley",309388,English
_LaMGYVnwYc,WOW: Trey Gowdy to AG Jeff Sessions: Its NOT Appropriate for Trump to speaks on a Open Investigation,86826,English
S-5IU_xdAIg,WATCH LIVE: Attorney General Sessions testifies to the House Judiciary Committee,46905,English
9swYq83jffs,Pranque : Le serveur amnésique,527677,English
n4DFdeoi234,"MY YOUTUBE DECADE | What Makeup STILL Works? Laughs, Tears & Reminiscing",41534,English
xBVbkPxSV1c,Joe Rogan Experience #1039 - Iliza Shlesinger,250837,English
LNyNFtd7hoE,【宇哥】7岁女儿竟然与智障父亲偷偷“私奔”……豆瓣8.8分催泪神片《我是山姆》,148959,English
-zro2JcQucc,Skip and Shannon talk Enes vs LeBron James after the Cavs beat the Knicks | UNDISPUTED,241896,English
aoERBs551uA,Usain Bolt Goes Sneaker Shopping With Complex,988066,English
tQqEeepdD2U,Borgore feat Bella Thorne - Salad Dressing [Official Music Video],84605,English
7LgNSdeBIpE,LeBron James vs Frank Ntilikina and Enes Kanter - LeBron mocks Ntilikina!,617754,English
6RTvw8RB3CE,Can My Kids Be Friends with White People? Tucker Interviews Ekow Yankah About His Op-Ed,114216,English
rW8mZrEklZQ,"The National for Monday November 13, 2017 - Kidnapping scam, misconduct, pollution",13742,English
ClwBTkLiivk,Week 4 Challenge: Check out “My Email Leads”,1898,English
oGeIaeZeG6Q,THE CHAMPION RETURNS • WWE 2K18 Tournament,192550,English
KU-GcoWD5_A,80's SciFi Egyptian - Character Design Session!,220893,English
noel-0RkHt0,“伟大领袖”已经喊出来了，喊“万岁”还有多远？（2017.11.13）,52926,English
yVW2fTkYFJo,5 Deep-Fried Carnival Recipes,110981,English
8x41Bobua44,The Black Triangles Are Here,306485,English
Nt6sVqhG8Oo,Faisla Episode 21 & 22 - 14th November 2017 - ARY Digital Drama,163926,English
X0KQeEuhcmg,الجزيره تعرض لحظه تهـديـد سعد الحريرى على الهواء ونظراته اليه بتحليل محترف لخبراء,541428,English
c3CDsoRDdRA,THE THANKSGIVING SONG,814126,English
JbFGsv9b97c,On The View November 13 2017 | Whoopi Goldberg's birthday with a performance by Andra Day,102835,English
9kF9xY74h-E,Spilling Tea About Each Other!!,891912,English
8-Cjsnq8kVU,Deadpool’s “Wet on Wet” Teaser,3979891,English
KcdD3GVJzu0,Free Steam Wallet Codes - How To Get Steam Gift Cards New Method 2017,17862,English
XQI1b6VVb6g,ea,415096,English
sottGW1p5os,P!nk Carpool Karaoke,3621389,English
hBbtI0BH9wU,Telefoon (Full Song) Babbu Maan | Latest Punjabi Songs 2017 | Hey Yolo & Swag Music,807094,English
_HE4dvug1YU,2oK - Count On Me,52323,English
5nEogChRGE8,Donald Trump Jr. and WikiLeaks; Trump Meets Duterte: A Closer Look,1451881,English
PMFZl9WQL-E,猎场 | Game Of Hunting 18【TV版】（胡歌、張嘉譯、祖峰等主演）,127747,English
cmoknv58jjE,FLIPPING OVER SUPERCAR! *GONE VERY WRONG*,1803724,English
I1iSrCtZb7w,Roy Moore Was Banned From A Mall And YMCA,788000,English
n2K4II8N6r4,UNE HISTOIRE DE FABLES ! - LE RIRE JAUNE,1177957,English
8hKbIhrb1WU,Kim Kardashian Lets Gender of Third Child Slip,1559003,English
RnsAZzsdI1U,Fox News’ Shep Smith Methodically Debunks Uranium One Conspiracy Theories,381026,English
SfFKLEOOh2A,NERF Dungeons & Dragons Challenge! [Ep. 4],313325,English
bg3hJuBtE-8,"Naachiyaar - Official Teaser I Director Bala I Ilaiyaraaja I Jyotika, G.V. Prakash Kumar",1621002,English
hpapqEeb36k,Pumpkin Pie - You Suck at Cooking (episode 68),387902,English
Rh7bFsjFQ1k,YOU'RE LYING!!! Jeff Sessions GETS DESTROYED on His Russia Lies & Trump's Russia Ties,193382,English
TWpt-ze_cYU,"You, but in emojis. (YIAY #375)",808317,English
e3cAjHLA-iU,Il fait la statue et échappe à la police pendant une perquisition !,5386,English
Ehke7aPI9l0,"Kurt Angle & The Shield lead a Raw raid of SmackDown: SmackDown LIVE, Nov. 14, 2017",3715529,English
Gc_BnMrFhPc,Arnold VS Megalodon,714815,English
5LI5VMbJVOc,Why Was Roy Moore “Banned From The Mall”? | The Daily Show,155875,English
jO5U167y9xU,Yaaran Da Yaar | Harf Cheema | Deep Jandu | Sukh Sanghera | Latest Punjabi Song 2017 | Speed Records,821704,English
MbSlZKzizxQ,Bangarang - Nostalgia Critic,240897,English
b8IN0tY3fus,LES PIRES PUBLICITÉS,558307,English
lTshJ-2GVKM,Drake interrupts Australia show to tell fan to stop touching women,11914,English
Z5mu5s_yDwU,"Stephen Colbert - Nov 14, 2017  : Sessions In The Hot Seat !",177233,English
gki23QL3TlI,"WHY MANNY MUA LEFT JOFFREE (ALL EVIDENCE) + Nikkietutorials, Laura Lee & Jaclyn Hill Makeup",126547,English
ycrmp8eEAGY,"Jimmy Kimmel monologue 11/14/17: Sessions Testimony, Don Jr. Wikileaks",161482,English
8WfHX9Q8S6w,வாணி ராணி - VAANI RANI -  Episode 1418 - 15/11/2017,291634,English
UdcOGSOnEDM,"Young Dolph Speaks On Issues With Yo Gotti, Family Struggles + More",539148,English
xotnmcmktLw,Baited! Ep #29 - FaZe Banks tells it all!,124458,English
7xQ6WkiNCvk,"Deivamagal Episode 1389, 15/11/17",564551,English
nFSMvRWLap8,Live with Dr Shahid Masood | 15 November 2017 | Nawaz Sharif | Ishaq Dar | Shahid Khaqan Abbasi |,158478,English
ZhCrQ5AEhpg,EPIC ART with KIDS ART SUPPLIES!?,345227,English
zKueZxfJalA,What ‘Dr. Phil’ Team Discovers In Kenya When Searching For Woman’s Boyfriend,40508,English
hMxSJ8RENqw,Lily's ART CLASS :D - temmie & scarra,144217,English
8Oz9ocSaY0k,The Voice 2017 Addison Agen - The Playoffs: Angel From Montgomery,254436,English
YcvB3cEEdJ4,Gabourey Sidibe's Classy Clapback At A Troll | The View,72049,English
_BVAJ3PXZ1k,The all-American fruit you've probably never heard of,534571,English
6u4S5hC1aWk,TOP 10 des THÉORIES DU COMPLOT les plus CRÉDIBLES,227565,English
RGBK8133YAE,Voyeur: Heating Up - PART 2 - Game Grumps,149076,English
dq6G2YWoRqA,OrelSan - Tout va bien [CLIP OFFICIEL],1267473,English
MMGrzOu1amQ,HOLO CAPPUCCINO | DIY Diamond Cappuccino test (maybe don't drink this?),864235,English
w5N2XLzit-E,I Built a Fort out of Red Cups & Spent the Night... It Was Funny AF (Sleep in a Cup House Challenge),411960,English
kEec9_Z5dXw,Le Coup de Foudre - Partie 2,939129,English
8KT1UCsOE74,Justice League - Movie Review,627820,English
2oGjBA0OcO8,The Most Insane Workstation + Gaming Setup,1279800,English
k1cA-Wh3Tc0,Peephole Reverser? | 9 Pointless Tech Gadgets!,623803,English
e1H0wbUQHwQ,Pennhurst Asylum - Q+A,367032,English
B-CDErvATh0,Rick's Rant - Jason Kenney,35112,English
2jNFymV3J-M,Terry Crews: Speaks Out On Being Victim Of Sexual Harassment - GMA,139558,English
ulaAK6XJX_I,"The Last Word with Lawrence O'Donnell - Nov 14, 2017 |",68011,English
i6UcDD9KtXQ,"Crime Patrol Dial 100 - क्राइम पेट्रोल - Ep 651 - Full Episode - 13th November, 2017",65122,English
LOFCVaHrZ4Y,Irish People Try Justice League Cocktails,103858,English
1dwytOnCfIg,National Clean Out Your Fridge Day with Matt | Fidel Gastro,12940,English
rhMFiuo3pB0,Dateline ID new 2017: The Dream House Mystery,52205,English
0J0KNjh4nAU,Super Mario Odyssey (Zero Punctuation),262736,English
Xu7ycyZWPiw,FURIOUS Showdown Between “Gordy” & Ungrateful Owner! | Kitchen Nightmares,202125,English
N3rcUtXjTA8,"“Meltdown!” Trump trolls UN Climate Conference, sends ENERGY EXECS",7742,English
PEv21CrTRSg,Avant d'être morte - Épisode 02,7966,English
kvLeLgb5Wyo,TRANSFORMERS: THE LAST KNIGHT -ralphthemoviemaker,128390,English
rO7QRg88Rmc,10 Weird Bottle Openers put to the Test - Part 2,333097,English
4W6qR78Yum0,The Lead W/ Jake Tapper 11/14/17| The stupidity of Donald Trump Jr.,45546,English
IkQhv4qzbc4,Decades of memories gone,3663,English
NjWiiT74hB0,Stephen A. Smith calls for LiAngelo Ball and UCLA players to be suspended | First Take | ESPN,535562,English
k_3rgt-h328,"McDavid, Oilers rout Golden Knights in 8-2 win",67136,English
4c84Y7cdM9U,Dizzy Baseball Challenge!!,284546,English
fx4TTAae-q4,6 ASTUCES pour SURVIVRE AUX ANIMAUX SAUVAGES,212206,English
hhtzBUFGfWM,Kuladheivam SUN TV Episode - 773 (15-11-17),154151,English
RZ54XSb_4oU,Vamsam - வம்சம் | Tamil Serial | Sun TV |  Epi 1335 | 15/11/2017 | Vision Time,121133,English
qIYWOtX3IQc,Attorney General Jeff Sessions Does The Right Thing And Pushes Back | Morning Joe | MSNBC,122087,English
Q6vkQG5KsDU,Toronto Raptors vs Houston Rockets - Full Game Highlights | Nov 14 | 2017-18 NBA Season,228385,English
6McpkcXk-Vc,Google Play Protect - The security system that never sleeps,190197,English
q0nZcgvDouc,《猎场》17、18、19、20集最全预告集合：郑秋冬私会罗伊人，张嘉译正式上线,73231,English
2xtjlcWrCf0,PLAYING PHONE TAG WITH DEVIN BOOKER! *Basketball Game*,194796,English
EnBfzD0HhtM,Argentina vs Nigeria 2-4 - All Goals & Extended Highlights - Friendly 14/11/2017 HD,2333278,English
6PUf1Rj4kpc,G-Eazy - The Beautiful & Damned (Audio) ft. Zoe Nash,1423971,English
tO5eH6oRMfw,Cleveland Cavaliers vs Charlotte Hornets Full Game Highlights / Week 5 / 2017 NBA Season,551409,English
ZptISqiTxsQ,Gotta See It: Chaotic bench brawl erupts between Flames and Red Wings,59846,English
KTO2cZt1c-I,"Juan For All, All For Juan Sugod Bahay | November 15, 2017",46381,English
JYnNlHQzYTY,DIY CLEAR PUMPKIN PIE,110153,English
rYHTbrXyT3k,"Q Clearance Patriot AKA Q Anon - Breaking Down the Coming Storm! HRC, Saudi Arabia, Trump & More",63079,English
c-UH1QiCEC4,한국 편의점에서 영국남자 조니가 요리를 하면?!,655758,English
TWKzDGCLI9w,OG Anunoby 16 Points Full Highlights (11/14/2017),7494,English
6Oxp49EtodU,Deweni Inima | Episode  203 15th November 2017,296324,English
luSR-VVs3m8,ULTIMATE SEPHORA GUIDE #TatiApproved,435391,English
pBIKPrWK7mE,Homemade Vs. Store-bought: Cinnamon Rolls,175637,English
KPV4Pac3muA,WWE Smackdown 14 November Highlights HD - WWE Smackdown 14/11/2017 Highlights HD,1502902,English
xo6EcR8xvFM,ARGENTINA vs NIGERIA 2-4 ● All Goals & Highlights HD ● 14 Nov 2017 - FRIENDLY,1327882,English
5fAM7PG8Jjk,Aisi Hai Tanhai Episode 3 & 4 - 15th Nov 2017  - ARY Digital Drama,314071,English
QfmIUoZej9Q,"Слуга Народа 2 - От любви до импичмента, 23 серия",467088,English
5khTN_EnAlY,（画在脸上的SEPHORA HAUL！)  红色秋冬新品妆容 | 小眼睛怎么hold住大热的红色系妆容？ft. Huda Beauty 九色眼影盘| AUTUMN MAUVE LOOK,40407,English
lzgQrHFDNLE,What Does A Cochlear Implant Sound Like?,177648,English
_fpyjYPnEGA,L'EMISSION - الحلقة 11 الجزء الأول,70493,English
YMLKPWDmvlA,The Flash 4x06 Ending Team Flash meets DeVoe,180487,English
UrykleUEkpY,"Street Food in Lombok - BEST GRILLED CHICKEN in the WORLD!!  Mataram, Indonesia!",163524,English
5lRwrPwp0eM,Muqabil   15th November 2017,24236,English
lzzavO5a4OQ,Most INSANE SSD RAID Setup – IT BOOTS!,387955,English
g1BUfk0dd20,Yung Dre ft V-Lo.. Guess Who (Studio session),7889,English
Ay3gshiguqc,[FULL]爱情保卫战：男友谎话连篇不可理喻 事事强词夺理惨遭拆穿 20171115【官方超清1080P】涂磊,18621,English
TyJMdoHaHyM,‘WACO’ Official Revelations Trailer Starring Michael Shannon & Taylor Kitsch | Paramount Network,955180,English
YyOcY4s05cw,Meek Mill Outrage,289277,English
w6ffL3PJ2Og,The Pizza Show: NYC's Other Boroughs,196775,English
i-PVtYfQutM,"Anderson Cooper ASKS Jason Miller, “Is Donald Trump Jr. a Complete MO_RO_N?”",79686,English
UwdLlnPaRAU,Tony Hawk Answers Skateboarding Questions From Twitter | Tech Support | WIRED,229515,English
YCtHcroNWLo,中国财长的三句话火了，亿万中产家庭愁大了（20171114第250期）,111484,English
asUeleSCSgw,Drop the Mic: Rascal Flatts vs Boyz II Men - FULL BATTLE | TBS,164870,English
ne3sgQNOaZM,2018 BMW M4 CS vs. 2018 Porsche 911 GTS - Head 2 Head Ep. 95,298675,English
d_WLZV5_x2w,10 Shocking Urban Legends That Turned Out To Be TRUE,86493,English
0ayARJdf7I4,018 Algebra Lineal 18-10-2011,1141,English
QjNapuOHoT0,[ENGSUB] 171115 MBC Weekly Idol EP329 with Super Junior - Yesung & Heechul fighting,90299,English
L3Yt3mi7bhU,"UKG: Labi ni Franco Hernandez, nasa Arlington Memorial Chapels sa Quezon City",319114,English
Qixn6GMy5_M,WHEN WE BECAME A COUPLE,30590,English
AXN0_eEo5-g,ANTI-HAUL Holiday Gift Set Edition! Not Worth Your Money!,277600,English
nqR7jkb3ehM,Good vybz only,1187,English
NTQkjhKoPbk,Jimmy Fallon CRIES During Taylor Swift's New Years Day Performance,294237,English
Sk5TFr-HOyE,Claire Makes Brûléed Pumpkin Pie | From the Test Kitchen | Bon Appetit,61215,English
n8yMMri5C8o,Tu m'aimes tu me respectes ! (feat. JHON RACHID - AUDREY PIRAULT) - Parlons peu...,186276,English
_oOymFaH7Gs,Official Kia Stinger Pricing,3090,English
wpIu93O1IGY,"WATCH: President Trump discusses trade, Asia trip",32029,English
NOjXOijfQTk,【六點半新聞】2017 11 15【高鐵一地兩檢通過】38票贊成22票反對議案獲通過/袁國強：無諮詢不代表漠視民意/民主派批評政府通過一地兩檢動議製造假民意/沙田蘇浙公學8名師生患肺結核,17051,English
YfIpOLtflWM,Raptors 45 Points 2nd QTR Franchise Record! James Harden 38 Pts! 2017-18 Season,206367,English
u5E1Z3Upmt8,"Tyron Woodley to defend his belt against Nate Diaz on Dec 30 at UFC 219?,DC on Volkan,Conor McGregor",347414,English
4XiCjg0E8Go,Ryan Bang greets Vic Sotto on air!,267039,English
p8XP7A7kvzM,Spill Your Guts or Fill Your Guts w/ Kim Kardashian,4722974,English
fRj34o4hN4I,"What's new, Atlas?",1603415,English
t1shnJT8NCY,"We Can All Do Better Than Roy Moore | November 15, 2017 Act 1 | Full Frontal on TBS",397983,English
coOKvrsmQiI,RAMPAGE - OFFICIAL TRAILER 1 [HD],2585193,English
I_ZMccfRt6E,猎场 | Game Of Hunting 20【TV版】（胡歌、張嘉譯、祖峰等主演）,112990,English
7GzgwKwGhKQ,DROPPING OUT OF AN EXAM PRANK!,337185,English
ssVrzoCgr_w,Sexual Harassment in Congress: A Closer Look,333089,English
qS6LoRYUdhw,What Is The Most Dangerous Drug In The World? ft. In A Nutshell (Kurzgesagt),329318,English
7Q59auc8ctE,Everything Wrong With The Dark Tower In 17 Minutes Or Less,554732,English
nRafaCcfrcI,73 Questions With Liza Koshy | Vogue,2935330,English
p9wE8dyzEJE,A Quiet Place (2018) - Official Teaser Trailer - Paramount Pictures,2336528,English
4zT9DsfIsP4,Roy Moore Still Has Robots On His Side,791834,English
16W7c0mb-rE,Emergence – How Stupid Things Become Smart Together,1164713,English
duRDizP0gHQ,Bob Saget Hiccups Uncontrollably While Eating Spicy Wings | Hot Ones,501670,English
KLQQAYneljQ,TEASER | DESIGNER | NIMRAT KHAIRA | DEEP JANDU| HAPPY RAIKOTI | HUMBLE MUSIC | RELEASING ON 20TH NOV,212803,English
lJFqvRwOiis,Walking while black,505886,English
lTQlbULOrCg,A New View - OnePlus 5T Launch Event Live,1028474,English
rOuSqjF9M8Y,Rhett & Link's Buddy System Season 2  (Official Trailer),324544,English
0O2IAz1E9Ts,Miranda Sings Hijacks a Stranger's Tinder | Vanity Fair,334497,English
PDlw1Tn-PVk,Cute Munda - Sharry Mann (Full Video Song) | Parmish Verma | Punjabi Songs 2017 | Lokdhun Punjabi,394281,English
LyqEhGyeF5g,HOTEL TRANSYLVANIA 3 Official Trailer #1 (2018) Animated Movie HD,323829,English
0oj_NpgyZ5Q,"24 HOUR BOX FORT IN THE FORREST SURVIVAL CHALLENGE! 📦🌲 Coyotes, DIY Gear & More!",313793,English
IFtFzBIPBFo,Fashion Photo Ruview: All Stars 3 RuPaul's Drag Race with Raja & Raven,141104,English
pOEzjT-SED0,Remy Ma - Wake Me Up ft. Lil' Kim,804363,English
qgVrs6lqhnA,Rhett & Link REACT to Buddy System S2 Trailer Post Pepper Challenge,136041,English
lmkRzT90LWA,The Sorting Hat's BIG Secret | Harry Potter Theory,95700,English
4T4mt9MuHEI,What will happen to Frank?,132315,English
2bAixXh2fU0,Destroying Unbreakable Phones!,177515,English
jKkOYEW7RvQ,Golden State Warriors vs Boston Celtics Full Game Highlights / Week 5 / 2017 NBA Season,685641,English
0KcvQpRdCzQ,OnePlus 5T Unboxing - Is This The One?,986574,English
KdgOhXgKZMo,Riverdale 2x07 Extended Promo Tales from the Darkside (HD) Season 2 Episode 7 Extended Promo,137072,English
iozi0XkOJG8,《爸爸去哪儿5》第10期完整版20171116: Jasper嗯哼默契满分赢比赛 篝火晚会爸爸团大秀舞技 Dad Where Are We Going S05【湖南卫视官方频道】,529568,English
FHl0nIdbiLA,The Problem with Lab Mice,655161,English
KstndSY3_-s,A Boatload of Fails: Throwback Fails (November 2017) | FailArmy,736556,English
Gb7xq3th3wM,TRY NOT LAUGH CHALLENGE #3 (Squad Vlogs),134340,English
gkznH1SpVec,i’m sorry,134235,English
pgjRX9oGF7g,Justice League - Movie Review,717731,English
fpxBxp9QKrk,"HELLO! Teaser - Akhil Akkineni, Kalyani Priyadarshan || Directed by Vikram K Kumar",1532904,English
sbA54L19Yrk,急诊科医生 | Emergency Physician 32（张嘉译、王珞丹、柯蓝等主演）,139552,English
q-lY3912MD8,Stuffed Rolled Steak - Retro Recipe Review - brutalfoods,109878,English
WBfOtfotvi8,"Toronto Raptors vs. New Orleans Pelicans - November 15, 2017",10164,English
5EBDXsTkg1E,"Priyamanaval Episode 866, 16/11/17",416189,English
l3xmc0pzzJI,I Tried Period Yoga Pants,1276326,English
ixxR3ZoqnF0,BTS (방탄소년단) 'MIC Drop (Steve Aoki Remix)' Official Teaser,3483755,English
PMvQ81VbwMA,#GiveAToast with Connor McDavid on November 20,7610,English
Lxet1zLBTM8,Top 5 OnePlus 5T Features!,1117997,English
LiwBZ_zCvEc,"Jimmy Kimmel monologue - Nov 15, 2017 Trump Water Scandal",244039,English
lVsogHpzi9g,The Voice 2017 Brooke Simpson - The Playoffs: It's a Man's Man's Man's World,320851,English
BlVJWZMhg7E,How-To Cook Breakfast Hash with Matty Matheson,111329,English
Z6DpdCkUvQc,Can We Go Vegan?! PT.2,75479,English
9PhM-zCmTFs,DIY - Simon's Cat  | NEW BLACK & WHITE!,178977,English
YRnFAW2q7y8,LAURA LEE KICKS OFF WITH THOMAS HALBERT - CATS PAJAMAS EYE SHADOW PALETTE MAKEUP,68998,English
VwpYuT2cr9I,SIMON COWELL STOPS THEM and Gives SECOND CHANCE! TOP Simon's DISCOVERY MOMENTS?,68352,English
QxZOFLIrdtk,"The Mercedes CLK DTM Is the $450,000 Supercar You've Never Heard Of",470398,English
aG1TCwWFXBE,《猎场》第21、22、23、24集最全预告集合：熊青春移情旧人去英国，惠成功跳槽,41504,English
WhnHKIT9124,வாணி ராணி - VAANI RANI -  Episode 1419 - 16/11/2017,276824,English
KH-NMuBWQWE,Try Not To Laugh - WE BACK,132088,English
tkE45g7vXA8,How North West Is Handling Being a Big Sister Again,169967,English
C00ovmkoFUY,LONG DISTANCE RELATIONSHIPS - Lunch Break!,28513,English
LkOsgh5kcgQ,Exiled Chinese Billionaire Uses YouTube To Wage A War On Corruption (HBO),135510,English
x3-C132jLvs,100TH EPISODE! - ICE CREAM CAKE CHALLENGE! | College Kids Vs. Food,277980,English
LvaUaOfX4_o,"UCLA Basketball Players Admit To Shoplifting In China, Thank Trump | The View",46254,English
lEver6wnmB0,"Sean Hannity 11/15/17 - Hannity Fox News Today November 15, 2017",67378,English
WQe7SE3D7WE,"Internet - 1, EA - 0",73765,English
urk_kp76RoI,"Anime Crimes Division: Episode 1, ft. ProZD",205448,English
HaQvKU-GX1k,THE MINI TAKER VS BANANA MAN • WWE 2K18 Tournament,122728,English
9puSV26D5Sc,"Ex CIA- Robert David Steele - Trump Counter Coup In Play, Deep State, Pedophiles, Satanist Are Toast",118097,English
cWqI_jkv9KM,Live with Dr.Shahid Masood | 16-November-2017 | Nawaz Sharif | Ishaq Dar | Sindh Operation |,145581,English
1xzGmmWJmhU,52歲的劉嘉玲已經懷孕2個月了，梁朝偉高興的合不攏嘴?,50490,English
sJVMRcr-eug,PONY THE GLOBETROTTER + GRWM (With subs) - New York 포니 더 글로브 트롯터 + 겟레디윗미 - 뉴욕 편,394069,English
GHPh5ED7mlo,Daldal Episode 14 HUM TV Drama - 16 November 2017,187691,English
jyn_orqdyHQ,The complicated history of surfing - Scott Laderman,96846,English
j3sVkMYGejc,15 ÉNIGMES QUI METTRONT VOTRE CERVEAU À L’ÉPREUVE | Lama Faché,160816,English
GyxsClOeQl4,Gene Simmons To Women: Life Isn't Fair,80586,English
NBg_flmYUCk,Grey's Anatomy 14x08  Ending / End Scene Jo & Husband Paul - Hey Brooke Season 14 Episode 8,28939,English
EEIP1YpFXrE,Our First Date,463992,English
42M31YliUok,2017년 11월 16일 (목) 뉴스룸 다시보기 - 최경환에 '국정원 특활비' 전달 정황,117628,English
Qzsnda62XLc,5000HP DEVEL SIXTEEN !!! * CRAZIEST SUPERCAR EVER*,794338,English
QW9dpUP74JE,"Woman Whose Mom Left When She Was 13 Says, 'I Have A Very Negative Outlook On Life'",28632,English
H6jFmjad37s,Corey Feldman Reveals the Name of an Alleged Abuser,324707,English
pauGHTsGrD4,"Manja: Sony Dhugga, Deep Jandu (Full Song) | Latest Punjabi Songs 2017 | T-Series",216137,English
rkozDD9ARJI,"RHOBH: Official Season 6 First Look - Beverly Hills Is Back, Baby! | Bravo",41065,English
rFkoepYzjzk,"Kim Kardashian West greets the audience on “The Late Late Show with James Corden,”",479263,English
QqAK822pdYw,Nick Jonas Answers the Web's Most Searched Questions | WIRED,51461,English
2McDKO-E3Pg,"Skip and Shannon react to Joel Embiid's 46-point, 15-rebound night vs the Lakers | UNDISPUTED",243083,English
8iAOtfNzjS4,Alabama Voters Continue Deliberation On Senate Candidate Roy Moore | Morning Joe | MSNBC,107088,English
QiLQjEtKe3M,Teri Raza Episode 20 - 16th November 2017 - ARY Digital Drama,293017,English
5ORXcfLXuXU,Red Velvet 레드벨벳 '피카부 (Peek-A-Boo)' Teaser Part.2,916731,English
LDzBX_zj9hg,CELEBRACIÓN CON LLANTOS DE LA SELECCIÓN PERÚ TRAS CLASIFICAR AL MUNDIAL LUEGO DE 36 AÑOS,655537,English
qBe3pYZ47ds,"Found Possible Human Bone, 2 Knives and Diamonds Underwater in River! (Scuba Diving)",95216,English
nVTNrp1RuEI,Nicki Minaj's Paper Magazine Cover,94640,English
I7p52SKOGZE,Avant d'être morte - Épisode 03,8018,English
qAsSsCZvBuw,SootHouse Fixes Your Life #1,52570,English
xOjlzuWakD4,"Слуга Народа 2 - От любви до импичмента, 24 серия",487929,English
DB2qwfBeV1g,This Healthy Tiny Home Gives A Young Family A Bright Future,40266,English
TN5jzDgORqQ,KUWTK | Kris Jenner Brings Her Personal Scribe to Lunch | E!,325333,English
tl_1Fgs2fy8,Budweiser | One Last Ride,317426,English
7uLWqykxqjY,Golden Knights Goalie Injuries,60282,English
kHqFkIgVF3c,How to Build a Paint Stick Puzzle Box,310494,English
6epjkX1sr2M,What To Buy HER: Christmas 2017 | FleurDeForce,129777,English
jG1JY0rt2Os,Fall Out Boy - HOLD ME TIGHT OR DON’T,1884763,English
Aer1Z3pyEC0,BMW M3 - Everything You Need to Know | Up to Speed,206823,English
Rd8UD7WUIr8,Tibo InShape - Papy InShape (clip officiel),670446,English
R9kODgFr4Fg,Jason Momoa Made A Grave Mistake While Shooting in Ice Cold Water - The Graham Norton Show,39133,English
JOSvINrYh-c,2017.11.15新聞深喉嚨　否認錄音檔喬24億說　府：不受犯罪嫌疑人影射　能撇清？,138609,English
8MrMKdb_PxY,"CNN Panel ERUPTS When Paris Dennard  Pokes Fun at Jeff Sessions MEMORY, I Cannot Recall",57741,English
ITQZ2OrIBNk,How to Make Plasma in Your Microwave ... With a Grape,92629,English
SDvfbvuJtS8,A Perfect Circle - The Doomed [Official Video],181513,English
6VggjgfkCCg,#619【谷阿莫】4分鐘隨便認識即將上映的正義聯盟成員,217795,English
2r_nGjgqPE0,"Machine Gun Kelly, X Ambassadors & Bebe Rexha - Home (from Bright: The Album) [Official Audio]",102299,English
eOQpjvnm4ME,The Bipartisan Pastime Of Harassing Women,1291361,English
IEc_kJlrh7k,"Jimmy Kimmel Monologue 11/16/17 Kimmel Tackles Al Franken, Updates Roy Moore",287346,English
v1zIh-FJYGg,DE L’ACIDE SUR UNE POMME ? Will it dissolve,781343,English
TyHvyGVs42U,"Luis Fonsi, Demi Lovato - Échame La Culpa",18558186,English
PvQ8MdvtJUQ,Your Tooth Is Missing: Best Fails of the Week (November 2017) | FailArmy,1178020,English
ovXXvT0g6qY,"GIANT Ramen Challenge (vs Morgan) (3,000,000 Sub Video!)",625022,English
gUKIhe9DJpk,Stephen Colbert Monologue 11/16/17 - Al Franken,118429,English
HdSLKZ6LN94,Pasta | Basics with Babish,456491,English
5n9xafjynJA,Tesla Semi truck and Roadster event in 9 minutes,1158594,English
XlCHEONTqnc,WE ARE ALL GOING TO D1E.,2244679,English
S8kr0j1xNcg,【Full】《极限挑战III》第12期20171117：孙红雷张艺兴回忆杀 黄渤化身游客拍照不停 Go Fighting S3 EP.12【东方卫视官方高清】,215746,English
EmXiFUzz33c,Hells Kitchen Season 17 Episode 7 - Trimming Fat,54690,English
iE_bfDcy0iQ,What Does The Sign Say? (GAME),295577,English
OhgeXe_gJCU,Roy Moore's Fake News | The Daily Show,111389,English
5HOijUtExiM,The environmental cost of free two-day shipping,366048,English
i9GSF3ROa58,Green Day - Back In The USA (Official Music Video),646615,English
IkWxMG-JDk4,The First Doctor Enters The Twelfth Doctor's TARDIS - Christmas Special Preview - Doctor Who - BBC,271865,English
muzbUiBIZyM,Mythical Crew Undercover Interview,114688,English
oSaA3o62eZo,Sheldon parents taking Sheldon to family Psychiatrist,173225,English
Ae7rZuR9oBw,Equipe d'Algérie : Rabah Madjer - Maamar Djebbour c'est  le clash,90474,English
hf7z001WkJc,PANCAKE ART!! Did I FAIL or NAIL IT? (ft. HowToCookThat),559594,English
fvnjrNE5z7A,Origin of STINGS!,355233,English
8-u5nd2GqNE,The Secret Protocol for When the Queen Dies,544230,English
w8vsuOXZBXc,Paramore: Fake Happy [OFFICIAL VIDEO],823285,English
rP6518v8tAI,急诊科医生 | Emergency Physician 34（张嘉译、王珞丹、柯蓝等主演）,148438,English
tw4jkyfY4HE,Roadster,593849,English
h_SjAcQeU1A,Tesla Roadster 2020 Presentation Extended Highlights,880358,English
oDML-I8wUu0,《猎场》22、23、24、25集最全预告集合：郑秋冬误会罗伊人有新恋情，第一次猎头成功，闽京会面涂方至,61667,English
ctx4YBEdOxo,Let's Talk About Tesla Roadster 2020!,1210080,English
HoF3rq4qjtA,Leeann Tweeden Reads Apology Letter From Sen. Al Franken | The View,98810,English
6uJf2IT2Zh8,Red Velvet 레드벨벳 '피카부 (Peek-A-Boo)' MV,4340962,English
2dUzHR9JjLk,GIANT Skeeball!!,416061,English
j4QVVe5paHg,BTS Boys Reveal Fans' Weirdest Requests and More! | E! Live from the Red Carpet,102540,English
dZZMNEMQNUQ,"Priyamanaval Episode 867, 17/11/17",413234,English
JsrjuxqVA_8,Glitter Purple Sunset | Morphe 39A - Colourpop SUPERNOVA Shadow + NEW UD All Nighter Concealer!,204596,English
S04AFNVDISI,Voyeur: The Truth Comes Out - FINALE - Game Grumps,215077,English
4_geUW08phI,The Strangers: Prey at Night  - OFFICIAL TEASER TRAILER - In Theaters this March,329733,English
bFwRFDQas5A,Quand les YouTubers vous arnaquent ! (MISS BONGO),351347,English
P6YLNeYZ364,NERF Modded Gun Showdown!,256518,English
5nlG0svf9t4,COLLEGE KIDS REACT TO TAYLOR SWIFT - REPUTATION (Full Album Reaction),324300,English
TCXjLPtPMec,New Eritrean Drama 2017 Nabrana S02 Part 15,156809,English
PIp5xKRsSck,Time Traveler Who Has Been to The Year 2118 Speaks Out,181851,English
MeWSBEdzWyg,Avant d'être morte - Épisode 04,8703,English
qHpg70B5I1o,New  Eritrean film Dama (ዳማ ) part  14 Shalom Entertainment 2017,167696,English
3gKUzizcwKk,10 CHOSES INCROYABLES QUE SEULS LES RICHES PEUVENT ACHETER | Lama Faché,292011,English
gT6KRNu-MBs,Abandoned - Sears Canada,53164,English
w9VFq0OParA,DIY LAPTOP!!! Evan Builds His First Computer!  Coding with Kano!,175582,English
_9BgJQMUdwY,Golden Knights score three in the 3rd to beat Canucks,16708,English
MmvpbLdaIRs,"Mersal - Maacho Tamil Video | Vijay, Kajal Aggarwal | A.R. Rahman",878051,English
V7LeRxl59M4,[ FULL ] 林俊杰张靓颖“双J”同台飙歌 林忆莲神级演绎张惠妹经典 李荣浩“放狠话”改编神曲《梦想的声音2》EP.3 20171117 /浙江卫视官方HD/,64563,English
7qmt9rup6_I,Peposo - Tuscan Black Pepper Beef - Food Wishes,54458,English
Zk7SYvVEqk4,Inside the NBA: The Crew Reacts to Warriors Upset by Celtics | Game Highlights and Analysis,641173,English
r0fjzDUAas0,Femininity So Fragile,194720,English
d4OlDh-WkTg,[FULL] BTS (방탄소년단) - INTERVIEW With Jojo @ KIIS FM 20171117,164269,English
TuTQN7wV_BI,Papa Bad Buzz,486287,English
nONx_dgr55I,Elon Musk Reveals the Dream Truck: Tesla Semi.,488546,English
L5D1gia-b1k,Why President Donald Trump Could Be Brought Back Into Harassment Conversation | Morning Joe | MSNBC,175969,English
qIXRHXqLPOI,"Crime Patrol Dial 100 - क्राइम पेट्रोल - Ep 652 - Full Episode - 14th November, 2017",198605,English
k_YtadXMmD4,overprotective dog parent 2,51541,English
KJkFpBScnyo,Joseline Hernandez Drops A Weak Diss Track Aimed At Cardi B.,249592,English
XZZfxkbhy6U,VICIOUS Republican Tax Plan Passes House,107804,English
2c0s4Ix3ngc,گزینش هرات -  فصل سیزدهم ستاره افغان - قسمت ۰۳ / Herat Auditions - Afghan Star S13 - Ep.03,114743,English
Gd9JQAkcYak,New Tesla Roadster 2020 Unveiled by Elon Musk - 2017-11-16 [Full HD],534517,English
NYGw85JVPEE,CNN’s Chris Cuomo and Stelter Mocks Hannity’s Ultimatum on Roy Moore,100403,English
fPcnfGfE4So,Parents and Kids Play Truth or Drink (Duranged & Debi),203806,English
1MsENU8XLdU,FOR REAL (Mark Angel Comedy) (Episode 135),278147,English
w9b9TBAWWns,Should One Bad Apple Spoil the Holiday Party?,35741,English
UvE73kS7LG8,"Anes Tina Rani za3fane , راني زعفان",704358,English
FVxzk7t13HM,Titans vs. Steelers | NFL Week 11 Game Highlights,960271,English
Qf1xyI_iKWA,Why Are Taxes So Complicated? (The Musical?),81759,English
H0-UQQXDTYA,It's Showtime Miss Q & A: Vice and Vhong poke fun at each other during Miss Q & A,246852,English
owfWNfv5skg,뮤직뱅크 Music Bank - 피카부(Peek-A-Boo) - 레드벨벳 (Peek-A-Boo - Red Velvet).20171117,1568291,English
4KtTO-j8fB8,Drunk Irish People Try An Escape Room,98671,English
rugoBphAaIE,وزير خارجية فرنسا يصل الى السعوديه  وياخذ الحريرى وعائلته معه الى فرنسا ومنها الى لبنان,240325,English
AmUjiyzZWJU,"Eat Bulaga! (November 18, 2017)",19484,English
thzDl4tfB28,抓到了！慶富父子進蔡英文總統府  一次搞定24億？少康戰情室 20171116 (完整版),204841,English
Naz3lZXpNqo,5 Grilled Cheese Recipes,288958,English
pxnmZ-VEBfI,Kuladheivam SUN TV Episode - 775 (17-11-17),146034,English
AwHB1xzk_Pg,Bendy: Chapter Four - NOW IN PRODUCTION!,244645,English
PzNPk8iksls,JRE MMA Show #1,592585,English
LgZBhEMk9Gc,Golden State Warriors vs Boston Celtics - Full Game Highlights | Nov 16 | 2017-18 NBA Season,288228,English
L_vwZ9HUfyQ,GORILLAZ ARE COMING HOME #HUMANZWORLDTOUR,149999,English
ptnyAECPXLQ,Warriors Blew 17 Pt Lead! Celtics 14 Game Win Streak! Warriors vs Celtics 2017-18 Season,490399,English
f4ZJ4Cwk_l0,BREAKING NEWS TRUMP 11/16/17: Hillary Clinton's email probe special status,138544,English
KzDNW4SCIJo,"Liangelo Ball, Cody Riley & Jalen Hill Comments on Shoplifting in China",358247,English
l7rQydyccKo,Sarah 'Huckabee' Sanders gets ANNOYED on roy moore questions & al franken leeann tweeden,186948,English
lSdku9gGJ_o,Arrow 6x07 Promo Thanksgiving (HD) Season 6 Episode 7 Promo,99726,English
Slz9KZWkPLU,The big bang theory S11 E08: Cherry on top,58678,English
OI-CgdW9rzU,Montreal,49018,English
nAUf2uCmGW4,"TESTING VIRAL INSTAGRAM SLIME TRENDS! RAINBOW GLITTER SLIME, INSTANT CLEAR SLIME, NAPPY SLIME + MORE",491410,English
rgfk4qFQC2c,"Golden State Warriors vs Boston Celtics: November 16, 2017",270451,English
00C_sCojB_g,GUESS THE FILM CHALLENGE!,608317,English
6ePMGIsp_Ew,Free Speech Protesters Can't Compete with Ben Shapiro Supporters at UCLA,207093,English
WZlcTAKA2-E,17 Funny Hacks That Work Magic,695263,English
SGMUlX2kfKY,Dropping an iPhone X Down 4000 FT Deep Hole! - What's In There?,438492,English
jdQssqNXea0,Q Clearance Patriot #4chan #QAnon Drops — The Coming Storm & Reconstituted Revolution #Oligarchicide,63336,English
QY-e7NKOYpI,BTS On Their Upcoming AMAs Performance: 'It's Unbelievable!' | Access Hollywood,102357,English
3zXWbNCaRtc,2017.11.16新聞深喉嚨　又是黃志芳！巴紐案搬10億　10年後幫慶富喬24億,157868,English
0CRgv61t4_o,2017년 11월 17일 (금) 뉴스룸 다시보기 - '다스 실소유주' 관련 첫 실명 증언,113575,English
ovEfotjoKek,Skinny Girl In Transit S4E8 : Bittersweet,57440,English
0FIJFl13H-I,2017.11.15郭文贵登上美国主流媒体HBO完美穿越防火墙，进入中国各大酒店,78677,English
1tVWFsd5nMA,趙薇黃有龍夫婦不服判決、反抗習大大、這陝西包子算老幾！,95253,English
Quvby2Me5CM,Surprising my Mom with Her Dream Car!!!,230412,English
02GLW30OeLc,Treat Yo' Self: MOST EXPENSIVEST (Full Episode),1129476,English
BQ_0QLL2gqI,"Hailee Steinfeld, Alesso - Let Me Go ft. Florida Georgia Line, watt",751525,English
ZJDMWVZta3M,Incredibles 2 Official Teaser Trailer,4746854,English
0s6-iFoCFNQ,Gordon is Served “The Weirdest Pizza I’ve Ever Seen!” | Kitchen Nightmares,794755,English
gN_L27itbTA,SQUEEZIE - FREESTYLE DE L'AUTODÉRISION,1914518,English
4V38pzhWwCo,Post Malone Discusses Lil Peep's Death,1785835,English
JQb3ICATNTM,Manchester United vs Newcastle 4-1 - Highlights & Goals - 18 November 2017,2331121,English
tr1Loa7r7sY,H3 Podcast #39 - Post Malone,555519,English
jUiP543q35k,The GOP's Bonkers 'Uranium One' Chart,704226,English
FGAfZ-PTaNU,"$1,977 Japanese Grapes",1135585,English
eeUMJ43bgi8,"Trump Nukes, Panama Papers, 2018 Democrats | Overtime with Bill Maher (HBO)",258437,English
E8B1c3NpLpc,Miss World 2017 - Crowning Moment,1865674,English
xw7SOhiADDE,PRESQUE ADULTES EP8 - LE VIEUX MONSIEUR,1245237,English
NMU0XukMr3E,猎场 | Game Of Hunting 22【TV版】（胡歌、張嘉譯、祖峰等主演）,132510,English
hPQLUjdtsSY,《猎场》23、24、25、26集最全预告集合：郑秋冬罗伊人共患难,64980,English
QGxeUUR7E2Q,RWBY Volume 5: Chapter 5 - Necessary Sacrifice | Rooster Teeth,438038,English
Y3kCx30VhjE,All You Can Eat SEAFOOD Buffet & LUXURY Dim Sum in Taipei Taiwan: Taiwan Food Tour,194738,English
Tg9ECyMwuXI,"The Last Word with Lawrence O'Donnell - Nov 17, 2017",72297,English
imCgDwq9esc,Tawag ng Tanghalan: Vice shows his armpit,413551,English
oB7ElnIr1AQ,"Maxime Villemaire, Marc-Olivier D'Amour et Francis Meilleur se battent contre la foule!",6587,English
xegLxMmC7Rs,Real Time with Bill Maher 11-17-2017 | November 17th 2017 HBO Tonight,115206,English
cmc8q2dcIMs,Jaden Smith - Icon,653604,English
i83IGtDF8lI,Et Si Vous Descendiez au Plus Profond de L’Océan ? (en 360s),315834,English
4UvDbs-aehU,DRAW MY LIFE – Je dessine ma vie,8584,English
X5sJ81nGZuc,LA Clippers vs Cleveland Cavaliers Full Game Highlights / Week 5 / 2017 NBA Season,1962534,English
3pHQgAxT0nQ,"Priyamanaval Episode 868, 18/11/17",377230,English
8wI9UHucyXA,FIVE STAR All You Can Eat BREAKFAST Buffet in Tainan Taiwan,75910,English
cH4E_t3m3xM,"Selena Gomez, Marshmello - Wolves",2959054,English
4lhABC1AJQ0,急诊科医生 | Emergency Physician 36（张嘉译、王珞丹、柯蓝等主演）,153258,English
PliRMGvytnA,Drug Store Nail Powders FAIL (what the Sally Hansen?!),1339902,English
v6ieO1vn4c8,【FULL】王俊凯古装上阵变身小皇子演技大爆发 章子怡惊艳旗袍造型对战周一围上演虐恋《演员的诞生》第4期 20171118 [浙江卫视官方HD],161110,English
ZfxyQVYtAmw,Ear Camera?| 10 Strange Tech Gadgets!,344878,English
60nDlMw5vFQ,"The military coup in Zimbabwe, explained",396346,English
0ZTH_uVR8k4,SEASONAL LIFE EXPERIENCES • AMAZON PRIME TIME,175735,English
w1s5ElKmQm4,Half in the Bag Episode 135: Justice League,196691,English
vWkKZLtfH20,◇Daang Full HD Song Video◇Mankirat Aulakh Ft. Mix Singh◇Latest Punjabi Song 2017◇Daang Video◇,114503,English
KLMcxlT8zEQ,"Andersen, Nylander lead Maple Leafs to 1-0 OT victory",33653,English
om-_yJaSW_Y,GET READY WITH US  Feat: JACLYN HILL & MANNY MUA,523258,English
2ZjqH4cP-cw,CONFIRMED: Marines Land At Langley To Stop Coup - Hillary Worried Over Indictments,149731,English
oET5srqwXGc,"Rachel Maddow Show Nov 17, 2017|Rachel Maddow MSNBC Show 11/17/17",75478,English
VD1QOLIhvzA,"Giọng ải giọng ai 2 | tập 7 full: Thu Thủy, Ưng Hoàng Phúc thỏa thuận ngầm làm Trấn Thành tá hỏa",1828173,English
l7bt05YkRFk,Top 10 Hilarious Ripoffs Of The Most Popular Cartoons,291124,English
DCKYfSy832s,Another Top 10 Most Disliked YouTube Videos,137346,English
vUe5ouo95W8,《亲爱的客栈》第7期20171118: 刘涛郑佩佩李菲儿温暖重聚 清尘cp“再不吵架” The Inn【湖南卫视官方频道】,174834,English
6vamf1UUn4I,If Undertale was Realistic 14,352803,English
qniD1SHd42M,"New York Knicks vs. Toronto Raptors - November 17, 2017",8915,English
2h6k6eg_RmM,Best Cold Opens  - The Office US,131218,English
urOhWPAS8OI,A LONG EMOTIONAL NIGHT | Far From Noise,382304,English
NTPAau4KNPQ,Leganes vs Barcelona 0-3 - All Goals & Extended Highlights - La Liga 18/11/2017 HD,1875142,English
o5L6W0YoAd4,Making a Laminar Flow Nozzle,667573,English
ctWhgovItVs,Irish People Try Monster Energy Drinks,108146,English
WSEdCMHiUlg,Vamsam - வம்சம் | Climax Episode | Tamil Serial | Sun TV  | 18/11/2017 | Vision Time,194792,English
yQhHbLHJbqE,"Crime Patrol Dial 100 - क्राइम पेट्रोल - Ep 653 - Full Episode - 15th November, 2017",245419,English
XY5OYFc1tzU,If Hand Turkeys Were Real,171066,English
WrIbtWTMfVs,Aangan Episode 02 - 18th November 2017 - ARY Digital Drama,204945,English
4CzVVge1vuY,Avant d'être morte - Épisode 05,8976,English
X3mtWkiOgrA,Kuladheivam SUN TV Episode - 776 (18-11-17),140665,English
-MzKm69EKfs,Sudbury Santa Claus Parade 2017,2928,English
Wwjl0tmEyEM,"Eat Bulaga  November 18, 2017 (FULL) Juan for All - All for Juan Sugod Bahay HD",72797,English
Cw_l794Z4Gk,Offensive Interview Prank at UCLA!,247309,English
6ECoCQfG4C4,ANT WAR: BATTLE OF THE THREE ARMIES!,254724,English
X0ob2GwzRq4,I HAVE MY OWN STADIUM!!,298900,English
kPWgHPyCiZs,لايڤ من الدوبلكس الموسم السادس | حنان مطاوع | الحلقة السادسة (ج٢) كاملة,148843,English
YE0qGSCuHK8,JUST IN: The FBI drops MAJOR BOMBSHELL on URANIUM ONE that will put Hillary Clinton on the run,115938,English
FgnsA0ckebE,Ultimate Fountain Challenge #2 [Spicy Chocolate Fountain],310614,English
QhM93ENjMuA,"Duterte latest news November 19, 2017 | Duterte graces the launching of TienDa Farmers",28384,English
vwcbTeUQh1s,"LFR11 - Game 20 - Fredzina - NJ 0, Tor 1 (OT)",30515,English
gQ0QAUBjCK8,Unboxing GIGI HADID x Maybelline New Makeup Line! (Beauty Break),164837,English
OK3JWmE-UWg,Joseline v. Cardi B,364279,English
R3WNOu14wRE,Power Rangers Ninja Steel - 3 Red Rangers | Episode 20 Galvanax Rises | Superheroes,241973,English
ceItMiYZe9Y,Joe Rogan Experience #1041- Dan Carlin,527651,English
bMRs2hWIFak,Getting Over It - RAGELIRIOUS CAN'T CLIMB!,413204,English
lgs1Vynb31g,مسلسل عروس اسطنبول الحلقة 25 كاملة مترجمة HD,253583,English
YTPxJH7UNWw,Norm Macdonald Interrupting Conan's Boring Guests,172223,English
LDVXOo_HXKU,"Best Survivor Series sole survivors - WWE Top 10, Nov. 18, 2017",1188326,English
XeSzLkaGWko,UNSEEN STREET FOOD HEAVEN in China | BEST Street Food in the WORLD + BBQ Pork  & SPICY Noodles,146852,English
PCs5wrVFJjs,The Cutkelvins treat us to an original track | Live Shows | The X Factor 2017,83227,English
_wS7seijyks,TRYING FUN PUMPKIN SPICE FLAVORED FOOD,322818,English
ZaDWOLKPeBA,Rancho Tehama Shooter Had History,76865,English
RWJOWESeuHo,Let's Play NHL 18 Threes - End That Cat (#1),139021,English
nT_4mqJ7aQw,Don't remember,176432,English
9yjXC3Im4RQ,"Insecurity at the Off Grid Cabin - Doors, Firewood and an Outhouse",169321,English
pPpiBbWNUko,Live with Dr.Shahid Masood | 17-November-2017 | Nawaz Sharif | Fazlur Rehman | Ahsan Iqbal |,164313,English
NN6KOJiNvuQ,TVF's Tech Conversations With Dad | Generation Gap Qtiyapa,483363,English
9EbZBJZruAc,Cities of Myth: Crash Course World Mythology #35,43902,English
znKxu09P_H8,Star Wars: The Last Jedi Heroes (:30),226965,English
eDP_fVf4pz8,L'EMISSION - الحلقة 12 الجزء الأول,54654,English
5e76N2EF8qQ,Senselet Drama S01 EP23 ሰንሰለት ምዕራፍ 1 ክፍል 23,109029,English
JDjjyKtLP88,Khamoshi Episode 7 HUM TV Drama | 18 November 2017,204859,English
YTYXKQescCQ,"Richard Gutierrez, Wynwyn Marquez and Maine Mendoza at Bench Under The Stars",259043,English
dcipHnWcB0w,Kim Kardashian's Surrogate Didn't Know Whose Baby She Was Carrying!,567182,English
-3c-V5K2p88,10 Times Gordon Ramsay Actually LIKED THE FOOD!,163776,English
l6WSoijb8cY,How to buy a car without getting ripped off (Marketplace),26701,English
MDP_SdBI2wE,Karu - Official Trailer | Vijay | Sai Pallavi | Naga Shaurya | Sam C S | Lyca Productions,706353,English
HFi7o1JsDYs,Lil Berete ft Acerrr | Real (Official Video),16532,English
08yM19xTzAk,NHL18 GAMEPLAY - DAD VS RYAN - RANGERS VS GOLDEN KNIGHTS - QUINNBOYSTV,15263,English
P1zo1tGll2k,This May Be Ellen's Luckiest Contestant Ever!,803919,English
6xSt2G6AWgU,Tekashi69 Addresses his Sexual Misconduct Charges from 2014. He Reveals All.,263531,English
G9bqCd7sRg0,Otto von Bismarck - VI: Germany! - Extra History,175662,English
4VqH3Ecx2R0,Zvezde Granda - Cela emisija 07 - ZG 2017/18 - 18.11.2017.,39976,English
Xn3p_mHWoMo,MBETTEL - SAISON 2 - EPISODE 21,194837,English
fykxT-cWibM,Can You Break Glass with Your Voice?,70596,English
HVJ-9T0eUEE,Jatt Jaan Vaarda | Armaan Bedil | Sukh-E | Jashan Nanarh | Latest Punjabi Song 2017 | Speed Records,910398,English
Rh_iWXRxIY4,"How LOUD Is The Razer Phone? (vs iPhone X, Pixel 2 XL, Note 8)",556363,English
NpX3DZxAjSc,New Eritrean Series Movie : ኣየሰብ   -  Aye-Seb -- Part-one  -- 2017,80799,English
FpNfVihuuwU,Weird But Funny Moment With Angus And Malcolm Young From ACDC,24576,English
ai_UWoM37dI,R.I.P Arya,4575521,English
aKPz583WRpQ,Funny Japanese Game Show Slippery Stairs - Just Hilarious,602009,English
euaGS3tPRBw,Stephen Colbert & John Oliver Take Over The Stage | Night Of Too Many Stars | HBO,528802,English
3c0N9LzoEGo,Vivre avec son père (vu par Seb),1566953,English
g979wc6o9Ks,Chunkz ft Big Shaq & Team Alboe - GARDEN HOSE NOSE (Wolfieraps Diss Track),220455,English
DxhZiXuhzLg,猎场 | Game Of Hunting 24【TV版】（胡歌、張嘉譯、祖峰等主演）,122791,English
I64gOTEf31U,Vivre avec son Fils (vu par Lolywood),1586915,English
8mCcM-PUmLM,I Dressed Like It Was 1977,1174413,English
U-ml6ug1OlI,DO TEENS KNOW 2000s MUSIC? #10 (REACT: Do They Know It?),498567,English
T_su3F3aEjY,"INSTARWARS (tu perds, tu publies sur Insta)",1909709,English
GxkLy_mvGXE,Walk On Water/Stan/Love The Way You Lie (Medley/Live From Saturday Night Live/2017),1535199,English
W9LrfNfUrSI,NOTRE PREMIÈRE DISPUTE DE COUPLE !!,992247,English
oGxAUW1tSbk,Casey & Davis | The Marlar Wedding,208319,English
PmEph3evIHM,蒙面唱将猜猜猜第二季 EP12 铁血真汉子大张伟秀惊人默契 171119,142031,English
UhZ56rcWwRQ,A Wrinkle in Time Official US Trailer,165139,English
rynT6gpywWU,"Maple Leafs Post-Game: Auston Matthews - November 18, 2017",12205,English
2sW5doORhuY,TEENS REACT TO NOAH CYRUS,462672,English
Mof0nSLHxkk,"Andersen, Matthews lead Leafs past Habs, 6-0",54885,English
gcCECp-9krE,《猎场》25、26、27、28集最全预告集合：张嘉译羞辱郑秋冬，罗伊人挺身出来帮忙解释，熊青春不断骚扰郑秋冬,51960,English
rdFXddVsUuQ,iPhone X Review – Pushing Me to Android,670962,English
zMxIW7uwDGg,"DJ (Duvvada Jagannadham) 2017 New Released Full Hindi Dubbed Movie | Allu Arjun, Pooja Hegde",3098960,English
bQU9_Zdb-t0,Live with Dr Shahid Masood | 19 November 2017 | Nawaz Sharif | Asif Zardari | Maryam Nawaz |,155495,English
9cOoOcP9Ev4,Trump Goes Crazy By Jake Tapper Exposes Many Accused Pres.Trump Of S_EXUAL H_ARASSMENT,204640,English
Y0dWJtrirvw,急诊科医生 | Emergency Physician 37（张嘉译、王珞丹、柯蓝等主演）,169329,English
tClGIRj4rTo,Why Lonzo Ball Is HATED By His Own Teammates!! Lonzo Must Be Thrown On The Bench.,375889,English
dRrlWC4O2D4,This Week in Stupid (19/11/2017),231491,English
pC9dViGfJ2Q,Atletico Madrid vs Real Madrid 0-0 - Extended Match Highlights - La Liga 18/11/2017 HD,2029829,English
eHLspswcbFg,Big Enough For The Cat...,218737,English
7jNOiYlerIw,8 Weirdest Lighters Ever Made!,672764,English
z3_MAYSVfWc,La Reine Blanche - saison 2 - épisode 88,29113,English
qX5dEzTOQ80,"CRAZY SPICY Indonesian Food - Day Trip and Waterfall Adventure in Lombok, Indonesia!",193629,English
1ICc5DY38YA,Avant d'être morte - Épisode 06,10516,English
Did_MDVdCX8,RAW Team Vs Smackdown Team | WWE Survivor Series 2017,313377,English
cG0-oiy4scs,Rams vs. Vikings | NFL Week 11 Game Highlights,291062,English
g9SVWJm7eO8,WRESTLING PRACTICE • Behind The Cow Chop,153646,English
-Gptp_ui-Sg,Announcing Pokémon GO Travel and the Global Catch Challenge,212112,English
qbk8KKfy5MI,Malika LePen : Femme de Gauche - Expliquez Moi Cette Merde #10,501107,English
9srVA2F1pKY,Le Gaybecois (Artus) - Tabou #4,39354,English
nVAjY6pQZFo,Boston Celtics vs Atlanta Hawks - Full Game Highlights | Nov 18 | 2017-18 NBA Season,747529,English
rWOllhAi_lY,Golden State Warriors vs Philadelphia 76ers Full Game Highlights / Week 5 / 2017 NBA Season,1461658,English
6uN1eJwoL04,NEW K.O. RECORD! Zolani Tete Vs Siboniso Gonya 2017 11 18,37225,English
U6G2vCs9Ync,What Just Entered Earth's Atmosphere?,299761,English
WA_bzIx8X0k,"Crime Patrol Dial 100 - क्राइम पेट्रोल - Ep 654 - Full Episode - 16th November, 2017",154980,English
nyJP7Zfd9zQ,BREAKING NEWS TRUMP 11/19/17: Judge Jeanine - Answers on Uranium One,146794,English
RjA3-uJMiTw,"TRIPLE WOODWORK CHALLENGE W/ W2S, CHRISMD, MINIMINTER, TBJZL & MANNY!",340103,English
iGjGwJdGHVo,NBL Canada: Halifax Hurricanes vs St. John's Edge - 19 Nov 2017,2952,English
U44YLdW9AL4,The Horrors of Flavored Water,163980,English
wu7e4xPWaOQ,Can We Go Vegan?! PT.3,75341,English
6BtuCa2PgEg,Top 10 Actors Who Were Fired from Hit TV Shows,207117,English
NN7yRZT83pk,"NHL Power Rankings, November 18th Edition",8267,English
gEhWFTyDt-k,Power Rangers Ninja Steel - Final Scene and Madame Odius Survives | Episode 20 Galvanax Rises,410442,English
eGjmhLhp0ok,6 LIEUX de JEUX VIDEO qui EXISTENT VRAIMENT,242382,English
faJOpxEyTWk,Intégrale - On n'est pas couché 18 novembre 2017 #ONPC,87544,English
KmnElitrt5w,URGENT! BREAKING NEWS PRESIDENT TRUMP 11/20/2017 CLINTON,75193,English
tr7I4vokl78,Justin Verlander and Kate Upton Missed Their Wedding Because of the World Series,418595,English
btOXG_M49VI,Chris Tyson - Kickin Sh*t (Prod by Audio Cartel) (Ricky Racks & DShine,120900,English
4akzAls_eEA,"Duterte latest news November 20, 2017 | Duterte to Proclaim NPA as terror group",30470,English
hjiv5yxW8rY,Grace Davies dazzles with original track Hesitate | Live Shows | The X Factor 2017,101597,English
i_DA2Uze6GM,Awkward Game Moments: Don't Forget Me!,114933,English
Iedw80zKNnM,بولا يعقوبيان تخرج عن صمتها وتكشف تفاصيل لأول مرة تقال عن مقابلتها بالرئيس الحريري في السعودية,105060,English
5f0oKcvdGLs,"LFR11 - Game 21 - 6ix - Tor 6, Mtl 0",33945,English
PEv3SQSMtLw,Shield Vs New Day Full Match - WWE Survivor Series 2017 : WWE SURVIVOR SERIES 19 November 2017,561583,English
OZWZOvpx72s,DIY GIANT BUTTERFINGER!!,59491,English
sKIitlNHqVY,Alien Abductee Reveals The Grey Aliens Secret They Don't Want You To Know [FULL VIDEO],83321,English
2dDZcDhCwyQ,The Horrors of Flavored Water - Extra Sips,29999,English
ypc6PnSNl5Q,Délibérations 360 - 19 novembre,2794,English
FIxMhx2CLiw,Celtics Comeback Down 16 To Win 15th Straight Game! 2017-18 Season,278943,English
bU3AG_cIa24,Stephen Colbert 11/17/17: Hillary Clinton vs Sean Hannity,204852,English
w0OSb7FbXas,11.19 - Marines Storm CIA?/Fiji EQs/Uranium One/Netanyahu,41695,English
C05Go99AGI0,We Unscientifically Decide the Best Car To Make Out In,149107,English
mKa08dL9GH4,10 Awesome Opening Scenes In Otherwise Terrible Movies,142707,English
o304E6xDzcE,"Zameer: Aarsh Benipal, Harsimran (Full Video) Punjabi Songs 2017 | T-Series Apnapunjab",778605,English
df6tkZDkgo0,CRASH TEST : machine à crêpes,283969,English
Y1n8F4uClUU,FIA GT World Cup 2017. Qualification Race Macau Grand Prix. Huge Pile Up,1992282,English
-Wwv_5QBwfs,Tasty 101: How To Cook Perfect Chicken Breast Every Time,144002,English
e0DaE9kFC6Y,Hallmark Christmas Movie 2017 - New Great Hallmark Romance Movie 2017,62306,English
TyI_u0WKnkQ,Smashing Video Game Consoles!,123281,English
Z47fxU7psnQ,New Christmas hallmark movie HD 2017.The fake wedding in Christmas 2017,69110,English
XZaBfzGi3o4,REPLAY de la DEMI FINALE 2 de l'Afrique a Un Incroyable Talent   saison 2,26718,English
FaUDgQi-thQ,"Trump Slams Al Franken In Tweet, Stays Silent On Roy Moore | The View",271491,English
ojFLLEdXIXk,FOOD PREP HACKS » for beginner cooks,46672,English
XJPy9Wqe9us,ESAT DC Daily News Sat 18 Nov 2017,53441,English
NbafL24FFNA,The Shield Vs the New Day -  WWE Survivoar Series 2017,768171,English
fi-M8iKSw_8,Leicester City vs Manchester City 0-2 All Goals & Highlight Extended (EPL) 2017/18,376566,English
xURf8DxlEDo,You Can Break Anything If You Try Hard Enough - Off Topic #103,120278,English
mrGDAl2gD7A,Dimanche Tout Est Permis S01 Episode 09 19-11-2017 Partie 01,64196,English
hHcInn9TmXs,Woman texting whiledriving does not know shes being pulled over,72945,English
OCKBxmGHSlM,"Jon Jones has been exposed he doesn't even deserve to be in this sport,DC on Conor McGregor",216416,English
KYCIO30ecfk,美國三大社交媒體憑什麼封鎖郭文貴(《點點今天事》),70748,English
VJwoSfTOhyM,Water Bottle Flip 2 | Dude Perfect,3914524,English
nUv22OHdjQU,[HD] Christina Aguilera - Whitney Houston TRIBUTE At AMA's 2017,1136686,English
BrsoYVSgYQs,Why Feminists Are Disowning Lena Dunham Now and The Roy Moore Tax Reform Problem,892555,English
RmTAK5l_L5M,BULLYING JAKE PAUL!!,764099,English
3LK3AlnUvYM,The Best of YGS 100,693291,English
UJngK9Pfj_4,Kelly Clarkson & P!nk Everybody Hurts LIVE at the 2017 American Music Awards,993699,English
gv_d2UoJp54,DESIGNER | OFFICIAL VIDEO | NIMRAT KHAIRA | DEEP JANDU | HAPPY RAIKOTI | HUMBLE MUSIC,798010,English
fEjag-a7TyU,Georgia Dome Implosion  - TWC Camera Man Losing It LIVE,578128,English
ceq1gyuh9ss,猎场 | Game Of Hunting 26【TV版】（胡歌、張嘉譯、祖峰等主演）,116258,English
5GuPK6HTLaM,Survivor series 2017 | RAW Team Vs Smackdown Team 5 on 5,2314066,English
9-1n3y8p9fM,Rooster Teeth Animated Adventures - GoG Do Cats Know,453228,English
RzPk6VHPeDY,We Got Exorcisms,623222,English
zQOTP76uERE,Trump & Paul Manafort: Last Week Tonight with John Oliver (HBO),219726,English
TFmV1dPS_mQ,Our NASCAR Caught On Fire During The Race... {EMERGENCY},901202,English
hzaozYJLnrI,Pink - Beautiful Trauma - LIVE at the AMA 2017,388590,English
w2Es7-c9GAk,Selena Gomez Delivers Emotional First Performance of 'Wolves' at the AMAs -- Watch!,1257634,English
_7rvYV_YmaQ,Roi Na Ninja (Full Song) Shiddat | Nirmaan | Goldboy | Tru Makers | Latest Punjabi Songs 2017,2610053,English
-El8z4uy5Ac,The Best Movie Hell to End Up In - After Hours,327936,English
dIypnpzl6Wk,Guy Nantel à Tout Le Monde En Parle pour son spectacle controversé ''Nos droits et libertés'' TLMEP,27623,English
MXBMZblYeKc,《猎场》第27、28、29、30最全预告集合：曲闽京会面涂方至，郑秋冬贾一玫确定恋爱关系,69698,English
ZjKLItXpi1U,5 Ridiculous Movies with 0% on Rotten Tomatoes,347720,English
p2zUR4UpEM4,TURNING WORDS INTO PICTURES - Text to Art Challenge!,494138,English
CZgHbTfALLo,Taking Our A's and Putting Them In Your Q's...,113756,English
3k6RD9zVvpE,Musical Fiction | Rudy Mancuso,771332,English
AcyD9yszYy0,16 Best HIT Below The Belt Moments!!,438792,English
6LuHS7ZeSjE,EVERY FAMILY GATHERING EVER,582841,English
hPHffFAogVM,Diana Ross - American Music Awards [2017] [HD],225299,English
M8WDB3mKmHg,"Deivamagal Episode 1393, 20/11/17",619941,English
B-PVT_rclnM,Disarming Conversational Land Mines,353570,English
kj_INeVXuXU,Washington Wizards vs Toronto Raptors Full Game Highlights / Week 5 / 2017 NBA Season,211515,English
M92CFI-mO2s,Comment Awards 88,211987,English
0vTUmi56Jf4,வாணி ராணி - VAANI RANI -  Episode 1422 - 20/11/2017,325741,English
G_UHknhNbAQ,How job surveillance is transforming trucking in America,455289,English
-NeVYMH4hi8,Ghost Adventures S15E11 - Pythian Castle,117978,English
joJ-3cAjjbQ,BTS: DNA Live Performance @ American Music Awards 2017.,588418,English
UzJFrC2Te90,Ellen Gives Garth Brooks a Scare to Remember,458593,English
qlFnlzOoFgo,11.20 - New Q/Antarctica/MidEast Crumbling/Rothschild&Soros,97929,English
3HdfZKpbg6E,急诊科医生 | Emergency Physician 39（张嘉译、王珞丹、柯蓝等主演）,168063,English
GVORz_cd3q0,10 BEST Moments From 2017 AMAs,264174,English
Rk4NhRZvv2I,$125 Fake iPhone X - How Bad Is It?,269526,English
PCVtE3wRNPg,"Let's talk... YOUTUBE-MONEY, ZOELLA & PEOPLE CHANGING",452158,English
ft5aY1I22j4,Gravity is Overrated | Weightless,487894,English
wx-M8sxcOp8,Eagles vs. Cowboys | NFL Week 11 Game Highlights,1056220,English
PC1rmoEwIwQ,Live with Dr.Shahid Masood | 20-November-2017 | Nawaz Sharif | Saad Rafique | Abdul Qadir Baloch |,149205,English
VLU8dDtVk5E,Sau Ánh Hào Quang | Tập 8 FULL: Thủy Tiên từng muốn giải nghệ vì bị tung ảnh nóng (20/11/2017),692772,English
5GBgWKgczGI,ARSENAL v CHELSEA Football Challenge ft. Cesc Fabregas,912643,English
MGzNEPtwM6w,Road to the Runway: Episode 6 - Fittings,169111,English
je2XLen4ilQ,Full Libtard at American Music Awards 2017,269184,English
kMm-_KVfxS4,Linkin Park Gets Kicked Out Of The American Music Awards | Rock Feed,248198,English
W9Pqsc9VCsk,"The National for Sunday November 19, 2017",13786,English
zOgle88sKro,The German Town That's Literally Breaking Apart,372127,English
0OH8Uiy48RY,TVB 50周年万千星辉贺台庆 2017 11 19,151534,English
aVpvVq_yZLM,Second Woman Accuses Sen. Al Franken Of Inappropriate Touching | The View,108339,English
ggasfCOmQK8,Internet Comment Etiquette: Net Neutrality,211081,English
YkLzdHTv3G0,Explosm Presents: Channelate - Thankful,638074,English
AzTbV39-AuQ,10 Apocalyptic Survival Hacks,569124,English
85Htrxu6kks,"Crime Patrol Dial 100 - क्राइम पेट्रोल - Ep 655 - Full Episode - 17th November, 2017",196911,English
U5yKMTzxIVE,New Christmas Movie (2017) - Hallmark Christmas Movie Good & Great,52747,English
dz-i_VZonHk,2017년 11월 20일 (월) 뉴스룸 다시보기 - 이헌수 최경환에 직접 돈 전달,126961,English
fkjX072CTnE,Greenpeace threatens to call police on The Rebel for filming them,12686,English
qq6TAveKjlo,Miss World (India) 2017 - Top 5 Question and Answer,615664,English
ejJxEPvMshg,"Supergirl 3x08 Promo Crisis on Earth-X, Part 1 (HD) Season 3 Episode 8 Promo - Crossover Event",58919,English
imneybZIsvw,Kuladheivam SUN TV Episode - 777 (20-11-17),171686,English
HvErr0LdX7A,The Ferrari Boxer Was the Coolest Ferrari From 35 Years Ago,382916,English
bYgZHIHEULA,Christina Aguilera's Whitney Houston Tribute Makes Pink CRINGE! | 2017 AMAs,291413,English
wlS6Ix7mA0w,Anitta & J Balvin - Downtown | Official Music Video,4200368,English
89xMXhzrOdQ,"Kapuso Mo, Jessica Soho: Pagsubok sa buhay ni Lorelei Go",172316,English
nDEGbhHagtk,Seifu on EBS: Interview with Musician Tadele Roba | Part 1,55330,English
qPajgEXR1UM,【完整版】他們的友情經得起考驗嗎？藝人好友團真心話大會！2017.11.20小明星大跟班,107140,English
luZEZgZNFAg,Andy Makes Ultra-Creamy Mashed Potatoes | Bon Appétit,123251,English
iBy6XRHPODQ,Making The Grand Tour: Mark Webber's Driver Audition,451973,English
JYiNS7xzjZA,White House Counselor Kellyanne Conway Weighs In On Roy Moore Scandal | Morning Joe | MSNBC,65172,English
m6GitVKBS3c,Test Results Reveal the Toll of Anorexia,38200,English
v-cXArR7of8,"Kurt Angle threatens to retaliate against Triple H: Raw, Nov. 20, 2017",614817,English
KBi1D9Y_FP8,American Music Awards Fashion Recap,159988,English
YAzs-timxnI,Swag Se Swagat Song | Official Teaser | Salman Khan | Katrina Kaif,1628016,English
bWAwYW2UmzU,Rdat Lwalida - Ep 8 - رضاة الوالدة الحلقة,30330,English
hHT6BJ_CGU4,Khaani Episode 3 | Har Pal Geo,441753,English
pksUvEf8IMs,"R.I.P. The Internet, 1983-2017",266239,English
MKKfXke1Jkw,Qurban Episode 1 & 2 - 20th November 2017 - ARY Digital Drama,147891,English
_w2bBVFXyVg,Avant d'être morte - Épisode 07,8490,English
Pydyhus3Jqo,Spaghetti and Meatballs - Made Better,73129,English
8Z93q6pAcWQ,维密秀现场突发意外 奚梦瑶走秀时摔倒 原因竟是...【多角度】,32489,English
uhC_Yp7umLE,Ming Xi falls on Victoria's Secret Fashion Show 2017 at  Shanghai,167366,English
K6qcEZA92TE,The Voice 2017 Addison Agen - Top 12: She Used to Be Mine,60371,English
r8TvReaw3eQ,Deweni Inima |  Episode 206 20th November 2017,303544,English
gmYVhf6-gEc,BTS ARMY Fanchant That Was Cut Out Of AMA's 2017 (방탄소년단) 防弾少年,740800,English
X4wQLfMtKGM,"Maple Leafs Pre-Game: Mitch Marner - November 20, 2017",1730,English
gSD2hD_b2Jk,Julian Assange MOCKS Bill Maher On LIVE TV,53379,English
DcCA7O6P1u0,Grading all 31 NHL Teams at the Quarter Mark 2017,7440,English
bdmCAfFUC20,'Maci & Chelsea Discuss Drug Abuse' Official Sneak Peek | Teen Mom 2: Reunion | MTV,57022,English
XycGoUNcgEs,Raptors Avenge Only Home Loss! John Wall Sore Knee Wizards vs Raptors 2017-18 Season,158766,English
PZEuLfiZ5Uo,Selena Gomez Flashes Underwear & Is Booed At American Music Awards 2017,169232,English
UngXu2zwF9E,Don't Stop Believin' - Journey (ONE TAKE Vintage Postmodern Jukebox Cover),150215,English
bWpJ1A8gjts,NEW WAY TO EAT JAPANESE STEAK (Standing only) - Fung Bros Food,58497,English
ygJzW3kqo6c,"The Walking Dead 8x06 Trailer Season 8 Episode 6 Promo/Preview HD The King, the Widow, And Rick",79247,English
auonRc22IbE,Rated K: The untold story of the death of Hashtag Franco,454173,English
fdaFGfjfFeM,Paige Return Raw Attack Sasha Bank Bayley WWE Raw 20 November 2017 Monday Night Raw 11/20/17,154964,English
21AMukeXNIg,Demi Lovato Best.Cover.Ever. - Episode 1,269061,English
zeKHDsKjfoQ,Pranque : Le serveur amnésique 2,464220,English
ig6xEJ-g5ko,Seatmates on Air Canucks,5181,English
nrkX6GNbgbY,مسلسل الطوفان - الحلقة السابعة والعشرون - The Flood Episode 27,404383,English
tKEtvo38Lh4,90 Day Fiance S06E07 Welcome To Real Life,50820,English
pCHehwl9i9k,L'homme le plus connu du Dark Web,139860,English
MjYGgah15Kk,"A warning sent to Tyron Woodley and Conor McGregor,GSP vs Whittaker UFC 221?",233310,English
AhYL3rUfH90,TOKOMI WAPI DU 20 11 2017 BA NANI BA KOLO CONGO,37661,English
GezkCeOCoys,Joe Rogan Experience #1042 - Krystyna Hutchinson & Corinne Fisher,235654,English
eYA9mC6QrHc,洪宽推墙158：棒喝郭文贵（之一）,32819,English
NutIpzEpGE0,PROPOSAL BACKFIRES! WHY WHITE GIRLS DON'T DATE BLACK GUYS?,91997,English
vebNxWGotC8,FBI vs CIA - How Do They Compare?,270226,English
bu2LaqQaDjw,Marc Bergevin's reaction to Leafs goals,24478,English
CaQbyH28nNg,"Eat Bulaga  November 20, 2017 (FULL) Juan for All - All for Juan Sugod Bahay HD",111075,English
YAX_-jJX4G4,Christina Aguilera Vocal Fails? + ShadeFaces By P!nk/Expectators? Live AMA 2017??,177731,English
5d2-L1Jejpw,Gumraah Episode 22 HUM TV Drama | 20 November 2017,157711,English
v0ckHiILXLU,Returning Navy Sailor's Proposal to His Longtime Girlfriend!,26710,English
g2-DJ39h2ec,"CyHi The Prynce On Writing For Kanye West, Getting Out Of Def Jam, New Album + More",213574,English
TIQqb80eg24,BTS Sings Camila Cabello's 'Havana' & Shows Off Some Red Carpet Dance Moves! | AMAs 2017,1587706,English
-vS21V11Naw,FANTASY BATTLES - Terrible Writing Advice,66326,English
PvT9kn6bau0,不可思议：习近平的名字在《人民日报》头版消失（2017.11.19）,72127,English
_EvMYEfF_hQ,Stranger Things Cast Answer the Web's Most Searched Questions | WIRED,5670852,English
EBt_88nxG4c,P!nk - Beautiful Trauma (Official Video),2484089,English
CzmIrPvIzxk,Honest Trailers - The Emoji Movie,1043215,English
G4BxOhJOmUw,Binging with Babish: Rachel's Trifle from Friends,852717,English
OHOkdEBpwDc,"The Internet Is UNDER ATTACK, Net Neutrality is Dying, and What You Can Do...",890279,English
MbutUC4aTHA,Let's peep this out!  - Save the Squirrels Initiative,770692,English
2Nlo2ekTRvI,Everything Wrong With Cars 3 In 14 Minutes Or Less,918567,English
xD8PEJeqbfU,SNL: Chance the Rapper as a Clueless Hockey Reporter Interviewing Brady Skjei Skit Steals the Show,37007,English
DpAFgTXDR9M,LaVar Ball Didn't 'Give Thanks' To Trump,1018415,English
049D5r-rwbo,猎场 | Game Of Hunting 28【TV版】（胡歌、張嘉譯、祖峰等主演）,116690,English
mewW_pRSgEc,Trump Backs Roy Moore; Charlie Rose Fired for Sexual Harassment: A Closer Look,428069,English
0YZvOTas8h0,OUR LITTLE BROTHER VS SISTER GYMNASTICS BATTLE!,723917,English
0Rt329xQUjM,Brad and Sean Evans Make Cast-Iron Pizza | It's Alive | Bon Appétit,183935,English
6NAISxSPVSQ,Sofia Vergara Wants to See Ellen in Her Underwear,1002132,English
oFnEsXyPyNg,Cooking A Turkey In A Clothes Dryer,433105,English
srROr-M4OQ8,Drop the Mic: Charlie Puth vs Backstreet Boys - FULL BATTLE | TBS,272316,English
0KCh9ymU50k,NERF EXPLODING SODA!!,421279,English
piQobLkLRMk,"2 Chainz Samples $10,000 Air In A Can",328956,English
tEA_n4mmBok,"Paige returns to WWE alongside Raw newcomers Mandy Rose and Sonya Deville: Raw, Nov. 20, 2017",2051979,English
UrLey-pX7Bc,The DEADLY Physics of the Halo Rings! | The SCIENCE!... of Halo,530364,English
Ek0195TInzs,"Why The Right Is So Dishonest About American History - Some News (Thanksgiving, Football)",188779,English
bMIDH-bKAv4,"Priyamanaval Episode 870, 21/11/17",428452,English
Kl9whw8aN2Y,வாணி ராணி - VAANI RANI -  Episode 1423 - 21/11/2017,306473,English
pca-BHt8VsU,LaVar Ball CNN Interview: WHY Don't THANK President Trump? UCLA Father VS Cuomo BIZARRE Interview,450569,English
bWmpg6p8Cds,r/oldpeoplefacebook Top Posts of All Time [4],154261,English
qT2jBzf64ro,HIGHER or LOWER GAME (React: Gaming),359967,English
byLufx7Izfg,SOHNEYA (Teaser) Guri Feat. Sukhe | Parmish Verma | Latest Punjabi Songs 2017 | GEET MP3,702850,English
ECqYHv3LR7M,Ad Lib Dinner Party with Andrew Rea of Binging with Babish,77340,English
eZQdQ5pV6EE,TEACHING CASEY HOW TO VLOG,290800,English
RX9OYrMzuVE,Alif Allah Aur Insaan Episode 31 HUM TV Drama | 21 November 2017,349779,English
SLcM8Cis6oI,The Voice 2017 Janice Freeman - Top 12: The Story,249255,English
rbl05o8KNe0,You Are A FRUAD! Smart Woman EXPOSE Justin Trudeau In HEATED Argument,16829,English
TkOufDh_OYU,Oklahoma City Thunder vs New Orleans Pelicans - Full Game Highlights | Nov 20 | 2017-18 NBA Season,689014,English
S-qLTIFTQYg,Irish People Taste Test Weird Thanksgiving Food,129738,English
G_Pu00NmJfg,The Ultimate Nacho Showdown with Brad Leone and Sean Evans | Sean in the Wild,240168,English
1RrzxtmeIDM,Last Week Tonight - And Now This - More Of CBS This Morning's Awkward Sex Talk,181794,English
M6LTqtYKDtI,[OFFICIAL VIDEO] How Great Thou Art - Pentatonix featuring Jennifer Hudson,449077,English
3Yj6jXSXQLA,急诊科医生 | Emergency Physician 41（张嘉译、王珞丹、柯蓝等主演）,150907,English
KFaMZUarksA,Demi Lovato - Sorry Not Sorry (Live From The 2017 American Music Awards),690657,English
OHyMORrsaYk,We Need to STOP This,611573,English
vIInapwiY8k,INSULTS MATCH vs KSI,550813,English
avIzRWL7Jls,The Flash 4x07 Clifford DeVoe tells Barry his true identity,77848,English
UgCbs-um8a8,Live with Dr.Shahid Masood | 21-November-2017 | PMLN | Nawaz Sharif | PIA |,154089,English
sBzuH13jOrc,Charlie Rose Accused Of Sexual Misconduct | The View,106512,English
_dEuEkf0ezI,When Kickstarters Go Bad,190850,English
1Jm1FH26gNs,HANNITY 11/22/2017,87360,English
pOzMKakMpTU,Thunder/Young Dumb & Broke (Medley/Live On The American Music Awards - 2017),530152,English
vkHGedqmIPc,Two Love Stories,114917,English
8Br81mXFt_E,"Gypsy Rose Blanchard Was Born ‘Perfectly Healthy,’ Says Father Of Munchausen By Proxy Target",29720,English
4L-BPQVZYXM,Razer Phone Review: The Real Deal!,850117,English
7SS2Wfv78DQ,Kuladheivam SUN TV Episode - 778 (21-11-17),148005,English
H0uvmD8CSxs,LaVar Ball: What did Trump do to help me?,296589,English
jvaHa5m-V3Q,Cleveland Cavaliers vs Detroit Pistons Full Game Highlights / Week 6 / 2017 NBA Season,1670899,English
XHkAjUVoQME,My Birth Father in Russia didn't know I existed - This is our bond,193082,English
Ocy2UNGDEXo,Lady Gaga - The Cure (Live at AMA 2017),587028,English
GCPKJDNavIE,Death Date Announced For The Internet,76832,English
OChD3Wz2s6Y,IS JENNIFER IN LOVE WITH DOUG?!,121277,English
aZdkR_WhA5Q,"The Walking Dead: No Man’s Land by Inanna Sarkis, Hannah Stocking & Anwar Jibawi",907902,English
fbL1ZoAQgUU,First Interstellar Asteroid Wows Scientists,679202,English
ZyMByVSIEKE,Sevilla vs Liverpool 3-3 ● All Goals & Highlights HD ● 21 Nov 2017 - Champions League,749817,English
44szOPIixaU,Star Wars: The Last Jedi Tempt (:30),406955,English
uU3kLBo_ruo,The Nuclear Waste Problem,355773,English
pMSiunfo5IE,Stephen Curry Is Official Taste Tester for Wife Ayesha's BBQ Restaurant,205878,English
5TLANg1GC7U,CHICKEN GIRLS | Annie & Hayden in “Broken” | Ep. 8,1161029,English
7I8c75dj5r0,Pod et Marichou - Saison 2 - Episode 54,223827,English
7-i1fQmUkkw,Tyrese Is Still Acting Like Michael Blackson Is His Hostage | TMZ,282886,English
g_Z6cil3BBk,Stephen A. Smith reacts to LaVar Ball's CNN interview on President Trump | First Take | ESPN,391033,English
p1SOySMmMQ0,Omour Jedia S02 Episode 11 21-11-2017 Partie 03,54292,English
1xbt0ACMbiA,How the US outsourced border security to Mexico,219731,English
tSX7nA2a2n8,Sweet Potato Biscuits - Food Wishes - Thanksgiving Recipe,49423,English
kIupesLj7SA,And This Is Why He's Called Canadian Crime Minister,8072,English
4KiM_ng46dg,Found Old Cash Register in River While Scuba Diving! (Money Inside??),196680,English
CxC161GvMPc,What is the tragedy of the commons? - Nicholas Amendolare,160530,English
Ah7WUGALNhQ,"How to choose your Flex, Stick Height, Curve, and handedness - Kids Hockey Sticks",15398,English
AOK0peLFa2E,Deweni Inima | Episode 207 21st November 2017,318670,English
K0RoDKUlgo4,Mika: We Must Go After The Entire Culture Of Harassment | Morning Joe | MSNBC,56930,English
GwncXRkmut8,Newfoundland Kitchen Party in Toronto Airport,6334,English
Jts0uiY03iY,Falcons vs. Seahawks | NFL Week 11 Game Highlights,998737,English
rrijGc1GNK0,Sen. Elizabeth Warren's FULL INTERVIEW with Stephen Colbert,55309,English
UceaB4D0jpo,Post Malone - rockstar ft. 21 Savage,556200,English
I2RZinRpGTM,Halo Energy Sword Destruction (IRL),134189,English
CrW1L-obihw,MBETTEL - SAISON 2 - EPISODE 22,196938,English
HnFIGDyytYc,The Disaster Artist - Movie Review,127862,English
OWC86LPSSd4,【宇哥】豆瓣8.4高分人生必看冷门催泪片，宇哥都泪奔了！速看《焝纱》,115372,English
86fskzc_cic,CARBON FIBER HOOD FOR THE MATRIX!,186476,English
8SkCDP0muso,PSG vs Celtic 5-0 All Goals & Highlights - RESUMEN & GOLES (Last 2 Matches) HD,1188783,English
Id0pJM9AJTs,Mugabe resigns: activist breaks down in tears of Joy  - BBC News,154106,English
JXnHNSsceV0,"WANTED SA RADYO FULL EPISODE | November 21, 2017",63344,English
8eNZz9PTERg,"Stephanie Ruhle - Nov 20, 2017 | Kushner Told Campaign Staff to 'Pass'  on Banker Meeting",48507,English
JBYqV2sK918,"George Orwell's 1984, Part 2: Crash Course Literature #402",45754,English
EbuCLC_wVlM,Victoria’s Secret Model Sara Sampaio’s Easy Bombshell Makeup Look | Beauty Secrets | Vogue,270142,English
dEPk7vkzZ-o,習大大充公支付寶、馬雲限制出境、豬養肥該上菜了！,259003,English
6DOghnCV7G0,MIKE WARD SOUS ÉCOUTE #140 – (Phil Roy et Steven Paquin),20825,English
Cheo1P22cUU,Heathrow Bears Christmas TV Advert - #HeathrowBears,171563,English
6Za-UoM5CWs,VOITURES FRANÇAISES VS RUSSES - Daniil le Russe,589708,English
V-IKcfSDQSE,"Juan For All, All For Juan Sugod Bahay | November 21, 2017",54593,English
is7ereZfiRc,Stray Kids [6회] '적당히 해라 오늘' JYPvsYG 결전의 D-DAY! 171121 EP.6,111471,English
fc2ojoY8OYY,Autumn and Bruce...Beyond the Pine #15,100721,English
v7L0nvzmfdE,TOP 10 Hardest to Animate Things in Pixar,96872,English
ppqEXkWZDOQ,KUWTK | Kim Kardashian Warns Family About Copying Her Christmas Decor | E!,340859,English
QNRGjaQJ-Ig,我們在等待誰進去？官媒文章支持王岐山就沒事？政法官員家人仍收黑錢！（《點點今天事》）,69740,English
dFiTaEK8mqo,Why The Future Of DC Movies May Blow You Away,198398,English
JD42ICB08Vw,New to Netflix Canada | December | Netflix,21331,English
IzaHDSDihdg,Massive CD & DVD Mystery Box Thing 2 | Ashens,81873,English
fqtm0Zolt78,"Selena Gomez, Marshmello - Wolves / AMA's 2017",672153,English
YhNWlzvZGLg,"Tucker Carlson Tonight 11/20/17 - Tucker Carlson Tonight November 20, 2017 Fox News",52038,English
Zk3lpy5bjac,Skip and Shannon react to Lonzo Ball walking away from a scuffle against the Suns | UNDISPUTED,257863,English
ZyvDg_QGza8,"Gustakh Ishq - Episode 21 | Urdu1 ᴴᴰ Drama | Iqra Aziz, Noor Khan, Zahid Ahmed",79163,English
UnEti8vD5Yk,Victoria's Secret Model Ming Xi Falls on Catwalk,401271,English
8xs7MHze0hA,Masked Kyrie Irving 47 Points! Celtics 16 Game Win Streak! 2017-18 Season,389099,English
0Fo5rISAJAw,25 INGENIOUS NEW USES FOR SPONGES AND TOWELS,897452,English
TUxmF2OtwX0,Black Friday Deal Showcase - OUR TOP PICKS!,472499,English
iaXmsmUPabI,"ROY MOORE ACCUSER BREAKS SILENCE, TRUMP HASN’T",33867,English
Gcsv0Fajsdk,WHAT STAR WARS CHARACTER ARE YOU? (The Show w/ No Name),99336,English
eKMWvf5up9s,Jennifer Hudson & David Otunga Split,378704,English
iix0KMmXQBM,Trying Japanese Vegan Food,87899,English
B-AiYUk9tIM,"LFR11 - Game 22 - Raant - Ari 4, Tor 1",23972,English
i6ezQ77JC6k,Adrienne and Nick Cannon's Long Ago Date!,124847,English
fyR5WP_JgYw,【完整版】十二星座反應大調查　感情篇2017.11.21小明星大跟班,95734,English
pOHQdIDds6s,Jake Paul - It's Everyday Bro (Remix) [feat. Gucci Mane],2516904,English
hpBm14B0fFQ,Jake Paul DEVIL! #DramaAlert BTS & RiceGum? KSi EXPOSES Joe Weller Best Friend Elliot Crawford!,1387331,English
cHB_s970Uyw,The Poop In My Pants | Rick and Morty | Adult Swim,1980168,English
Z1rZAT2GtmI,Expiration Dates Don't Mean What You Think,1013330,English
BzEPpQKNod4,"The INSANE HQ Trivia Meltdown Explained, Why Gabby Douglas' Story Matters, and More...",684622,English
Ix7WYjwn5-A,I Bought Them a House!! - Roman Atwood's Day Dreams (Ep 1),1063140,English
zYX1bgxEAhw,The happiest day of my life,349459,English
89PKbJ2NAqc,Maroon 5 Busks in NYC Subway in Disguise,1134859,English
IM1oxebrsp4,8 Kitchen Gadgets put to the Test - Part 20,396453,English
B1XCBp5Qlec,Charlie Rose And 'The Crusty Paw',927209,English
my2477WF30c,War of the Commercials – Nostalgia Critic,236512,English
gLUzyAsf3Qw,Nobody likes you when you're 26,193583,English
On4YeAeHk1I,猎场 | Game Of Hunting 30【TV版】（胡歌、張嘉譯、祖峰等主演）,123949,English
y4uuSo2-NiI,DUEL DE PÉTANQUE,522525,English
frJ0-WL2YRI,Largest Plate of Thanksgiving Food Ever,369609,English
pCzEhJPg3pU,"Deivamagal Episode 1395, 22/11/17",621739,English
p4bwEbuCTM8,"CaptainSparklez, Mini Ladd, and OMGItsFirefoxx | You Posted That?",355281,English
x1H9YtGLwis,《猎场》31、32、33、34最全预告集合：胡歌跟袁昆争夺金融人才，胡哥通过罗伊人结识胡兵夫妇,71820,English
IDA-0AG0r3w,Le Coup de Foudre - Partie 3,984059,English
-4sU_AhRPY0,Ellen Teaches Sofia Vergara an English Word of the Day,1685189,English
V3EYjVPRClU,Sia - Santa's Coming For Us,684778,English
-D9n3mPCp-c,My Best Friend Is Dying,230335,English
GfUme1S5e0U,வாணி ராணி - VAANI RANI -  Episode 1424 - 22/11/2017,301636,English
Cm2dczXpBG0,Best Sushi in Japan - Tsukiji Tuna Auction to $300 HIGH-END SUSHI in Tokyo!,195383,English
0fNy_tWYkd4,Dramatic moment North Korean soldier makes mad-dash defection across DMZ,1595875,English
qTgDrI3_Ypo,HOW TO SLAY YOUR HOLIDAY MAKEUP LOOK!,685370,English
A0kABnQ2X8o,Nose Hair Trimmer Music | Is This An Instrument?,233969,English
8ZzMvu2h_NY,Thanksgiving Trivia! | WHO KNOWS THE ANSWERS?!,86574,English
uYvlA8y3kCo,Live with Dr.Shahid Masood | 22-November-2017 | Major Ishaq | Nawaz Sharif | Asif Zardari |,158220,English
J3n_RspaavA,Putting CAKE GLITTER on NAILS? (+ edible Diamond Cappuccino EXPOSED),889870,English
g-XBDvMWd1o,Stephen Colbert monologue 11/21/17 : Charlie Goes !,145027,English
l7VfDVVxiMM,Proto-Putty in Liquid Nitrogen & Other Crazy Tests!,589827,English
3HxgtQ4Wkd0,All Americans SHOCKED by Trump‘s stunning comments endorsing Roy Moore,97381,English
TCkl1eGmxTM,Pirates of the Caribbean: Dead Genres Tell No Tales,77884,English
_ahENVItQj4,"Thách thức danh hài 4 | tập 1 full: Trấn Thành, Trường Giang cười rung ghế với anh xe ôm cực chất",1097806,English
KF-N1naN1yE,"Here’s a Tour of an $80,000 Ford F-250 Platinum Pickup Truck",532968,English
DiisfKbdNb4,WSJ: Robert Mueller Investigating Jared Kushner's Foreign Contacts With Russia | Morning Joe | MSNBC,146603,English
cB9_r4HSIK8,Chris Tyson - Growth,198287,English
szxFDt-u5p0,Face Your Father,434759,English
_fb_IJcB9lw,People Who Took The Biggest L,519369,English
vO-3JsLPFWY,The 'Dancing With the Stars' season 25 finalists reflect on their time in the ballroom,64583,English
JfmotLDdFvE,We Tested GOOP Products,343344,English
mYSxQT5c2wk,STRAIGHT OUTTA MOHALI || JIMMY KALER ft. MISTA BAAZ & GURLEJ AKHTER  ||FULL VIDEO|| CROWN RECORDS ||,153860,English
1lGHZ5NMHRY,Holiday — Sway — Apple,259925,English
ON5YYRxcgVM,Dil De Kareeb | Garry Sandhu ( Song Teaser ) | Avex Dhillon | Relasing on 29 November,133590,English
0spvT8pdFKg,Kuladheivam SUN TV Episode - 779 (22-11-17),157335,English
TsTrjP2tSQc,漂亮媳妇要离婚 得知真相后全场观众都哭惨了 主持人更是仰着脖子不让眼泪落下！,88408,English
0dSR-9mtuzk,The Voice 2017 - Pitch Perfect 3 x The Voice Freedom! ’90 x Cups” (Digital Exclusive),245610,English
seTszU72yGw,6 PIRES FAILS d'APPLE,250729,English
baI7hxuBpQ8,Roswell - Q+A,278341,English
xU7uZ4a7aGs,"Alien Abductee Tells All: Inside UFO, Secret Bases On Earth, and more!",238587,English
3P4TiwewztU,Show Champion EP.253 KARD - You In Me [카드 - 유 인 미],283170,English
VS4GCpo9jB0,Ezra Levant: Trudeau welcomes 60 ISIS terrorists back to Canada,10301,English
uUOru0pwXO0,Roy Moore Met Wife At Recital? | The View,53347,English
39NGsvWkQWk,YOUTUBER WEAK-FOOT FOOTBALL CHALLENGE!,677210,English
dY40uNd5Gow,L'intervention,34641,English
kuerMygfIOw,Kylie Jenner Naughty and Nice Palette Tutorial with Hrush,881123,English
vNQ0QIX6N5g,Marty's Mira Build [Part 12],288178,English
HW5rdoqtTiQ,Jordan Peterson Was Right,138730,English
6u_COwFsg5g,"Crime Patrol - क्राइम पेट्रोल सतर्क - Ep 872 - Full Episode - 18th November, 2017",389390,English
RdrsGq8U0js,习近平的情人和婚姻都是政治的结果，家族全部移民巨贪巨腐【建民论推墙88】,80889,English
7DQ21or0zL4,Kellyane Conway Exposed Her Stupidity And Trump On Her Own Latest Statement | Anderson Cooper 360,131415,English
Kzv1fzYIJiE,TEENS REACT TO THEMSELVES ON KIDS REACT #4,162026,English
ovQ1VTJ_IUI,Gotta See It: Canadiens' Benn finishes check on brother Jamie with parents in attendance,174227,English
8Ll6eEJ_jBc,How Many Returning ISIS Fighters Are Under Surveillance?,6988,English
imv_Cz8V_LQ,"Golden State Warriors vs OKC Thunder - Full Game Highlights | November 22, 2017 | NBA Season 2017-18",116843,English
HkdoOyIRCj4,The Super Smartphone You've Never Heard Of...,966732,English
PG2w6N6GCsU,NUGGET in a BISCUIT 2!!,270247,English
LKp2gikIkD8,Weird Kids' Videos and Gaming the Algorithm,30360,English
IpSgGaSfPf8,The View November 22 2017 | Chef Rocco DiSpirito,19572,English
CtHttRKHboE,急诊科医生 | Emergency Physician 43（张嘉译、王珞丹、柯蓝等主演）,133652,English
-ZNmbKxeV7E,Haschak Sisters - Boys Are So Ugh,947466,English
_wdAQcTJZ-c,Rich The Kid & Trippie Redd Early Morning Trappin (WSHH Exclusive - Official Music Video),718255,English
de5PaIkO1G8,Friendzone (feat. JULIEN PESTEL) - Parlons peu Mais parlons !,199317,English
1r5POZln2Dw,WHAT I ATE TODAY + MY GUILTY PLEASURE,66040,English
QEgSzHPFlF4,ATLETICO MADRID vs AS ROMA 2-0 ● All Goals & Highlights HD ● 22 Nov 2017 - CHAMPIONS LEAGUE,359421,English
QGEB4jwTcDo,2017년 11월 22일 (수) 뉴스룸 다시보기 - '북한군 치료' 이국종 교수 인터뷰,120255,English
p-yIGS9eW-o,TOP UPCOMING ANIMATED MOVIES 2018 (Trailer),174916,English
RP3UsFrDJfY,Lady Gaga - The Cure (Live On The American Music Awards - 2017),605722,English
Up09AUDzLVI,I Invented a Real Gravy Train,151739,English
I6N-XuYllgA,"Jet Packinski Touches a Hairless Rat, Rooster & Other Weird Stuff in the Fear Box | Vanity Fair",630362,English
-RvZmYtfYTM,"Deep State Take Down, WW3, Indictments, Zionist Info War with Robert David Steele",96440,English
UmY82f1biHM,Rick and Ironworkers,6256,English
0GCFb8vO6xI,Deweni Inima |  Episode 208 22nd November 2017,324149,English
PtspnQA9YAo,【完整版】小明星民調排行榜！人夫的七大謊言！2017.11.22小明星大跟班,91973,English
VfAOl67WcLY,"The Walking Dead: No Man’s Land by Anwar Jibawi, Hannah Stocking & Inanna Sarkis",619503,English
bni2fuOmiXo,"The Last Word with Lawrence O'Donnell November 21, 2017 | Lawrence O'Donnell MSNBC Today 11/21/1",41217,English
4YrWCRKy4mI,浙江卫视热播《我的！体育老师》18——张嘉译，王晓晨主演,19711,English
uFDzbOjUfbw,让郭文贵自己说说，为啥郭七条里面不反习主席！ 小哥谈政事11/21,50603,English
XNgvvgDiB5E,L'EMISSION - الحلقة 13 الجزء الأول,62947,English
vm1MHePQXUI,Should the Lakers already regret drafting Lonzo Ball? | UNDISPUTED,236863,English
J3wBjUoiWzM,Aisi Hai Tanhai Episode 5 & 6 - 22nd Nov 2017 - ARY Digital Drama,382246,English
WdkWHDTYSfY,John Oliver video of Charlie Rose is extra creepy now,92109,English
09lz1fRBBsY,LIL PEEP x MONTREALITY ⌁ Interview,129882,English
-kPFIbcfxog,Build the Perfect Gaming PC – Holiday Buyer’s Guide 2017,275165,English
DoN3RwEUMvU,VEGAN LEEK GRATIN | hot for food,28885,English
r5r5ocJoLGA,【宇哥】豆瓣9.1高分赤祼祼揭露人性的神片，你绝对没看过！！细思恐极的惊悚片《墓友》,95456,English
sWqJpbITPMg,Live PD: Meth Dealer Confessions (Season 2) | A&E,107367,English
C-5qa_kdxVU,"【NBA】Golden State Warriors vs OKC Thunder - Full Game Highlights  Nov 22, 2017  2017-18 NBA Season",288515,English
sJuomOEUvDU,27 Travel Hacks Everyone Should Know,1311107,English
yior8V9DfKQ,Rejected on Thanksgiving (brutal),119664,English
_rnXqVRBuLo,مسلسل الطوفان - الحلقة الثامنة والعشرون - The Flood Episode 28,374886,English
eowaHzGVTgk,Best Dish You Can Cook?,24276,English
jXm3XPYH_UU,Omour Jedia S02 Episode 11 21-11-2017 Partie 02,124670,English
I8TVdFbFMg4,BEST Black Friday Tech Deals 2017!,259918,English
iTc3hbQmW5w,iPhone X - J'ai eu tort !,267207,English
D71AcN3P31k,TOKOMI WAPIDU 22 11 2017 NANI AZA RESPONSABLE YA MAKAMBU EZO LEKA NA LIBYE?,23672,English
LgVi6y5QIjM,Sing zu Ende! | Gesangseinlagen vom Feinsten | inscope21,252786,German
Bayt7uQith4,Kinder ferngesteuert im Kiosk! Erwachsene abzocken - LUKE! Die Woche und ich | SAT.1,797196,German
1ZAPwfrtAFY,The Trump Presidency: Last Week Tonight with John Oliver (HBO),2418783,German
AHtypnRk7JE,Das Fermi-Paradoxon,380247,German
ZJ9We4bjcg0,18 SONGS mit Kelly MissesVlog (Sing-off),822213,German
xapGFgWqtg4,Geld verdienen mit Online-Umfragen? Geht das wirklich? 😱,32709,German
EIM7RMe39JY,Kanaken auf der Klassenfahrt,308683,German
PaWTaj6Iie0,3 unbekannte Gesichter von Film/Serien-Charakteren (die wir enthüllen!),181660,German
GHct2dGNLks,Antoine leiht Auto von Ernährungsberaterin,369173,German
aZYSFByDGkg,Legenden: So wird dein Ruhm unsterblich - Fame Academy | WALULIS,62418,German
2hu_evXPpMM,Dagi Bee wird Heiraten | Coldmirror bekommt Ehrenpreis | YouTube Trends,228574,German
2Zp-Qm3wJkA,JP Performance -  Quetschen wir den Japaner mal aus ! | Lexus RC-F,465883,German
mmMPprcmJeA,Diese Schlafposition solltest Du unbedingt vermeiden! | Liebscher & Bracht,109571,German
3U51cVIqulM,ARAB Lifestyle | mit Bodyformus,99988,German
OKYUtHvgMhc,Die Welt in 30 Jahren - Sommer 2047 -  VOLKAN,37877,German
spwqQDCW4TI,RUNDLAUF FUßBALL CHALLENGE + BESTRAFUNG !!,111328,German
-MAgDuA3H9A,Schauriger_Geist.png - Thumbnail der Woche,93628,German
riV8xuBqUQ0,Duell der Giganten 2.0 | inscopelifestyle,113961,German
nNtrjfX2aGw,KOCHEN mit TANZVERBOT |  - 001#,121928,German
k_IrAnVSjYE,"Grüner Kaffee zum Abnehmen, hilft das wirklich?",9413,German
KLxP8VxZjlk,Portuguese trawler nets 'prehistoric shark',91914,German
cJx5blgWjDw,Höre NICHT diese Sprachnachricht an.. (WIRKLICH NICHT!),373833,German
FWoXtrLTUMs,Wenn die Freundin anruft... GIRLFRIEND VOICE!,286684,German
PK8lHszeXNk,WOW 😱 Die Beste Wasserdicht SmartWatch Nur für 69.90€,27356,German
BEVPWKNRrQQ,Dolunay 19. Bölüm,685202,German
lqJbw2pWZLk,Kollegah & Farid Bang ✖️ 180.000€ SHOPPING-TOUR ✖️,721888,German
hg0OwRhQpGE,10 Unglaubliche Entdeckungen in der Antarktis!,165276,German
XVpDYrjZnuI,Der erste Besuch beim Frauenarzt | o.b.® Let’s do — mit BarbaraSofie,38954,German
A5LFlKGs5wA,Çukur 4. Bölüm,35166,German
t3SveFfi5ik,Tietzer returns – Treckerrennen 2 / Kann Fynn ihn endlich zerstören? | Kliemannsland,149163,German
xSZnlufFjrA,CAPO - ALLES AUF ROT - TOURBLOG #5,71120,German
zABx5FtO8-8,MY LOOK WITH FENTY BEAUTY,97601,German
WRmrWLOtLGQ,Klengan deckt Bibis großes Geheimnis auf,109194,German
qfvMu1vMY1c,Eşkıya Dünyaya Hükümdar Olmaz 80. Bölüm Fragmanı - atv,716243,German
zmXEI7b3_Pc,"Was passiert, wenn man Kommentaren einen Daumen nach unten gibt?",57829,German
Q-8otmFD1NY,"Veronica Gheorghe, topul celor amuzante bancuri despre bărbați:”Mă face să mă simt ca o gonflabilă",250875,German
xdjXsDoSU7I,Die meistgesehenen Musikvideos von deutschen YouTubern,149444,German
KafpNXxuw0E,Hochzeitsvorbereitungen im Central Park | Sarah Nowak l Folge 11 l Fitness Diaries,21782,German
qxGkk5l3Bws,Furia Roja zu stark für Costa Rica: Spanien - Costa Rica 5:0 Highlights | Testspiel | DAZN,258207,German
QLPXHC5q6Qw,Julienco: Darum hat er Bibi noch keinen Antrag gemacht!,210688,German
B16Ic88PyQc,Rezo & Kelly MissesVlog - 18 SONGS (Sing-off) / Ich bewerte MUSIK von YOUTUBERN,106067,German
nQz2u6RJwgE,Neue STAR WARS-Trilogie geplant | KEVIN SPACEY aus Film entfernt | DISNEY kauft 20th Century Fox?,31154,German
QtR5SwcDSOk,John Oliver - Season 4 Finale,159192,German
5BX5ugvK4Ys,"n'Kosove Show - Ragip Begaj, Aida Doçi, Ue Ue Show",201637,German
kf3eDxsaJaU,Geschenk an meine Freundin,294983,German
T00aGa1ihf8,Das auf dem Bild ist ein netter Mario! ☆ Skribbl.io,265269,German
JlJ9lgfaWrc,"Слуга Народа 2 - От любви до импичмента, 21 серия",293205,German
fe77K74czdA,STRANGER THINGS THEME trifft auf WEST COAST VIBEZ | ► BEAT MAKING - BOF #13 || ONEDAH,31016,German
ypdHIAAR1aw,Fußballchallenge GEGEN MEINE FREUNDIN (+Arschbolzen),167162,German
SFjU8cQQlnY,SA4 - NEUE DEUTSCHE QUELLE (LTD. Boxset) UNBOXING,92278,German
Wg6a0chf3SI,Wir haben Hunger! - Kinder bitten auf der Straße um Geld | Auf Streife - Berlin | SAT.1 TV,112372,German
f9cubuZBpxQ,Mehr als nur Marktschreier? Ein eigener Stand auf dem Markt | Galileo | ProSieben,23834,German
7dMMXIlIbJ8,Klavye Delikanlıları 6. Bölüm,71571,German
nWGKA8OULxU,Beni Affet 1253. Bölüm,123529,German
VSRYWcbDqTo,Kalp Atışı 20.Bölüm 1.Fragman,1480455,German
QIAu8YQ83BE,Fatal & Rico Feat. Kontra K - Ich lass die Jungs nicht allein (Official Video),238274,German
o-bWQCeTc88,The Best 29 Fall Fails: FailArmy Hall of Fame (November 2017),1128693,German
XEY-mcrPAjI,Hayattta Her Şey Var 13 Kasım 2017,41376,German
oo12BXzMkfI,猎场 | Game Of Hunting 14【TV版】（胡歌、張嘉譯、祖峰等主演）,48796,German
IzXXi8d0Jto,"Dieser Moment, wenn du realisierst, das dem Westen nicht vertraut wird",8033,German
cV2BUaijwT8,James Rodriguez's horrible dive against South Korea,117785,German
npB1aQmsChE,Die nächste ICON GEZOGEN 💎🤑😍 FIFA 18 Eine weitere ICONE im PACK OPENING BATTLE 😱 Wakez,202641,German
U9N0s-0nViE,Leticias Heulkrampf nach Brendas Abschiedsbotschaft | Germany's next Topmodel 2017 | ProSieben,69704,German
GjD3TEWbMAE,Gao bei Nacht | MALI | Folge 18,62733,German
3T406E-4zzs,Lutz van der Horst trifft auf Impfverweigerer | heute-show vom 10.11.2017,222162,German
3KdggIRWiR0,Яценюк. НЕпопулист. Вернулся,419835,German
WOkPlcmCyzU,Sarah Seifert │Ples│Supertalent Hrvatska 2017.│Polufinale,260385,German
9EYAE-OEjfg,DER ZIMTIGSTE DRINK DER WELT !!! | PrankBrosTV,100607,German
8C-4QBgwUuk,Folge 2808: Angst vor Beatrice | Sturm der Liebe,48016,German
SGxi0SoPnLQ,PUNCH AROGUNZ - 100 BARS / WAKE-UP CALL (prod. by Scaletta),148367,German
A4mLsh07Eus,Experimente - Was passiert mit Mais im Glätteisen?,161786,German
hUzgZAEG5RE,Negativ-Rekord für Battlefront 2 - Entschädigung für Age of Empires - News,82380,German
WLkFWX8ewxk,NEUE KINO TRAILER 2017 (German Deutsch) KW 46,83889,German
bnr4FIovIec,Kind in Zeitung entdeckt: Durchtriebene Bandenarbeit | Die Ruhrpottwache | SAT.1 TV,52673,German
Ejyp7ryu3Q0,6 Dinge die du niemals im Fitnessstudio machen solltest!,292988,German
GBNp7Up_y6E,E diela shqiptare - Ka nje mesazh per ty - Pjesa 1! (12 nentor 2017),185548,German
7OGVjXMw3Kw,FIFA 18: YEES! MEIN DRITTES 40-0 I DIE LETZTEN 10 SPIELE! 😏😍,72337,German
2ztjIfgquRU,"AGRITECHNICA 2017 - Messerundgang Teil 2 [New Holland, Deutz-Fahr, Fendt]",108622,German
THlX7a9bfTs,Terror-Kind [subtitled] | Knallerfrauen mit Martina Hill,39986,German
Mr3ZmvpdSM8,"Ist Katja Krasavice deine Konkurrentin, du Bumsluder? | Micaela Schäfer im Hater-Interview",148357,German
-lgdJ39Imto,Savaşçı 20. Bölüm,142715,German
ZISFmNM9p3s,Şevkat Yerimdar 25. Bölüm,220911,German
v5_27anzZwY,Fazilet Hanım ve Kızları 22. Bölüm,935983,German
ldOa-2m6bQc,"Mikrometer, um 1900 - Bares für Rares vom 13.11.2017 | ZDF",5853,German
kUFB_AseTl0,Das war knapp?! Ostdeutsche Meisterschaft! #Oldschooldiet VLOG 14.1,36875,German
Zo9CSpCLPVc,Kojshia Show - Emisioni 124 (Sez 2017) 11.11.2017,178906,German
YGA-zEWGAQ0,Lege eine Zitrone mit Salz auf einen Teller und schau was passiert!,15737,German
LuQI2BLhCCI,بث مباشر مباراة العراق و سوريا 2017/11/13,105138,German
oZL3hWtWHGA,Ben treibt Krumme Geschäfte? 🤦😲 | Köln 50667,24103,German
U271g04LDVo,FIFA 18: EXTREME TEAM ROTATE CHALLENGE 😱😱,94891,German
wE679w4XF1s,Pimp my Playmobil - Familie Hauser bastelt Gemüse - Kinderfilm Special,99356,German
TDn28TahPA8,Versuche NICHT AWW zu SAGEN bei diesem VIDEO!! (MEGA süße Tiere - UNMÖGLICH!),145694,German
7qiOrNao9fg,Google Translate Interview w/ Craig Robinson,269764,German
T89nYASkYI4,"Portokalli, 12 Nentor 2017 - Nasi dhe Fotinia (Humbja ne qendren tregetare)",55547,German
SxHThLAyICc,Michael Schumacher: Dramatisches Statement von seiner Frau!,18681,German
vv0XKGWVBKo,บ่วงบรรจถรณ์ BuangBunjathorn EP.5 ตอนที่ 3/9 | 13-11-60 | Ch3Thailand,22275,German
gVrhwJjDhDw,SIMULACRA #06 - Taylor: FREUND oder FEIND? ● Let's Play Simulacra,12667,German
tb75j5uqPio,All-Star Teams entschieden! LoL News mit Sola,69086,German
9c_qlRtC5rs,Müssen YouTuber Vorbilder sein?,23218,German
aNyAJelSDfI,Вести недели с Дмитрием Киселёвым от 12.11.17,302436,German
b5BDRiks2MI,DER ERSTE GRIEFERGAMES DISSTRACK!,7133,German
BycbCTTE3ZU,One Piece 814 Preview | Vorschau [HD] by onepiece-tube.com,27364,German
hR8x0BnXUV4,Cennet'in Gözyaşları 8. Bölüm,272456,German
GSid9wlRqBQ,Julien Bam reagiert auf HATE Kommentare (zum aller ersten Mal),1186759,German
KNq8laLAqcc,เธอคือพรหมลิขิต | EP.13 (2/6)  | 13 พ.ย. 60 | one31,363046,German
j8h7KEGcswk,Engel 11:11 Portal Orakel für die Woche vom 13. bis 19.November 2017,13363,German
5MYXzKS95XY,Denunziantentum heißt jetzt Zivilcourage,6051,German
_UEk3WRixnc,Bodybuilder bekommen Platzwunden - Paintball Challenge!!,31500,German
fSdWRuVTcP8,Izvlačenje automobila sa nastradalim iz rijeke Spreče,65147,German
pWW4q6Kgs5o,Was dir niemand über Silicium sagt,5099,German
AXSPjgtmnuo,BREAKFAST: Differences in Germany & USA,37034,German
oZYT_vC4-pc,КВН 2017 Высшая лига Вторая 1/2 (12.11.2017) ИГРА ЦЕЛИКОМ Full HD,442228,German
1NJ7rLUS1PU,"tagesschau 20:00 Uhr, 12.11.2017",8596,German
mpdSLQRKqns,Sturm der Liebe Vorschau für Folge 2809 -  2813,17361,German
ZvL6RxxflIo,فيديو مسرب من كواليس مقابلة الحريري,25992,German
P2pOaG_N_4M,Herber Schlag für Merkel: Union fällt in Umfrage auf tiefsten Stand seit sechs Jahren,3095,German
pwpuSWdA1vc,TOP 20 Deutschrap CHARTS | 12. November 2017,76483,German
jQImU-fdKf4,Der EXTREME Alltag eines TATORTREINIGERS | taff | ProSieben,68284,German
ZsZO-uBRRs8,Inas Nacht vom 11.11.2017 Jamsession mit Peter Maffay und Adel Tawil,15884,German
anlMHMJ37pI,Audi TT Bagged | RAD48 | VR Forged Wheel,7079,German
CTkUSeVx4fA,Experimente für Kinder | Süßigkeiten selber machen ganz einfach | Gummibärchen DIY | Geschenkidee,7604,German
-1DkGrAyTfU,Was braucht man wirklich am Auto damit es fährt? | Dumm Tüch,281497,German
4nOpbVXllCY,Surviving Evil 6 - Neu - 2017 HD,4069,German
8opIekYLSRw,Zvezde Granda - Specijal 06 - 2017/2018 - (TV Prva 12.11.2017.),62713,German
-soT-PvDMis,Siyah İnci 8. Bölüm 2. Fragman,194768,German
Qm3YbY5oI8w,ELECTRIC LOVE FESTIVAL 2017 - OFFICIAL AFTERMOVIE [4K],36520,German
cWSU_BDxayw,Massenmigration aus Afrika: Von langer Hand eingefädelt? | 12. November 2017 | www.kla.tv/11431,11868,German
wJwP7MigYtc,The Shower Song,254226,German
KSj3XHuABmI,DISNEY hat probiert IHN zu verstecken -  MILLENNIUM FALKEN in GOOGLE MAPS entdeckt/aufgetaucht!,31432,German
d8JxIUGWBn8,Krodh | KOPS | Official Teaser | ZYRRHIX,54742,German
-0ilM33s70k,Kleiner Gute Nacht Gruß für dich 🌙 mit lieben Grüßen von mir 💗,6177,German
MxRlVbhMcRg,Yeni Gelin 24. Bölüm,419325,German
tx6hcX7BpC4,"Oğlu 3 Yıl Önce Öldü, Bir Gün Bir Çocuk Kapıyı Çaldı ve Anne Benim Dedi.",133157,German
aq2_dEBgPeg,LEGO RENNWAGEN BATTLE (Oskar vs. Max) 🏎 😳,61222,German
dqmchgH9jwg,EINFACH NUR UNGLAUBLICH - DIESES SPIEL MÜSST IHR EUCH ANSCHAUEN! | FIFA 18 WEEKEND LEAGUE,32873,German
ITyHga-RWoE,Schülerin zeigt Mitschüler wegen schwarzen Humor an - Kuchen Talks #254,349871,German
ZGBZVovL3Yo,"News - Rich Pianas Autopsiebericht veröffentlicht, Hardgainer Song, Sophia Thiel Body Update",30907,German
CXaufwUE_e4,Jupp Heynckes rät FC Bayern zu Knaller-Transfer | SPORT1 TRANSFERMARKT,66652,German
yq-S3TMtW64,Outlander Episode 3x09 Jamie And Claire Hot Scene On The Board,36503,German
_PuX0A35lAI,Lets Bastel News #64 | News rund um den Kanal,13690,German
kevrZ_P4VLI,Torsten Sträter: Die neue Achse des Bösens - Blasentee - NightWash,17747,German
izPKLdfZo64,Полный выпуск Нового Вечернего Квартала 2017 от 11 ноября,542113,German
3OVAxYFad_8,Helene Stöcker Google Doodle,8935,German
jGRyOPw93zg,Bibis Beauty Palace ändert ihren Kanal komplett!,165137,German
YH1obme9L20,Ahmet Başbahar telefon bağlantısında - Müge Anlı İle Tatlı Sert 13 Kasım,17498,German
I-ADdAJ-its,Skyrmionen - Die Computerrevolution? - Clixoom Science & Fiction,32984,German
giUivdCbg0g,شاهد بالفيديو الهزة الارضية في داخل استديو قناة الاتجاه اثناء برنامج الان,249031,German
XpQnnGdFe98,"Austin Aries spricht über WWE Abgang, Paige Comeback & wieder Single | WWE NEWS 81/2017",17306,German
Y8kD7G5xQJk,"Priyamanaval Episode 863, 13/11/17",226795,German
QRcfpfyPpO4,17 Hunde Die Stärker Sind Als Ein Wolf!,128811,German
AT76sOaT8Zk,คุยเเซ่บShow : เปิดใจ ลูก เมีย โจ บอยสเก๊าท์ ครั้งแรก,285197,German
HWtIkDpoSK8,DAX Mittagsausblick - Verkaufsdruck bleibt hoch,1460,German
W2eM585DawQ,World of Warships - Pan-Asian Destroyers,11356,German
Cy9Gb9mVPUk,Trailerpark Open Air 2017 Aftermovie,32277,German
SQtTYtTkha8,waiting for a new querly video be like..,72341,German
YMf97kBw_BA,O Sa Mire - Episodi 117,207724,German
6-m1wRPvzlk,10 Zutaten Challenge: Herbst I Mit Hannah von Klein aber Lecker I MAGGI Kochstudio,5464,German
dVUQ48GY7WQ,Jayo Truth - ውድድር ፍሉይ ክእለት #5 - Eritrean Talent Show 2017,57574,German
CNF2F0oxRPI,AGRITECHNICA 2017 - Der Tag davor | VLOG #2 | Fendt Claas John Deere Valtra,145860,German
oUPE3tQNFd0,ASKLamiya | MEIN FREUND stellt mir EURE Fragen | LamiyaSlimani,45571,German
rvwM535cjV4,Verliert Inka Bause wegen Narumol ihren Job?,27935,German
M1XtccmX70A,İstanbullu Gelin 25. Bölüm Fragman,191639,German
ZeyZMwuEFNQ,Unschlagbares Gebot bei Bares für Rares,73586,German
pHSJKLbQgAM,Smilodox - Neuer Sneaker VELOX ab sofort online!,55170,German
NqqO2c5i3lI,İsmini vermek istemeyen izleyicilerin iddiaları canlı yayında! - Esra Erol'da 13 Kasım 2017,16147,German
2zdq5_hSI8w,Dschungelcamp 2018: Diese Stars sind dabei!,7683,German
8nqozlP3Rj4,Knochenbruch bei Geburt | Klinik am Südring | SAT.1 TV,319115,German
9k_ARQLK4NU,Mein OPA errät PREISE meiner KLEIDUNG | Saint Moré,34249,German
zNd2pbCw3KY,Das dritte Geschlecht und Dreier | Almost Daily #317,34791,German
zp5oj_nOs0w,15 Mythen - die du nicht mehr glauben solltest!,48679,German
ga_Ra5R-U0Q,Darth Maul's erstes Jedi-Opfer! [Legends],54598,German
8WhVEd_nQbU,88+ ICON WALKOUT im PACK OPENING BATTLE vs. WAKEZ!! 💎🔥💎 Fifa 18 Ultimate Team Deutsch,117991,German
EGae9gEo_vU,Folge 2544: Als Baby vertauscht | Rote Rosen,7153,German
zTcNN-zwCog,Unge REAGIERT auf Kochen mit Tanzverbot! | ungeklickt,249219,German
7u6v3_pO-7E,Felix von der Laden Vlog Musik | Conro - Circus (feat. Beckii Power)🍂,27450,German
vOtqfhwvY94,100% Kostenlos Gutschein - Ihr wolltet immer Leben wie ein König? - Ich zeige euch wie VLOG03,22151,German
xqA-K6X5pU4,[100%] echte Methode für Kostenlos Steam Gutschein bekommen,13860,German
LPkOkDCk_6E,Deutschland gegen Frankreich - die Tore | Sportschau,129193,German
wqFYaZILMAQ,bav-Leitfaden für Arbeitgeber,5917,German
pIMp3saKBEM,Sensation! Italien verpasst die WM: Italien - Schweden 0:0 | Highlights | WM-Quali | DAZN,416619,German
GuR5nYMQ9r8,Bekommt dieser Junge auch ohne Operation wieder gerade Beine? | Klinik am Südring | SAT.1 TV,176563,German
VqBfHwKpkbA,Talkgast enthüllt inszenierte ZDF-Show,104154,German
UhAKwwjn2f8,Söz | 21.Bölüm,2420770,German
iu05JKNOhxU,Tanzverbot: Diskussion um Unge Reagiert Video,116304,German
LfAZtfAqpxc,Das neue Game of Thrones? Amazon plant Herr der Ringe Prequel | WALUEXTRA,65926,German
j7HnYUWoGdU,JP Performance - Schwierige Entscheidung | Nissan R32 GTR Felgen und Folie,530671,German
7LYTBVUMnj8,3 Ideen zum Geld verdienen inklusive Schritt für Schritt Anleitung,35820,German
PL46RTsQMVA,Berlin - Tag & Nacht - Kim rächt sich bei ihren Peinigern! #1564 - RTL II,266628,German
1D53CK8hyOo,Die Welt in 30 Jahren - Sommer 2047 -  VOLKAN,9190,German
F2MGNXj8HLo,How the Right Politicized Roy Moore's Sexual Misconduct Allegations: The Daily Show,1059267,German
hWHploA0Td8,WM-Aus für Italien gegen Schweden | Grünwald Freitagscomedy,11146,German
Lz_UfCYo3hQ,Die Katakomben von Paris 🌎 Paris (Frankreich),38104,German
jfs95qoO6tU,Eşkiya Dünyaya Hükümdar Olmaz 80.Bölüm 720p HD 14 Kasım 2017 Part 3,65749,German
OnqUcPkXxGI,Der große Regen | MALI | Folge 19,78612,German
5iF7IRbxeJo,"Ochii din umbra (12.11.2017) -Parintii uitati de copii! O poveste socanta! Sez 15, Ep 12, Partea III",42019,German
GK76BjbQnxc,Ein Blick in die neue AfD-Fraktion - Christian Vollradt trifft Alice Weidel,32534,German
j95wFuiDM5o,Seda ve Uğur'la 47.Bölüm 2.Kısım | 14 Kasım 2017,26245,German
tgRkdR19pl4,Vollbremsung von Lkw Fahrer rettet Kind das Leben Dramatische Szenen aus Norwegen,9663,German
KQ3GUEFP53U,1 Tag in Holgers Werkstatt - Teil 3 | Ein einfacher Schließzylinder wird zum Arbeitszeitfresser,64352,German
R2ftFltzomA,Kim wird von Jacky psychisch zerstört! | Berlin Tag & Nacht #1563,264167,German
uYEgE2fCuK0,Kind flüchtet in Wald - Team Delta 112 zur Stelle | Auf Streife - Die Spezialisten | SAT.1 TV,78775,German
iEADbovEawk,Skandalları ortaya çıkaran Muzaffer Bey canlı yayında! - Esra Erol'da 14 Kasım 2017,21656,German
nQ4bhUfoh2w,Filiz ve Tarik | NISAN | VERLOBUNG | ENGAGEMENT,43667,German
Wk34UEHDgaY,Kemper - StalkBuster Agritechnica 2017 - Deutsch,10106,German
thVbpV1LT14,ARİF V 216 | Pembeşeker V 32 SANİYE,250065,German
dRSiXsYyo0c,Rawisode 13: Another normal biking day II,206869,German
Y4EPgngWH2Q,WIRD ALEX WIEDER SPIELSÜCHTIG ? (KÖLN 50667) | IntroTV,39732,German
_472k8e2hgA,"Der Wert des Kreuzes kommt vom ALTER! - päpstlich, um 1780 (BfR)",45140,German
f1xLsNNlaVk,Donald Trump's Twitter Feud With Kim Jong Un | The Daily Show,219940,German
dLpjfXhytQQ,Folge 2809: Die verlorene Liebesbotschaft | Sturm der Liebe,52318,German
DaQ-rJgeQTw,MSnippets 13.11.2017,18549,German
AZ_YIFRxYGk,เธอคือพรหมลิขิต | EP.14 (6/6) | 14 พ.ย. 60 | one31,1007388,German
edkKimh317w,Sing zu Ende! | Die schlimmsten Sänger aller Zeiten !!!,57718,German
QInpdmG3ufo,Zur aktuellen Rufmordkampagne im Internet wg. Neue Mitte,31971,German
4aYfjEJIYzQ,Grazie Gigi! Buffon verkündet unter Tränen seinen Rücktritt | Italien - Schweden | Interview | DAZN,107238,German
CSFSBY1AFik,"(LAMPART) Iwona Wieczorek: Wyjaśnienie, cz. 2",499284,German
2QLoisN-NA8,Lisa and Lena | Lose It (Jerry Folk Remix) (Musical.ly),15880,German
jA6B5HIF5lE,บ่วงบรรจถรณ์ BuangBunjathorn EP.6 ตอนที่ 2/9 | 14-11-60 | Ch3Thailand,44316,German
MT5-94LOku4,"Flirt Tipps, Verhalten beim Frisör & Ramen Läden | MoinMoin mit Donnie",24536,German
jgVGTcL85Lc,"Gemälde von Euphémie Muraton, um 1880/90  - Bares für Rares vom 13.11.2017 | ZDF",29811,German
JVb1tz1Xxpg,13.11.2017 PEGIDA live vom Hauptbahnhof Dresden,15432,German
5eFVNA4aUFc,Himmelstürmer-Sängerin Franziska tot: So rührend verabschiedet sich ihre Familie,4486,German
mZqKoN0F5XA,Folge 2545: Überraschende Entschuldigung | Rote Rosen,7932,German
8a3TEOAEfcY,Amazing plane landing - surprise!,2909,German
yTV6dGEOU5w,Как мы для Усманова акции Фейсбука покупали,807276,German
_WLZY6X2EgY,Как вам промыли мозг,336940,German
Liu7eGLQzak,Warum wir lügen | Galileo | ProSieben,51426,German
bi0zaylanE0,Eşkıya Dünyaya Hükümdar Olmaz 81.Bölüm Fragman analiz,124642,German
H61xf7-iCqA,Lia & Alfi - Jump and Run mit Mama + E-Stil,43410,German
P53ocP6cLZ4,Familie Dr Kleist Folge 83 Freunde oder mehr,23227,German
oLo5bnfCr3M,"Sigmar Gabriel, die Anstalt & die neoliberale Weltverschwörung der Mont Pèlerin Society",25684,German
IshupRM1yKo,Stirile ProTV de astazi 14 Noiembrie 2017 (ORA 19:00) HD,16987,German
VOodfaZJMTI,Joe & David in der Falle😮 |Berlin Tag und Nacht,15197,German
McE4kVmDrKo,"Verbringe viel Zeit mit lieben Menschen💖Zeige es ihnen, dass sie dir am Herzen 💖liegen☘",16158,German
yniU2XZCnqY,SIMULACRA #07 - Die Wahrheit über Greg ● Let's Play Simulacra,17331,German
UtghnAIMgs8,Beni Affet 1254. Bölüm,177569,German
XxiAy3dstZ8,Kija Kockar: Ja sam srećna žena! Sloba je već daleka prošlost,66438,German
Y_5cXHcD5Uk,Das erste Video mit meinem VATER! | Daniel Abt,64249,German
q8AhPMUBzBs,Lisa und Lena: Wie ist es ein Zwilling zu sein?,40001,German
ndLYcaq7VMY,Как живет Овечкин в США.  Сергей Полонский после тюрьмы.,760233,German
ei1LpoBumeQ,King of Queens Mut zur Dummheit,4895,German
R9Dr5ylOZVQ,Wie geht das? Undercover Jig von Wolfcraft richtig nutzen,4033,German
gckH7RGbiDo,Dr. Rüdiger Dahlke spricht Klartext - 5 Minuten die Du gesehen haben musst!,5440,German
j9ZenoC4E5o,Dolphins vs. Panthers | NFL Week 10 Game Highlights,779509,German
1v_SX8Gpt_E,TRAP & NIGHTCORE / MGMT KIDS by Musicbeatskennedy Vlog 11,5559,German
_VfYh3xvVVE,Müge Anlı ile Tatlı Sert 14 Kasım 2017 - Tek Parça,35292,German
C7o9lcfj-tw,Italien VS Schweden 0-0 (Alle Highlights) Italien scheitert in WM Qualifikation Playoff 2017,102715,German
_3bCI9THOps,Film Irani Jadid Sara va Ayda - فیلم ایرانی جدید کامل سارا و آیدا,24860,German
oT8vMGBugoQ,BODYBUILDER will es WISSEN - WETTKAMPF *EMOTIONAL*,27778,German
iTIz7pF3Rec,EA senkt Battlefront-2-Heldenkosten nach Kritik - Skyrim Together darf nicht auf Steam - News,64720,German
kV_fgZ-5CAo,Tahnee Schaffarczyk hasst Dates - NightWash,27640,German
Qq_SlZu9VvM,Buy & Hold - Funktioniert das noch?,4527,German
G_M_Jk_McTY,60 минут. Почему Рада передумала разрывать дипотношения с Россией? От 14.11.17,162497,German
ZQRhUQm9TPQ,Şok iddia! Yeliz Yeşilmen'i eşi aldattı mı?,34081,German
8SSahF2slJc,Adını Sen Koy 217. Bölüm,166146,German
01QOSw0C-0E,Bilder zu verführerisch? Anne Will verwirrt mit Sexismus-Frage an Verona Pooth,23726,German
ZqalFWPGVYY,1. FC Köln Legende Karl-Heinz Thielen über Hans Schäfer,3061,German
wYce-AjWQcs,Basti ist auf 180 und geht Jacky an..  Berlin Tag & Nacht (Folge 1563),97135,German
m6uDHpfMduI,Söz 21 Bölüm - Nazlı Ateş'in Vurulduğunu Öğrenir!,143548,German
uOwd27Qy3Sw,Nikad nije kasno - Cela emisija 05 - 13.11.2017.,63257,German
v3Z-7UjIIzU,Germany vs France 2-2 - Highlights & Goals - 14 November 2017,202277,German
ZDb88pnDBoc,Ufak Tefek Cinayetler 5. Bölüm Fragman,339639,German
JRSC6h2wgt4,ACRYLGEL | P****Gel von Magnetic | Naturnagelverstärkung,4903,German
NIN0B-VONLU,Lagerfeld greift Merkel an,4087,German
m9JQxSKPjOo,"Priyamanaval Episode 864, 14/11/17",535875,German
YlYuakN31-E,Die schnellste KÜRBISSUPPE der Welt!,5508,German
qoAkdnZsDuM,Die 10 Besten Polizeiautos der Welt,4378,German
f9gSYSRBpH4,FIFA 18: STEAL OR NO STEAL #06,120767,German
v_PUbowETb0,11 NEUE FAKTEN über Gellert GRINDELWALD,13563,German
bfGZpaXEZvE,There's A Really Dark Side To Elephant Tourism,48688,German
2nuDslpomkQ,Ausladen in Winnipeg - Truck TV Amerika #111,2539,German
1tKaA1TW02I,Der Neue Firefox ist da: Firefox Quantum,3503,German
plMgvHgHIZU,Lea & Chicco - Und was passiert mit den Ponys in Deutschland?,5673,German
qHrSWmgOUyc,"Diese Kohlenhydrate solltet Ihr unbedingt essen! | Dr. Petra Bracht | Gesundheit, Wissen, Ernährung",3697,German
3qtTdwIp89o,Adını Sen Koy Fragman 😻😻,80649,German
BMG8WFMHaIE,"Licht & Schatten/Was belastet Dich oder Dein gegnüber gerade, was sind di Positiven Aspekte?",2348,German
0bCxv-ywJ58,[After School Club] Ep.290 - MONSTA X(몬스타엑스) _ Full Episode _ 111417,40969,German
ysrkpnZBFHo,Söz 22.Bölüm Fragmanı !,78370,German
sDKufEV-4wk,ENO rastet komplett aus auf der Bühne | Unverschämte Fans bespucken CAPO & ENO auf der Bühne,46889,German
GH7mctgTG9A,Aus der schmutzigen Küche / Sind so kleine Hände (Bettina Wegner Cover),2692,German
SKNjuBM_k9g,Experiment - Bilou Duschschaum vs 710 Grad heißer Gasbrenner 😱,62513,German
W739poSvmaI,Sendung bei Anne Will  Zoom auf Verona Pooths Beine  ARD hat Sexismus Problem,29725,German
LfFtRoyXwpw,Wie man bunte Waffeln zum essen selber macht,13977,German
dcd9a3CAumk,The Saintcoms: Die Abrahams | Gute Arbeit Originals,31013,German
OdOmKn6Cn9s,"Նռան հատիկ, Սերիա 47 / Pomegranate seed / Nran hatik",93486,German
0HEuEcR6azo,Omour Jedia S02 Episode 10 14-11-2017 Partie 02,52920,German
tgMvbPkFF7E,Ro Dar Ro (Family Feud) Ghafori VS Haq Parast - Ep.120 / رو در رو - غفوری در مقابل حق پرست,18112,German
vBbWR-kCgVg,Elif 602. Bölüm | Season 4 Episode 42,33135,German
LBAIxgnypHo,Te vreau langa mine! (14.11.2017) - Editie COMPLETA,16156,German
d3G6WDI_i9s,Unfassbares Glück: Junge beinah von LKW überfahren,3900,German
wZRqe9wQCVk,Momente der Woche vom 14.11 - 22.11.2017,3467,German
coi37En-MFU,Морозова (2017). 3 серия. Парашютист / Детектив @ Русские сериалы,42371,German
l8WRkRopW0c,Der Pferde-Check | Reportage für Kinder | Checker Can,4222,German
tIwGaLOhPSM,Senin lider seçilmeni sağlayabilirim! - Eşkıya Dünyaya Hükümdar Olmaz 80. Bölüm,110212,German
o-b8Fssz4KQ,VUCIC POBESNEO ZBOG IZETBEGOVICA!: BiH ako prizna KOSOVO snosice velike POSLEDICE!,19771,German
R1dmozPn3LI,"Maydorns Meinung: DAX, Infineon, Nordex, Tesla, BYD, Millennial Lithium, JinkoSolar",3059,German
HXE8Dz86p7k,Drachenlord YouNow 14.11.2017 Zusammenfassung / 30 Minuten Stream,3978,German
iSb_z8m0ybE,(1/2) Wie verwendet man eine Oberfräse ?   |    Einstellung und Arbeitsweise,20265,German
llyuA7q2BkY,DIY nachhaltiger ADVENTSKALENDER & Ideen zum Befüllen #TypischSissi,7182,German
wl1mb6mLEYg,Gospodar fara pereche 13 Noiembrie 2017 Episodul 11 Online Partea 1-4,57466,German
hgpYdGe5Czg,Plas sherri ne emision/ 53-vjeçari kercenon kunatin: Me gjej dashnoret e motres ose te zhduka,42343,German
qHh_Zonq0W0,Früchteschleim selber machen,6934,German
7JJJCxeJd-k,"Magazina Lokale - Arban Abrashi, Shpend Ahmeti - 13.11.2017 - Klan Kosova",16649,German
DQZc3pM2sC8,Wenn FUßBALLLEGENDEN ihr LETZTES Tor für ihren Club schießen...,48877,German
pavDCJZGRzc,"Ful Haus 7 eterashrjan seria 12 / Фулл Хаус 7 сезон серия 12 / Ֆուլ հաուս, 7-րդ եթերաշրջան, Սերիա 12",62176,German
xcg8S7ysGRc,Shakti - 13th November 2017 - शक्ति - Full Episode,192826,German
PNUUL1DDSpU,"7 Atemberaubende Orte, die so wirklich existieren!",61768,German
tYT-JVCsCFw,Soy Luna 2 - Luna will das Matteo sie in Ruhe lässt (Folge 57),2164,German
QOZdPxGgcv4,Kindersicherung für den Messerblock | Einfach genial | MDR,2222,German
qTKa9XZUoGI,Siyah Beyaz Aşk 5. Bölüm - Al Tatlı Seversin,65933,German
8WQQbP5Xu04,FIFA 18 : Das ENDE der ZWEITEN SAISON !!! 🔥😨😨 Jahn Regensburg Karriere #19,50875,German
XvKp77qPA-w,Was Trump bisher geleistet hat,153729,German
mnXnLeo54FA,BVG – Ohne Uns,684104,German
nHojiun8LGU,DIE 5 GRÖSSTEN YOUTUBER-LÜGEN! | TOP 5,151286,German
SJJ637152e4,Deadpool 2 Trailer German Deutsch (2018),85703,German
hqt16vTFJgc,Skandal! Nutella ändert Rezeptur - LUKE! Die Woche und ich | SAT.1,439882,German
sJBAOvkmbNU,Die Welt in 30 Jahren - Sommer 2047 -  VOLKAN,10529,German
JuoPln48C7o,Grundeinkommens-Verlosung 15.11.2017,13309,German
ocTca4L3ugs,Sword Art Online Exklusiv-News │Tokyo Ghoul Season 3 │AOT Staffel 3 - Ninotaku Anime News #132,50925,German
DcdoBrCvS9o,Eşkıya Dünyaya Hükümdar Olmaz 80. Bölüm,432837,German
_A0N58-vVUI,Die Tagesschau will deinen Hass! So hatest du richtig | WALUEXTRA,72945,German
CXZWqVA-pi8,Sind wir wie RTL? | Gute Frage Special PPP #12,85878,German
fN2R8XNB0Jo,Hayat Sırları 3. Bölüm,67824,German
7dlsBmPbpis,Knusprige Waffelröllchen / Zimtrollen / crunchy Cinnamon Rolls,66712,German
TvUI233eaSg,Das Leben als YouTuber (Positiv&Negativ),159360,German
yYrYchGElek,JP Performance - Need for Speed Payback,522261,German
rQ8E3s-RKM8,WOW 😱 Neueste Smartphone Case Erfindung Samsung / iPhone,19121,German
5EdrxW8znNo,Berlin Tag & Nacht Highlights vom 15.11.2017 #1566,68166,German
IcqZpTSUcZA,7 spannende Rätsel zum grübeln!,137859,German
OV9n85JDEK8,Donald Trump Jr. Wiki-Slides Into The DMs,1035747,German
JIeRy5RAeF8,Jennifer Rostock - Die guten alten Zeiten,54235,German
uPJl261HzXI,Diriliş Ertuğrul 96.Bölüm Fragmanı,110566,German
RqccSEEO-5M,How Trump Has Made China Great Again: The Daily Show,1011849,German
QcYyZ6_glcc,Download and Fix ISDone.dll Error,2408,German
SXHXf9uBBlw,Zug entgleist am Bahnhof Elmshorn,8612,German
PCqg5O1wosg,Folge 2546: Hass auf Gunter | Rote Rosen,7310,German
a-n7gG5Z6gU,Seda ve Uğur'la 48.Bölüm 2.Kısım | 15 Kasım 2017,27862,German
CweLhvhnPYM,An Surfbretter gebunden: Gefangen auf dem Wasser | Die Ruhrpottwache | SAT.1 TV,25220,German
gx-u6oHEImA,Băieți de oraş SEZONUL 2 EPISODUL 10 PARTEA 2 HD,111618,German
4bFe8Eqrjio,IMSR Fly-By,7145,German
ovZ-X6eHdXI,Siyah Beyaz Aşk 5. Bölüm - Komik Sahne - Bir Bebekte Ferhat`lardan Bekliyorum,119289,German
QAThntReX9g,Beni Affet 1255. Bölüm,168416,German
zNKH2cIrutk,Engel Orakel der Liebe vom 15. bis 22. November 2017,7802,German
s6-VLl8-gSk,Haltet Stand! - GSP Airsoft Days 2017 ☆ Gameplay #019,2411,German
0nuW_0SBHoo,Meteorit über Süddeutschland im Video,21645,German
d9FgWxjAe0Y,Kadın 4. Bölüm - Tek Parça - Full Bölüm,211320,German
JQ1hP617-iQ,Hast du das schon mal mit Lego gemacht? 🤔,8792,German
qjfwsjflmWk,triplespeed Biketest - Back to School at Mugello with Pirellimoto and Old School Racing | Yamaha R1M,6138,German
859jsQuUbhg,Güldür Güldür Show 158. Bölüm Full HD Tek Parça,59166,German
yyOUsn_YpYY,WW2 LIVE: MEINE ERSTE V2 ROCKET | ViscaBarca,60358,German
tGsOX6v9j9Q,Robert Mugabe im Porträt: Vom Hoffnungsträger zum Despoten,7798,German
RBY1sQTAOuc,Folge 2810: Zweifel an der Hochzeit | Sturm der Liebe,57697,German
euswgQwXXTI,Spiegelblick 16. bis 22. November 2017,5556,German
iF6Hmc8Ui6A,สายธารหัวใจ SaiTarnHuaJai EP.5 ตอนที่ 2/9 | 15-11-60 | Ch3Thailand,52185,German
nAg6DNWwUkI,Sensation! 7000% Gewinn bei Bares für Rares vom 15.11.2017 | ZDF,57799,German
cHwirSio5os,900 PS Audi RS6 - BODENWAFFE / (engl.sub),95567,German
JepXeXmEh5o,ADVENTSKRANZ - WINTERWALD MIT SPECIAL EFFECT + GEWINNSPIEL,11080,German
twFq7B-A6kA,Ballon d’Or Gewinner geleakt! Zlatan zur WM in Russland? | KickNews,160771,German
dxicBvXv-DM,KenFM im Gespräch mit: Manfred Spitzer (Cyberkrank!),30053,German
eeAr4qfZgbw,Meteorit am 14.11.2017,6042,German
j_ACW9yAva0,Ufak Tefek Cinayetler 4. Bölüm,306398,German
sV3TdMAywPU,"Boran Ece | Lemon Juice Records Showcase - Sicily, ITA 2017 - PART 4",1229,German
FOiNdxPwp6c,Im Kreißsaal: Hochschwangere tanzt vor Geburt zu Shakira,6761,German
o1iu_dPG_Fo,Felix Lobrecht: Talent | 1LIVE Generation Gag,13381,German
aiS56O2_xzE,Welche Nation ist die Schlauste?,91571,German
pxXYmT6O6DA,WOWBIZ (14.11.2017) - Editie COMPLETA,28621,German
vhIdsFAGQuE,هيدا حكي الموسم 5 الحلقة  الرابعة - 14/11/2017,115225,German
PEqVa37qamw,Händler schätzen Verkaufsobjekt völlig falsch ein - Bares für Rares,23491,German
-4NbAU8JFXQ,Die 4 Todsünden für Beziehungen // Dr. Stefan Frädrich,19122,German
xcwilfhFGg4,Das Supertalent 2017 | Folge 10 am 18.11.2017 bei RTL und online bei TV NOW,11129,German
XITzQPy4lMM,FIFA 18: KRANKE Special Card DISCARDS! 81+ PACKS DISCARD QUARTETT!! 😱🔥,77395,German
tkLZCBWLNzY,CEREDO POMADE: WIN A GOPRO PACKAGE :: JANUARY 2018 ::,1158,German
h3q98ePhQxI,Lisa and Lena | Look At Me Now (Musical.ly),11224,German
Vz3sDWE_mUI,Clash Royale Cheat | 100% free,81144,German
h-5bMYY5ikY,Почему вата аплодировала в Киеве?,252056,German
XWRk2qDDlUw,Die Spieltags-PK vor dem Dortmund-Spiel,5301,German
wtn79_90pHM,SIMULACRA #08 - WAS IST HIER LOS? ● Let's Play Simulacra,17060,German
2E5bthgftKw,MY NEW 800 HP G500 4x4 TESTED TO THE LIMIT! | VLOG² 107,457171,German
9s1O0xFUzo4,HD Gruesse von Meeru,2463,German
woOc1XYR-OI,Typisch Schule... | Master Your Mind,21399,German
hJqK-1JwxRM,Stimmt das: T-Shirts aus echtem Blut? | Galileo | ProSieben,38326,German
uWxvtzPRB6g,Outtakes | 10 Jahre Liebscher & Bracht Special,9025,German
YbjzhM728pQ,Hat Dennis Nicenstein erfunden? Urlaub in Florida | MoinMoin mit Krogi und Dennis,18812,German
BXb9OPBTH3g,MÄDCHEN KÜSSEN IM CLUB - KISSING PRANK (CLUB EDITION),32343,German
Rip_9lytxy4,Farage: Wie viele Abgeordnete hier im EU-Parlament haben Geld von George Soros erhalten?,10062,German
WEO6AERgXzA,Kalp Atışı 20.Bölüm 2.Fragman,729578,German
0kgnCN7V3U4,5x WALKOUT + 11 INFORMS ⛔️💎 BESTE TOP 100 FUT CHAMPIONS REWARDS - Fifa 18 Pack Opening Ultimate Team,62980,German
1koD5D0fAJw,Evlatlık verilen Cemre'nin amcası telefonda! - Esra Erol'da 15 Kasım 2017,16369,German
752sMEfttao,Dolunay 20.Bölüm 2.Fragmanı,38367,German
1YEXXIWqkMM,[PREVIEW] BTS (방탄소년단) 2018 Season’s greetings coming,1002924,German
4iQW0_RcwNg,Es geht heftig zur Sache!  Marktgeflüster,2395,German
eSo29lAm4BQ,MIT DER FREUNDIN DES ANDEREN SCHLAFEN..?!,33984,German
ddpkoJrct60,Adını Sen Koy 218. Bölüm,162918,German
3LmKeofcJhM,Sanitätsausbildung | MALI | Folge 20,59461,German
x7UHtGZgpWQ,Soy Luna 2 - Die anderen treffen Juliana weinend in der Umkleide (Folge 58),2773,German
qFEjz7PJNjc,"Priyamanaval Episode 865, 15/11/17",465527,German
-u6-1jjzXgE,Der Blaulicht-Check | Reportage für Kinder | Checker Can,22058,German
ZSrLJmRaPOg,Neues Merch im Bamshop (bester Shop der Welt) | Bulien Jam,98965,German
ECfCYqNmylM,Good vybz only,1176,German
LkDBSF0FHHQ,NYSEinstein am 15.11.2017: Wirtschaftswachstum lähmt Börsenkurse,1263,German
jwWkmyVCpcQ,Endstation Crystal – Leben in der Drogenhölle - Doku 2017 (HD),4944,German
6NuYVQz694w,FIRST 16 WEEKS with a PUPPY (SOCIALISING A PUPPY) - Rene Outdog,1192,German
Z6ogBnCz8Rw,Wahrer Spielzeug-Schatz: Dampfbetriebenes Spielzeug von 1910 | Bares für Rares,9301,German
d0zd-Lpk5vM,Dr. Klengan klärt auf,67112,German
_P13_8HyzcM,Cristiano Ronaldo will angeblich weg von Real Madrid | SPORT1 TRANSFERMARKT,131380,German
b_uEWUwA5LE,"Eşkıya Dünyaya Hükümdar Olmaz 81.Bölüm Fragmanı, Yılmaz'ın Ölümü",204837,German
julasfuISPo,Unerklärliche Kettenreaktion nach dem Kochen | Auf Streife - Die Spezialisten | SAT.1 TV,54780,German
e1-s7keE0qQ,Вечер с Владимиром Соловьевым от 14.11.2017,242403,German
39OHaRDl9xo,"Be DiaVita - You are more, than you think!",11096,German
Cy5Fj99E59M,МастерШеф. Сезон 7. Выпуск 23. Часть 5 из 5 от 14.11.2017,76162,German
8VID_aE1cKo,"Նռան հատիկ, Սերիա 48 / Pomegranate seed / Nran hatik",100379,German
60BkFg3YHkM,10 Regeln für überragenden Erfolg,8217,German
ZXWnGD2mQWg,Komentarz Tygodnia:Berliński kucyk a sprawa polska,62128,German
41cs4r52lh0,Seenot-Übung: Selbstversuch – 12 Stunden in der Insel!,2237,German
7LDlNp1M4os,Jan will Holly zurück! 😲❤ | Köln 50667,10430,German
DQiTdEeIxA8,Ro Dar Ro (Family Feud) Haidari VS Sadat - Ep.121 / رو در رو - حیدری در مقابل سادات,17666,German
8tOWr648QJo,Bahnverkehr: Zug in Schleswig-Holstein entgleist,2800,German
44_9UvZUlQk,Lieblingskind Shania? Carmen Geiss reagiert auf Vorwürfe!,258633,German
NG0i463B7Z0,FIFA 18: WALKOUTS ESKALIEREN 😂WM PACK OPENING BATTLE 🤑😍🔥 FifaGaming vs Wakez,88557,German
IwC-jLGrsCY,Unser Universum: Stärker als die Sonne (Doku deutsch),3791,German
l3XscROl1aY,Marteria: Mein größter Traum wird wahr!,16170,German
H1oJQrx8-2Q,Die RACHE?! - der zweite Versuch gegen Despotar! 4er Duo Raid Despotar! Pokemon Go!,4149,German
ZNZ-uw_gTb0,Dean Freemann,1178,German
IWrsii8LPYA,Mountain Ziege René Part III - Das große Finale,1138,German
mtu9LrKlx8A,Bundesliga 12.Spieltag 2017/2018 (17/18) Komplett (FIFA 18 PROGNOSE) Deutsch (HD),4564,German
0xfbmlP6xKY,Köln 50667 | Vorschau | vom 15.11.2017,1599,German
ildOQV4fPro,Und wieder ein Beweis die AfD lässt sich nicht verbiegen mit Alice Weidel,4122,German
QipdBen7DO4,Imad selim RossDekoration kurdische Hochzeit ( Ala & Nalin ) By Dilocan Video Part 1,2897,German
0KurFBcmgKc,Sensationelle Dehnübung  - Mega Stretch für die Körperrückseite,3898,German
lkz1cC_b0_0,Bauer sucht Frau: Anna und Gerald sind verlobt,17643,German
lIl_hEbPUm0,Морозова (2017). 5 серия. Цена красоты / Детектив @ Русские сериалы,43745,German
abqute8AylE,"tagesschau 20:00 Uhr, 14.11.2017",7807,German
Rvz0ubliVDo,Immer mit mein Team - CARLOS CORTEZ x AMO49 x CHYN4,2130,German
SAtcuA4r334,TANJA SAVIC FEAT. CORONA X RIMSKI - OCI BOJE VISKIJA (OFFICIAL VIDEO),560192,German
AYvJ0zapsLg,Elif 603. Bölüm | Season 4 Episode 43,29147,German
O7rmGMBmFvA,Tafelspitz mit Meerrettichsauce,2811,German
CFs50nCn_Z4,(2/2) Wie verwendet man eine Oberfräse ?   |    Einstellung und Arbeitsweise,16874,German
arZ2SIXADL8,Meteorit über Deutschland - 15.11.2017,1573,German
e42s8_vMycU,Hitzige Debatte im Landtag von Schleswig-Holstein - Nach AfD-Antrag zum Thema Obdachlosigkeit,3395,German
AbXdi2sJUk0,Meinen HUND Goði in SIMS 4 erstellen!! - SIMS 4 | GamingWIthMelina,81913,German
OShSOWbDx9w,Gewinne einen VW Bulli T2!,20409,German
u6u9g0h8kaY,Flugzeug Prank - Teil 2 | #ThrowbackThursday | Circus HalliGalli | ProSieben,157879,German
kcBCqLRSsrg,Azzi Memo - AMG 2 ft. Eno (prod. von SOTT & TG) [Official HD Video],124492,German
acjnMqeUQVA,Ufo361 - TIFFANY (prod. von AT Beatz) [Official HD Video],182494,German
8d1KDFaf65U,Wie gesund ist Tanzverbot's Ernährung? | Der Selbstversuch,50011,German
K3kcDJBkbg8,Frei.Wild - Antiwillkommen  [Offizielles Video],89159,German
7pGMNgmT8Wk,6 Harry Potter Darsteller - FRÜHER vs. HEUTE [2017],186851,German
bNUlgjekT6w,Der Prototyp Student,343405,German
ToL4iNV8zkw,"Dschungelcamp Kandidaten 2018, Schleichwerbung bei den Geissens und die Bambi Verleihung | WALUEXTRA",63894,German
LkuAMnWNFQc,JP Performance - GTR sein Vater ! | Nissan Skyline R34 Fahrwerk,559228,German
Am9jWnliMII,Interaktiver Thriller 🎮 HIDDEN AGENDA #001,30817,German
WPWSfsvqoUA,Çukur 5. Bölüm Fragman,515216,German
E0y0u1NsjUw,"Ich esse ALLES mit flüssigem KÄSE ! (Döner,Donuts,Eis)",144843,German
1DNa9PcsKc8,Gronkh unterstützt Shlorox | World Wide Wohnzimmer wollen Webvideopreis übernehmen,99856,German
gDIyFiQGkbg,FIFA 18: MEIN BESTES TOP 100 PACK 🔥🔥,147625,German
SmMqPMP88-Q,"FIFA 18: XXL TOP 100 REWARDS! 22x INFORMS, HEROES & 100K PACKS 😱🔥",115228,German
_GASOjcaFlg,Wunderkinder: Diese 5-Jährigen Mädchen haben es drauf! | Galileo | ProSieben,72409,German
lmoUgqj5yVQ,FIFA 18: F8TAL ICON Maradona #01 - Koksnase legt los 🔥🔥,198241,German
Q_FAO1ZNKgo,Stephen Has A Drink For Trump... Or Tries To,597836,German
3xYaaKge2CU,Zensurwelle bei Youtube,30799,German
i3lIBd8w4zQ,SPRUNGBRETT VOLLEY FUßBALL CHALLENGE!!!,116877,German
wXWseMWAb28,Tagesdosis 15.11.2017 - Querfront-Preisverleihung abgesagt: Kein Raum für Ken Jebsen,40961,German
i02hFj5UZI4,Trump-Proofing America's Nukes: The Daily Show,798143,German
uyCnQgunBxg,DAS ENDE ??? | HELLO NEIGHBOR #22 | PrankBrosGames,55206,German
RAvOkXLYGKI,Diriliş Ertuğrul 96.Bölüm Fragmanı,375631,German
6W0jmBV3dvI,Ucho Prezesa odc. 25 - Gniazdo bocianie,529158,German
LJoWy7_fpy4,Folge 2811: Spontane Hochzeit | Sturm der Liebe,57960,German
bGMXMHjz8jQ,السليط الإخباري -  نهاية إيران | الحلقة (17) الموسم الرابع,105840,German
RX9Osj1jTkM,Dirk Müller - Horror! UN verzichtet auf Verbot autonom tötender Waffen,34653,German
Ocr05bj0ncc,Schul-Aus mit 15: Lisa und Lena pfeifen auf Mathe und Co.!,163906,German
0SjLM1SgCoY,Söz | 22.Bölüm - Fragman 1,755791,German
D6tsYyOMALg,Nimo - ZOEY (Handypreview),36381,German
wXmT_i1I6h4,Beni Affet 1256. Bölüm,159955,German
n7sWM0PwaRw,Folge 2016: Zunder in der staden Zeit (Dahoam is Dahoam v. 21.11.),10182,German
hPepAYsrp5w,FIFA 18 : F8TAL SQUAD BUILDER BATTLE 🔥🔥,107520,German
GTDtIs_bokU,Die Drei Fragezeichen Unter Hochspannung/High Strung (ORIGINAL)(SONDERFOLGE),33645,German
_TyO9I-fRJQ,Marzipan: Lübecks süße Versuchung | Wie geht das? | NDR,47421,German
4KuJ59WPeAE,İstanbullu Gelin 25. Bölüm 2. Fragman,967172,German
AH779vullK8,Beinahe-Crash wegen falscher Einbahnstraße | Auf Streife - Berlin | SAT.1 TV,60133,German
itFsX-OWNsA,Erstmal ist Schluss! - Die große Objektivreihe - x/32 📷 Krolop & Gerst,5167,German
yRBpOcpZHjY,Seda ve Uğur'la 49.Bölüm 2.Kısım | 16 Kasım 2017,24507,German
T834dusJpjU,Gaming-PC für 600€? Was taugt der ALDI-PC Medion Akoya P56000?,70618,German
oZQg3lo25Dc,Diego kennt die Wahrheit zwischen Holly und Chico!😡💔 | Köln 50667,42663,German
aUtQBkgL4cU,"Mario Barth - 50 Shades of Barth | Waldbühne Open Air: Männer sind bekloppt, aber sexy!",6216,German
2UWw3EhpIFc,"Die BESTEN Thermomix Anfänger Tipps, wenn der Thermomix NEU ist",7505,German
cnv0BcMxArg,SIMULACRA #09 - HaST dU SiE SChoN GeFUndEN? ● Let's Play Simulacra,15355,German
rMPkJ8UFbik,Мальцев и политическая виза,391505,German
l3T7jV0smfg,Winnetou - Spurensuche - bullyparade – TV-Comedyshow / 1999,3511,German
KYe8n1FJfJE,Pressekonferenz vor Berlin,5317,German
mwxe0uvwJlw,สายธารหัวใจ SaiTarnHuaJai EP.6 ตอนที่ 2/9 | 16-11-60 | Ch3Thailand,52842,German
BEqF3Y5Nrb0,Extra 3 vom 15.11.2017 | extra 3 | NDR,71471,German
LVahdnWE8rQ,Siyah Beyaz Aşk 6. Bölüm Fragmanı,504592,German
Wc0sZxzpZB8,"Gjyq në emision/ Fëmijët përballen me babain: Ti doje të na groposje, zhduku nga jeta jonë (pj.2)",39212,German
eO-I_veCtIs,10 psychologische Tricks mit denen du Gewicht verlieren wirst,6204,German
6ql2ZhEOLgc,Diriliş Ertuğrul 95. Bölüm - Ertuğrul Bey'in Alpleri ile Kavuşması,781498,German
JxkdwuEI5c8,Siyah İnci 8. Bölüm,201587,German
855Tyv5XVXQ,Ein Bambi von Sam Smith für Helene Fischer | Bambi 2017 | ARD,5112,German
zlGxFIBbVPQ,جو شو│الموسم الثاني│الحلقة 18│الرئيس الفيوتشرولوجي,242933,German
pM8U7ESZwFg,One More Light Live (Live Album Trailer) - Linkin Park,272730,German
ZI0oJGwHH34,► AfD - Prof. Dr. Jörg Meuthen - LETZTE REDE im Landtag - Liest der Finanzministerin die Leviten,12829,German
vE38YIJ1O0g,"Riesiger Hohlraum in der Cheops-Pyramide entdeckt: Alle Fakten, Spekulationen und Verschwörungen!",5476,German
vnI41KTWxas,Der WM-Fluch von Puma! Ancelotti neuer Italien-Trainer? | KickNews,146908,German
3r5ROOUXu6E,JUSTICE LEAGUE | Kritik & Review | 2017,48839,German
R9iYZgpGAVg,We Make Webvideopreis GEIL Again! | Offizielle Bewerbung,33477,German
vJI2UsIYBYs,Striebig Plattensäge aufstellen | WSV,22103,German
Xfy6b_7Y82c,Schwerer Unfall mit Schulbus in Brake,26062,German
nC4YWSQHPy8,Chat Duell #4 | Pen & Paper Special: Spitze Stifte gegen Animal Squad,40307,German
EfFG6SZxuJU,Wiese mähen: Mit Traktor und Mähwerk,31138,German
W6nCv3jQZ14,Fantastic Beasts: The Crimes of Grindelwald TEASER Analyse,15514,German
KqLA3MThm8I,Jogi Löw feiert De Rossis Einwechsel-Verweigerung | SPORT1,63903,German
WX0QfwCX30s,Roomtour der Maisonette Wohnung - Playmobilhaus 9219 neu eingerichtet - DoJos Spielzeugwelt,8839,German
TbhB_dzl7Ys,Baui live is life,21686,German
-zxqxPv6cEA,Nicht mehr Á̶͈Ļ̵̥̖͒̇͘L̶̍̇͜É̶̫̥̍̓̚I̶̥̲̦̽̓̚Ņ̴̙̟̮̆̈ | Simulacra #03,10012,German
47ZdhBxWjKM,JUSTICE LEAGUE Kritik Review (2017),49255,German
We_UPiT9JqI,Yeşim ailesini arıyor  - Müge Anlı İle Tatlı Sert 16 Kasım,20274,German
JHsbX5GT0Gg,Eis am Stiel selber machen feat. EisohneWaffel (inkl. Rezept) Mori kocht,19303,German
pftEGQ33fP0,Lippes Leselust - Folge 4,23767,German
s0sQC7rxPzc,SKK PAINTBALL CHALLENGE! ⚡,40962,German
h33GrBoPih0,DAS REGT EINFACH JEDEN AUF!,36349,German
zY1F30sitwE,"Indian Neuheiten 2018 - Scout FTR1200, Scout Sixty, Springfield Dark Horse, Roadmaster Elite",7366,German
sp_Q1p5p9gU,Wie du MASSIVE ERGEBNISSE erzielst,5013,German
rbVEFg_MVz8,Alle hoffen auf Sabines Versagen | Germany’s next Topmodel 2017 | ProSieben,76674,German
9s8NPuy-fsQ,فصل سیزدهم ستاره افغان - گزینش هرات / Afghan Star Season 13 - Herat Auditions,20945,German
5YbDyNgk-dI,2 GEGEN 1 FUßBALL CHALLENGE!!! (ft. SPECIAL ADIDAS Predator PRO ),63857,German
6b2KUcPvsHI,Kanatsız Kuşlar 23. Bölüm Fragmanı,80140,German
IqTkJ72p5Ws,Hero League Auditions Pt. 2 | Gute Arbeit Originals,23110,German
pB1CbKuQpYU,FIFA 18 KARRIERE ⚽ S01E37 • Hansa Rostock vs. Hallescher FC • LET'S PLAY,3342,German
WsouDYLaxMo,Außerirdische in unserer Nachbarschaft? - Clixoom Science & Fiction,35314,German
xbYnrSkz00w,Unfassbare Militär Training!,5210,German
PMAnOY3K4es,Julien Bam hat sich optisch total verändert!,97230,German
ZKwvluTGDaI,Window Dressing,3114,German
dgSlQZTnunk,KINDERSERIEN ERRATEN ! mit BESTRAFUNG,30621,German
h8WgqBZjBZk,Trotz Überrestaurierung hoher Wert! - Hunzinger Schiebestuhl um 1890 | Bares für Rares,26351,German
xZBTg8AzhOE,Heute im Neo Magazin Investigative: Unternehmen Reichspark | NEO MAGAZIN ROYALE,68851,German
tETQaX2pIiE,Kim Kardashian Plays '5 Second Rule',1623989,German
dwUWvzQF_sw,"November 16, 2017",1977868,German
tSVmGDOX4uo,"Paige mit Backstage Heat, Bryan wird wieder wrestlen, CM Punk Deal mit Young Bucks| WWE NEWS 82/2017",22699,German
KTEFonCLyac,THE KILLING OF A SACRED DEER Trailer German Deutsch (2017),21778,German
R6DKdXEuBz8,Şevkat Yerimdar 26. Bölüm 2. Tanıtımı,259829,German
9LbpYZoLm6c,"Freni patladı, kimseye çaktırmadı!",255232,German
Y_G-xUluOTE,Destiny-2-DLC vorgestellt - Marvel Heroes wird abgeschaltet - News,41468,German
39mivDbyWe8,Glücklich verheiratet - 92/17,29072,German
TetcSIXO_5I,Zadruga - Miljan i Marko se potukli - 15.11.2017.,278403,German
gYm93WBwEis,Harald Lesch beantwortet Fragen von Studenten | Harald Lesch,63151,German
_pu9JesdkFA,Mann in FERNBEZIEHUNG verliebt machen - 6 goldene Regeln,3470,German
WgQtfA2dxxE,60 минут. Кто разваливает Америку? От 15.11.17,163081,German
1pf67Kqgojo,Lorde - Green Light | Selina Edbauer Cover | The Voice of Germany 2017 | Blind Audition,16911,German
-L7FVtCugUM,Wo war Captain REX während der Order 66? [Kanon],89352,German
BYnw2QOvRc4,Geplanter Racheakt endet unerwartet | Moslem begegnet Jesus | ERF MenschGott,3472,German
LbivmYlVJLc,dance with a spanish horse | #FMA Majestic Horses,18836,German
cNLrdnsp8ys,Dirk Müller und Gerald Hörhan über den kommenden CRASH,19350,German
3SbuVxjYPQI,Deutsche Helden – Unser Vermächtnis aus 2000 Jahren,4778,German
Ly8He-5cc_Q,#heiseshow: Firefox 57 - Ein Quantum Trost oder echter Neuanfang?,4565,German
NGCKGz_OxHQ,Attacke auf Steffi Jones: In der Frauen-Nationalmannschaft eskaliert die Lage,4107,German
e3fpq997mBg,Paluch List w butelce prod. Sergiusz (OFFICIAL VIDEO),249002,German
GNCDYzP-OdY,🆕 Ryszard Legutko merytorycznie MIAŻDŻY antyPOLSKĄ ORG*Ę w PE - MEGA OSTRO🔥🔥🔥[CAŁOŚĆ],89700,German
ELycORaq9CQ,Gute Nacht Gruß für dich mit lieben Grüßen von mir🌙💌,9757,German
-qHx6aW6YeA,Interessante Einblicke bei Tedescos Kabinengespräch-Premiere,4610,German
AtPmhHaDtKw,Peru vs Nueva Zelanda 2-0 RESUMEN PERÚ AL MUNDIAL [Goals-Highlights] Repechaje Rusia 2018,1618565,German
rq0tItM8gYE,Kampf um Wohnraum - Gentrifizierung in Berlin I Y-Kollektiv Dokumentation,26371,German
hC5r7Pc1jyg,Chemotherapie ist Mord! - DAS sagen Onkologen über ihre eigene Behandlung! [AUFGEDECKT],2969,German
2no_dZ8J6Ao,Tschüß Lightroom? Hallo Luminar! Rabatt-Code.,2897,German
VhqmuM28Tk4,Rita Ora @ The Voice of Germany,211721,German
4W4-YXRNedE,Rita Ora sings at The Voice Of Germany [HD],148334,German
hhxwpVQi0sM,XATAR - STATUS QUO ► Prod. von MAESTRO,298339,German
3NXYFrknGEw,Experiment - Was richtet eine Metall Wurfkarte an einer Wassermelone an?,117167,German
d6sX1L1LMi8,JP Performance - Es Lebt! | Projekt Upgewixxt,547437,German
Kim9veWgV0k,15 BASTELN LIFE HACKS UND DIYs FÜR DIE SCHULE,178414,German
nz45DMMcjPs,Andre bekommt eine gebl*sen??? Kim wird doch weiter gemobbt? Vorschau Berlin Tag & Nacht 20.11-24.11,163148,German
iPuurPZJR0c,FIFA 18 ⚽️ 029: Auftakt zum ENDSPURT!,52397,German
OI2o5oPxfDs,Bizim Hikaye 10. Bölüm - Tek Parça - Full Bölüm,623047,German
5i5_NkljOOU,"Buchteln – süße, gefüllte Wölkchen aus dem Backofen mit Nougat & Mohn",77061,German
LOGKoDZ3HdI,Wir VERLOSEN den 43.000-EURO-PC - HÖLLENMASCHINE 8 | #Gaming-PC,121347,German
nR4v4l_u4SE,Play69 ✖️ ROCKAFELLA ✖️ [ official Video ],113361,German
rIVjs_VucKA,DIY: hübsche Weihnachtsdeko mit Sterneneffekt [How to] Deko Kitchen,11444,German
3UHIvJfznI8,Flat Tire Long Jump Challenge! |Sick Series #32,221353,German
f6-Kg2v3v6s,HOTEL TRANSSILVANIEN 3: Ein Monster Urlaub Trailer German Deutsch (2018),38788,German
x6SioXmI8do,Fantastic Beasts: The Crimes of Grindelwald International - First Look,294430,German
2qEZOvtpodo,Alice Merton No Roots Cover / Parodie by Studiotechniker Nullinger,8167,German
gOkkrN3H8Nw,Al Franken Faces Groping Accusations & Roy Moore Stays on Defense: The Daily Show,776465,German
KCkGeinf3-A,Edle Adventskränze,13649,German
gyHmMhlkzIU,Lisa and Lena | Santa's Coming For Us (Musical.ly),18444,German
YGG-J4gbXhc,Krieg ich ENDLICH den FIFA POKAL von DNER?,87512,German
uzesINeELsU,What?! Victoria’s Secret-Show ohne Gigi Hadid!,38438,German
Eo9iyJ9tn7w,Neumond im Skorpion am 18.11.2017 Alle Zeichen auf Neubeginn!,5400,German
b-nD1r89qvE,1 Tag in Holgers Werkstatt - Teil 4 | Wo ist das Kühlwasser-Leck im Benz & Holgers Entschuldigung,55948,German
q9Li7mHroWY,Hund | Reportage für Kinder | Anna und die Haustiere,11393,German
6VpFKEWdJQk,DIE HEFTIGSTE FOLGE !!! | HELLO NEIGHBOR #23 | PrankBrosGames,31588,German
QEcz7iSzDRM,"62 Diamanten sind der Grund für diesen Preis - Brosche, 750er Gold | Bares für Rares",44873,German
hkoTJgX8HzI,10 Arten von LoL-Spielern,47820,German
oIeynt-q8KQ,Film-Highlights der 90er mit David Hasselhoff - LUKE! Die Woche und ich | SAT.1,99103,German
czFBajCL9Tg,LUDO ሉዶ PART ONE 1 New TV Series 2017,91258,German
Cf-VK-nEKxg,Esra Erol'da 17 Kasım 2017 Cuma - Tek Parça,47576,German
Q8EseubDARU,Selçuk Bahtiyar Dal - Al Ömrümü | O Ses Türkiye,173275,German
x6FIuHIts3o,Sorge um Helene Fischer: Schock-Auftritt mit blutigem Auge,9556,German
ek3jU8xiLEk,Diriliş Ertuğrul 96 Bölüm 2. Tanıtım,289337,German
7IGZiqw9n6A,"Liebe Grüne, Kohleausstieg – oder lasst Jamaika sein!",6544,German
PfeWX-6Y6Xo,+100500 - Передёргивание На Первом,992182,German
2p2yFIBv5L8,Folge 2548: Mutter und Tochter vereint | Rote Rosen,9147,German
ZZU6MK8rdpI,Folge 2812: Abschied vom Fürstenhof | Sturm der Liebe,52803,German
itH1Kj0ImPQ,Und wovon träumst Du?,6608,German
-6CDZvPexls,Kanatsız Kuşlar 22. Bölüm,500866,German
5NqksNoAClE,Wildschweine: Die cleveren Wildschweine von Usedom | DIE REPORTAGE | NDR,27731,German
E9agmOQs0QY,KenFM am Telefon: Willy Wimmer zu deutschen Soldaten an allen Fronten,23119,German
-R3ncYKcamU,Blooper Borussia Dortmund vs Stuttgart | Chadrac Akolo goal | Error de Bartra,26376,German
_vHk-T1lbIc,Adını Sen Koy 220. Bölüm,232251,German
Dq7xwqokX8M,Danish Dynamite ballert sich zur WM: Irland - Dänemark 1:5 Highlights | WM-Quali | DAZN,230224,German
x8OrKd1s-80,Foto Challenge Wien: Schlechtwetter,6079,German
EBXw-y2pmEI,Aus der Ferne Feuer löschen?! | CheXperiment mit Tobi | Die Entdecker-Show,15154,German
ifRy4AZ-yRQ,Helene Fischer - Achterbahn LIVE bei Bambi Awards 2017,56782,German
oHQRoZA3SXc,Star Wars The Clone Wars Die - Verschwundenen Teil 2,4112,German
LxO-5knF6P8,Beni Affet 1257. Bölüm,160824,German
fsoOTT_F7GM,Bundesregierung weiß nichts von US-Deal mit IS über sicheren Rückzug aus Rakka und Missionen in EU,6942,German
JPvuU7Evg5c,Soy Luna 2 - Ambar meint sie sei Sol Benson (Folge 60),3719,German
E056wbwWVx8,Конгресс США и мифотворчество + English Subtitles,444637,German
kyKdNPdGFrg,WINTER GESTECK - SCHNELL & NATÜRLICH ABER SCHÖN! - DIY,8663,German
oqj0oh4WRJg,14. Spieltag | SGD - FCK | Pressekonferenz vor dem Spiel,3897,German
ZizjxsBXk5A,Beziehungsdrama: Schwangere Frau benötigt dringend Hilfe | Die Ruhrpottwache | SAT.1 TV,22987,German
bd99dV3BzSI,Waka Tv - New Commedy by Dawit Eyob ሓዳስ ኮሜዲ  | ጤራ ሮባ - ብስነጥበባዊ ዳዊት ኢዮብ,83123,German
FpyMyaRZp-Y,Was für ein SCHADEN richtet diese NEUE LUFTGEWEHR MUNITION an? - Experiment!,74376,German
4L3taD4TgO0,Alex ist geschockt das Ben so eine teuere Wohnung hat,41731,German
1wbcNEDN3oU,Chico macht Stress | Köln 50667 | Vorschau | vom 16.11.2017,7084,German
7bEwgi7rk2Y,TOLOnews 6pm News 17 November 2017 / طلوع نیوز، خبر ساعت شش، ۲۶ عقرب ۱۳۹۶,18566,German
ilUFnUMlH_g,Чем я лучше Путина,990809,German
VbObMVAw9vQ,Slime: Rückwärts-Slime,39180,German
izI7b_7SAcQ,Gio feat. Jaspa - YouTube Apokalypse (prod. by octilary),46689,German
ZEyMKnC_WTQ,Şevkat Yerimdar 26. Bölüm,70083,German
Cu1aiNRP7qQ,Malu (8) - Schleifenvideo vom 17.11.2017,4809,German
alXUukphmjU,Anorganischer Schwefel - Ein Arzt spricht Klartext  - Darmsanierung,5367,German
uvGF8Z1IgfY,60 минут по горячим следам от 17.11.2017,131239,German
By2uZDqHKPo,Legalisiert Cannabis endlich! - Kuchen Talks #255,81849,German
pT5LE9SsV_E,Müge Anlı İle Tatlı Sert 17 Kasım 2017 | Cuma,59204,German
tcSsXmpfpqE,Exoten im Spessart: Warum ein Landwirt auf Bisons setzt | Unser Land | BR Fernsehen,6888,German
580KzmOvQdY,Berlin - Tag & Nacht   | Der Krieg zwischen Paula und Mandy 1566 #1,30713,German
l1oLMkrKh9U,Istanbullu Gelin 25. Bölüm,266488,German
UzL31U-O_SI,Kühlschrank Challenge | Erdnussbutter Lasagne | Florian Mennen,15619,German
7zJxZ7MPuVY,Shacke One - Kings aus Prinzip ► prod. Achim Funk,41295,German
QdDLFJLV9i4,Zwillinge - wie finden sie einen Partner? | WDR Doku,15237,German
3dO0SxcOIt0,Teleexpress (17:00) TVP 17.11.2017,15255,German
7Ed-Nr-9aGQ,Seda ve Uğur'la 50.Bölüm 2.Kısım | 17 Kasım 2017,16317,German
W-AF1ZR4SKA,Dieter Bohlen  Endlich zeigt er sich wieder gemeinsam mit seiner Carina,21132,German
lfRRTWYKcTg,Filterpatrone für Absauganlage selber machen / Luftfilterpatrone selbst bauen / Werkstattabsaugung,3532,German
-LDX8t-a-sw,Heiratsantrag geht dramatisch schief | Klinik am Südring | SAT.1 TV,87022,German
fb136NQUoYA,Michael Schumacher: Herber Rückschlag,21886,German
rJiCu8DwhHI,FIFA 18 | F8TAL ICON RONALDINHO #01 - Er stiehlt RONALDINHO die Show 😱,84276,German
BUS99d4NIHA,How To Make a Breakfast Pizza,574332,German
G-DPsI9B6Io,Tokio Hotel - Hinter Die Welt - Dokumentation (Official Trailer),19364,German
VRsAPPVMgNg,"Leben, Liebe, Ziele // Laura Malina Seiler im Interview",5398,German
8bCXhPIBLZU,شرح الكلمة المشاكسة eben في اللغة الألمانية,12730,German
NcViHXS88-0,Las Fierbinti 16 Noiembrie 2017 - Sezonul 12 Episodul 17 [COMPLET],170996,German
OIME_ugAQ6s,"Interview mit Julian Zietlow & Ron Bielecki - Erfahrung mit TV Sendern, Umgang mit Hate, uvm.",23604,German
KGtwd3JZzT4,LYE.tv - Fshaye Ghirmay - Dhri Tselam | ድሕሪ ጸላም - Part 2 - New Eritrean Movies 2017,80956,German
bQDn3Ujkufc,15€ vs. 2500€ MIKROFON! Kann es mithalten? | Ranzratte1337,30679,German
Xy6gUefnLP0,12 FAKTEN über Scorpius MALFOY,27477,German
Gv4g8z4xJkE,Transporter verliert Ladung: Chemikalie läuft aus | Auf Streife - Die Spezialisten | SAT.1 TV,43131,German
gQv2MoJroiw,DICE entfernt Battlefront-2-Mikrotransaktionen - Ubisoft kommt nach Berlin - News,84301,German
yQaN5m1kuHA,Griechenland-Reise  Peloponnes Teil 4,3923,German
EWcpcdxr-VY,Spoon angeln ohne Sprengring??,3497,German
Y8BWlUbGDg4,One More Thing: 400-km/h -  der Tesla Roadster ist eine Kampfansage,6311,German
WzI4cbMItxI,Zenith of Hatred Season 2 - Ken Erics 2017 Latest Nigerian Nollywood Movie Full HD,33647,German
KViZ5mwGzoE,قاب گفتگو - قسمت دو صد و بیست و پنجم / Qabe Goftogo - Episode. 225,19279,German
N6XNXoAEzNc,Neumondorakel 18. November bis 2. Dezember 2017,4893,German
Jj7TSJEqXpc,Die Sims 4: Offizieller Launch-Trailer für Xbox und PS4,4129,German
eSWM9kjgMhc,PA Sports - Paco Ramirez (prod. by Joznez) Sicario LP Exclusive,154782,German
e2VeMVeNmBw,Bambi 2017: Helene Fischers Liebeserklärung an Florian Silbereisen,6059,German
H-ax7k8_8n8,Lisa & Lena - Laudatio bei der Bambi Verleihung in Berlin vom 16.11.2017,27697,German
0Fe34--GeRw,Schluss mit dem Theater - BTN #1566,52892,German
bgcDsJRa0C4,Wohin willst du? (Wincent Weiss & LEA // Tour Tagebuch Nr.11),11005,German
sILWRPA2TcI,Die Fantastischen Vier - Endzeitstimmung (offizielles Video),19684,German
qFJb_cBqPD0,Bambi 2017  So erklären Promis das Phänomen Helene Fischer,18180,German
-T3PYNsKKbQ,Tesla Model S Facelift. Dem Klappern auf der Spur Teil 2. Die Lösung. Suspension rattles,2529,German
QzSFwci20_8,Alessia fühlt sich unwohl🙄😶 |Köln 50667,53179,German
nqkWrEqB-uI,Зважені та щасливі. Сезон 7. Выпуск 12. Часть 4 из 4 от 16.11.17,31476,German
jhdW-gPzVgs,"4 Einfache Pinterest DIY Weihnachtsgeschenke | Beton Tillandsien Deko, Granola uvm | Last Minute",6031,German
yYKd5Q7XtfM,Das neue Haus für die Ameisen,207632,German
KfQCTUNyoac,British rider Daniel Hegarty dies in crash at Macau Motorcycle Grand Prix,344318,German
2x8Lt4Z0jGg,So sieht die Mauer zwischen Mexiko und den USA aus | Galileo | ProSieben,184143,German
abJzquQ9uSc,FIFA 18 ⚽️ 030: Das GARETH wird nie müde (feat. Max Caulfield),48707,German
d6YuPpUc024,Elli leiht sich Geld von Lina.. 💰😲 | Köln 50667,12622,German
QhwuRM65qik,Wer gewinnt das Casting? | Germany’s next Topmodel 2017 | ProSieben,70992,German
XOk7rIDYzUk,Çukur 5. Bölüm 2. Fragman,406790,German
3A9U4IOl7lw,¡GOL! Brekalo | Stuttgart 2-1 Dortmund,143436,German
gU-hv0-xD-Q,Joyce Ilg als verrückte Kassiererin | Verstehen Sie Spaß?,177590,German
M436wwsb-Sk,Kürzestes Cabrio der Welt ? | Dumm Tüch,237472,German
BErdQsF9pis,FIFA 18 : F8TAL ICON GULLIT #1 - EPISCHES COMEBACK !! 🔥🔥🔥,121030,German
QXeIakWvDQg,PSG nutzt Monacos Ausrutscher: Paris Saint-Germain - Nantes 4:1 | Highlights | La Liga | DAZN,142082,German
kr3Nj9w13eo,Comedy Woman: Сын знакомит с мамой нерусскую девушку,32416,German
9oIHQCkh-So,AC/DC-Gitarrist tot: „Malcolm Young war ein einzigartiger Mann“,7394,German
vOwOcLV-mpM,RAMPAGE Trailer German Deutsch (2018),100687,German
kRY9mA3rKwI,Fabian Köster auf der Weltklimakonferenz in Bonn | heute-show vom 17.11.2017,88259,German
6t1MbGVSCiQ,Kalp Atışı 20. Bölüm - Tek Parça - Full Bölüm,437143,German
DY7vA_OuF2o,Huge pile up - Crash - 2017 Macau Grand Prix - FIA GT World Cup,294686,German
JDM1NCxcBYI,Bahtiyar Ölmez 2. Bölüm,39728,German
k2lCTAwBcQ8,Vorfall an der Imbissbude: Teenager randalieren | Die Ruhrpottwache | SAT.1 TV,58929,German
DjEhcOhD3rI,Fazilet Hanım ve Kızları 23. Bölüm,230005,German
0ridBadoNhU,Siyah İnci 9. Bölüm Fragman,345512,German
yQ_1pNw-arE,Jamaika im Sumpf: Christoph Hörstel zur Lage KW 46,23847,German
3o4nRzibDwk,Neymar zu PSG-Transfer gezwungen? Verliert Katar die WM? | KickNews,217537,German
1C107Ewp_O4,Payitaht Abdülhamid 25.bölüm (HD),188963,German
SDhjhYvOUkc,Toni Pirosa - Nothing like us (Justin Bieber Cover) / Ich bewerte MUSIK von YOUTUBERN,48214,German
-iS9vH4zibE,New Eritrean Comedy 2017 - Zeynsane Gda | ዘይንሳነ ግዳ - Part 4 by Samuel G/Slasie,83311,German
nr5m8zdqrKI,Mops FRISST meinen PLAY BUTTON!? | Mexify - (Mops Unboxing + Q&A?),47042,German
GasLorVV6qE,Gjurmë Shqiptare - Nga Nishi tek Molla e Kuqe,22772,German
DZDfuSmb2RM,SV Wehen Wiesbaden gegen Hansa Rostock - 16. Spieltag 17/18 - Nordmagazin,4137,German
4HZZtJ06Zqo,Daniel Hegerty Fatal Motorcycle crash At Macau 2017 Macau Motorcycle GP,93654,German
5xTxiVH_xV0,😍 FABIAN ÜBERGLÜCKLICH 😍 [Bares für Rares],27812,German
HU_6speHoOA,50 pyetje me Teuta Krasniqin,24531,German
b4vqbpGUigw,Jamaika und Auflösung des Bundestages - Knotenöserin - erfüllte Prophetie und Einblicke,8622,German
Z8NojWr8uZM,Tagesdosis 17.11.2017 - Klaus Lederers Angst vor Ken Jebsen,32711,German
zLfRavNWfS4,Gökhan Neden Stüdyodan Gitti? | O Ses Türkiye,98505,German
pQH_Ocuepbg,FIFA 18: 40 x 81+ SPIELER SETS PACK BATTLE vs TISI SCHUBECH 🔥⚡,133803,German
OHuFNeKb25g,Aşk ve Mavi 41. Bölüm,198152,German
jncGPlw88CM,Luis Carreira 2012 (r.i.p) vs Daniel Hegarty 2017 (r.i.p) crash,9484,German
Gb8iVOipCrA,شبکه خنده - فصل سوم - قسمت چهل و ششم / Shabake Khanda - Season 3 - Episode 46,74169,German
gZs9cWFON08,R.I.P British Rider Daniel Hegarty dies in crash at Macau Motorcycle Grand Prix 2017,135737,German
Vfzw0LCY6c4,Dualseelen Orakel 19.11. - 25.11.2017,3752,German
rcN5fASUafg,Engel Orakel für die Woche vom 20. bis 26. November 2017,5331,German
J29SRD0ex3E,Soy Luna 2 - Ámbar reizt Juliana / Benicio lädt den Clip hoch (Folge 58),8466,German
_SdpVJbeWa0,Feuerwehren im Landkreis Ludwigsburg,4283,German
Nf69Tjjk7b8,F-Promis sozialverträglich entsorgen | Nuhr im Ersten,34010,German
rt6n4GSJvGs,Плохая примета золотого Порошенко,415101,German
BgzLDDDnG5o,Aşk ve Mavi 42. Bölüm fragmanı,15902,German
jqH6uSNtBMU,FIFA 18: TIM LATKA VS PLATZ 1 DER WELT (80-0) FUT CHAMPIONS SPECIAL! 😏🔥,136692,German
MuSYMvYmxfw,Eine Zensur findet nicht statt? Werner Altnickel & Jo Conrad| Bewusst.TV - 17.11.2017,6432,German
h-71HfEmav8,Ruthe.de - DER BIELEFELD-SONG,49425,German
yjF8SvkMBmQ,"Potthässlich, doch der Wert ist hinreißend - Porzellan-Gruppe um 1910 | Bares für Rares",15127,German
LMqX_93QFCI,MONOPOLY SGD-Edition,5953,German
Rrq-Kt7TK1A,Stuttgart vs Borussia Dortmund 2-1 Resumen y Goles / All Goals & Highlights | La Liga 17/11/2017,35334,German
rbemwVkBf9s,Siyah Beyaz Aşk 6. Bölüm Fragmanı - 2,683802,German
MxeJarnsN4U,Fidget Spinner mit 3D Stift selber machen,9696,German
2V66vufrt5k,NDR Talk Show vom 17.11.2017,6366,German
HwhdLuByFC8,Kalp Atışı 21.Bölüm 1.Fragman,725323,German
nrNGg0TOD6A,Das Beste Kino Deutschlands? - Cinecitta im Portrait,33355,German
PxqEIHAy7XI,"Gruaja e la për një tjetër, doktor Beni i Vorës në lot: Të paktën të shoh vajzën",35063,German
TEeKb2FsAf0,Премьера 2017! - СПЕЦЫ 18 серия МЕЛОДРАМА драма Русские мелодрамы 2017,55653,German
1vjIK6f3KSI,Jupp Heynckes stolz im Interview nach 500. Sieg in der Bundesliga I Bayern München VS Augsburg 3-0,5422,German
5wrV6-9s57Q,So macht man leckeres Nutella Eis selber,12754,German
magSnapSwBE,Yeni Gelin 25. Bölüm,77398,German
yXxcqtRbju0,Spurensuche - Der Amerikanische Albtraum - Neu,3616,German
FHbEvjKzlA8,"Candy Challenge DIY Inspiration WEIHNACHTEN | Eva & Kathi essen Lebkuchen, Spekulatius, Dominosteine",8744,German
qhQF5syZLiA,Modellbahn Spur N / 1:160 - Teil 39 - Module Tür und Tor - Gleise verlegen,7679,German
RkmRsIMCuGs,Live,430853,German
82EUejORqHE,Culita Sterp si Carmen de la Salciua - Se-opreste timpul OFICIAL VIDEO NOU 2017-2018!,143082,German
au03iUBc8Nk,Flanierschirm aus den 60ern - Bares für Rares vom 17.11.2017 | ZDF,19209,German
psFqzAQAqYI,Lisa and Lena | Galway Girl #Stylorama (Musical.ly),10601,German
mNlzKfckuyQ,Bibi & Tina Musical Show tourt weiter - Live Trailer!!!  und Tourdaten,9925,German
yNFV2x2Jjus,"3. Liga: SVWW überlegen, aber unglücklich gegen Rostock | Sportschau",3227,German
eyen45zkvlI,Daniel Hegarty Fatal Accident Macau GP 2017 Full View,129288,German
TH85YRQO4NY,So sehen Aliens aus! Erste wissenschaftliche Bilder - Clixoom Science & Fiction,46769,German
HYN3gSBurfY,Strikes / Reuploads / Backup-Kanal - Infovideo,41848,German
yHSXBDS3sO0,致命意外！8號赫加迪Daniel Hegarty在漁翁彎失控撞攔,228175,German
kXX29cz2Chk,Filmfehler aus Soyluna || Teil 2,30702,German
MoIXKiQkmdY,Häkeln mit Caron Cake Wolle | Einfache Schal Anleitung für Anfänger | Winter Schal mit bunter Wolle,7292,German
jRlMpTy9zKA,Szwagry - Odcinek 26,451658,German
0W8hnQ64DTA,CSU: Seehofer-RÜCKTRITT nach Jamaika?,26298,German
AXBzjzFwm0k,รักกันพัลวัน RakKanPanlawan EP.8 ตอนที่ 2/9 | 18-11-60 | Ch3Thailand,40848,German
HH0kW2NXFE8,Mein Hund gegen Emilia S.,4240,German
RhQaS74hdzA,Manchester United vs Newcastle 4-1 Extended Highlights HD 2017,415984,German
xTa4i8r4Tm8,FT Leicester 0 - 2 Manchester City,128922,German
ZJA-9AumA3Q,Trailer: Hamid sucht limitierte Supersportler - GRIP - Folge 420 - RTL2,29628,German
dy1n10BJd64,"САМАЯ НОВАЯ ПРЕМЬЕРА 2017  НЕ ЛЮБИТЕ ЖЕНАТЫХ  Русские мелодрамы 2017 новинки, премьеры 2017",93164,German
Op3I0OhI-L4,"Ни за что не сдамся 1 серия (сериал, мелодрама) Премьера 2017",65240,German
Hq1k6dknB3U,Verarscht am Hauptbahnhof! & Neue WOW-Erweiterung | MoinMoin mit Florentin,29516,German
Z5S2Mx88_r8,"10 erstaunliche Tiere, die Sie gerne hätten",31597,German
xBFDdGE6jJQ,Fazilet Hanım ve Kızları 24. Bölüm Fragman,224020,German
fLl-r5YpSso,Liebesorakel 19. - 26.11.`17,2258,German
9-6Pp5MnfD0,12 Karten bis Weihnachten 2017 | #8 | Winterwunder auf Glanzkarton gewischt | Stampin' Up!,1875,German
1hzI5eC4MxY,"Umstrittener Grüner: Boris Palmer über Jamaika, Asyl & die AfD | Markus Lanz 16.11.2017",14885,German
R49OVSfK5ik,Ekmek tarifi-Brötchen-Kahvaltiya yapilacak yumusacik ve kolay ekmek nasil yapilir-Hatice Mazi,39810,German
FclxGY5IV2M,Mega-Transfer? FC Bayern pokert offenbar um Antoine Griezmann | SPORT1,190034,German
a7chgfEaeyQ,"Nadine Julitz SPD, wie viele Geschlechter gibt es ? :D",1927,German
F3mGrnNTBFU,Wie geht das? Welche Schrauben? Hartholz? Undercover Jig von Wolfcraft richtig nutzen Teil 2,3455,German
ImAnTNkIZZM,الهلال و اوراوا 1-1-  ذهاب دوري أبطال آسيا 2017 النهائي,1587097,German
t7vmJbQyO28,Rainbow Six Pro League Finals - Season 3 - Live from Sao Paulo - Day 1,638771,German
jqjLHzEalwc,Kaitag am Freitag #76 17.11.2017,4375,German
u9_xgH1fTc0,18 ቀዳም ስድራ 18 ሕዳር 21017 /// Eritrean Movie sidra 4 Nov 2017,15879,German
XO1Mcwtwcr4,Walk of Fame: Diese Stars bekommen 2018 einen Stern!,5073,German
-PH6ATu9VNE,Napoli vs Milan 2-1 All goals & Highlights ampia sintesi ITA HD 18/11/17,367026,German
c6adP64QDMI,"tagesschau 20:00 Uhr, 18.11.2017",2872,German
xNL9toHkbpo,Der Weg der Zuckerrüben vom Feld bis zur Verarbeitung - Zuckerrübenernte 2017.,15219,German
YvcRU9MKxbc,Ghonchehaye Zakhmi Part 38 غنچه های زخمی قسمت,14374,German
fJ2HVQCMcNM,ThSV Eisenach vs. VfL Eintracht Hagen (2. Handballbundesliga),1991,German
ANXxgRzOsQE,Xing me Ermalin/ A do kthehesh te jetosh ne Shqiperi? Bleona surprizon me pergjigjen  (18.11.17),8620,German
CAlAtq8Fcxg,"10 GEGENTORE, die Deutschland NIEMALS vergessen wird...",68020,German
997CnhOlodQ,Kenyan Politician Wants To Give Counselling To Two Gay Lions  | The Daily Show,163654,German
E3inlVuLctc,Ibrahimovic-Comeback und Matchwinner Pogba: Manchester United - Newcastle 4:1 | EPL | DAZN,435483,German
0C2BR9o3bXM,DER ANPASSUNGSFÄHIGE ⎮ Younes jones,314255,German
eDu45VJ6irE,Ihr müsst mir helfen! (izzi vs. Felix Challenge),201089,German
3UfHSpkTxTI,Skateboard fahren lernen an 1 Tag! (izzi vs. Felix Challenge),106243,German
bFitO0tLPvQ,FIFA 18 ⚽️ 031: ZURÜCK in die ZUKUNFT!,58857,German
RTx4XDSJw-I,Der unsichtbare Dritte: Ein perfider Plan | TEIL 2 | Die Ruhrpottwache | SAT.1 TV,122908,German
fSgpDwA2XTA,Eşkıya Dünyaya Hükümdar Olmaz 81. Bölüm Fragmanı - atv,591683,German
ZcRm9osiGsk,Sevgilim ***** istiyor deyince herkesi şok etti !,480954,German
EuMY2oRkuAc,Die SEXIESTE Grafikkarte der Welt! - Star Wars Titan Xp,196298,German
7qz_vUehmqA,Extreme Fanpost Experimente - Thumbnail der Woche,69937,German
jzbEhcoFVe8,7 German Words USED CORRECTLY in English,36276,German
Xup6BGjUWb8,Guido Reil Unsere Partei hat ein extremes Potential!,6014,German
KYuYayw_56g,♥ WARUM ICH WIEDER RUHIG SCHLAFEN KANN,17879,German
8FKisojaGJc,"10 Punkte, in denen sich kluge von dummen Menschen unterscheiden",24641,German
eNn72kUlboU,"Baby Update - 6. + 7. Monat - Chaos, Durchschlafen?, Zahnen",11794,German
lqMViFvKKHE,Abschaffung von Weihnachten?,9408,German
OYHqQqPAGgQ,Die drei Fragezeichen - House of Horrors (Sonderfolge),12241,German
l8zrXqaGnsM,E diela shqiptare - Ka nje mesazh per ty - Pjesa 2! (19 nentor 2017),75233,German
P24XusvuV14,Kollegah & Farid Bang ✖️ DIE SHERIFFS VOM BIERKÖNIG ✖️,196879,German
7mkUB9r0oDE,"Monica Bellucci - 15 Deutsch-Rap-Songs Mashup (BAUSA, RIN, UFO361, LUCIANO, ...)",355343,German
dVu08A2nz8I,3 Tipps wie du extrem ATTRAKTIV wirst,15034,German
prajf5VSRDQ,TÜRKRANZ - SELBST GEBUNDEN IN STERNFORM - DIY,11184,German
Uv3gtAHVLho,"Ein Polizei zu sein, ist Larissas absoluter Traumjob (Martina Hill) | heute-show vom 17.11.2017",98939,German
nsrWyZCWy8Y,PEINLICHE KINDHEITSGESCHICHTE #Q&A Nr. 8 | MANDA,23542,German
Urb6dkR-pas,Sturm der Liebe Vorschau für Folge 2813 - 2817,15493,German
kuGTOmUUudw,Die Pressekonferenz nach dem Spiel S04 - HSV | cityInfo.TV,4890,German
doUUDaoWtE4,Kellerkind - Truck TV Amerika #112,6414,German
75iJu9yiSXw,Ungeklärt - falsche Zeit falscher Ort - Neu 2017 HD,9568,German
8tmsoicSReo,Outlander Episode 3x10 Fergus Helps To Release Jamie || Outlander Scenes,38298,German
6lM0W7Bqd04,"Wertvoller, geschichtlicher Schatz - Postbriefkasten um 1880 | Bares für Rares",35535,German
ebDlMUFOM_Q,Wunschpartner Liebesorakel 20. bis 26. November 2017,6976,German
QlD0wpsMM0Q,Da ist J̷̖̉E̷̮̓M̴͕̔Á̴̢N̴͖̅D̴̥͋ in meinem Raum 😱 | Simulacra #04,14840,German
ibUHOx_UacU,Lisa and Lena with Viviane Geppert | Nobody To Love (Musical.ly),10488,German
l4RP7H7oVXc,"Ozulusal Taylan, un turc pe scena iUmor! Prestaţia lui l-a consternat pe Bendeac",184456,German
b3a0Q-iB4Ms,Da is der Michl Müller dahoam  - und der Bamberger auch | Grünwald Freitagscomedy,5598,German
b_6QqyKAluQ,Wir basteln FÜR EUCH Adventskalender | Florian Mennen,13302,German
YLBC_hDEKRM,"Was stimmt mit Justus nicht, dass er noch nicht in die Schule darf? | Klinik am Südring | SAT.1 TV",90077,German
GM-lUjkyI7s,FIFA 18: F8TAL ICON RONALDO #1 - Der beste Spieler im SPIEL!,103493,German
uj58DpIxyaw,SIMULACRA #12 - STOP STOP STOP ● Let's Play Simulacra [ENDE],14815,German
OHh2c_EkH-I,"ASMR Sanfter MIKROFONTEST ♡ Zoom H5 ♡ Whisper Rambling, Mic Tapping & Brushing in German/Deutsch",14548,German
5WGvzuv_bqM,Wir basteln FÜR EUCH Adventskalender | Jolina Mennen,19617,German
mtL3txyucKQ,In flagranti erwischt - Rentner außer Rand und Band | Auf Streife | SAT.1 TV,62019,German
FHX1v424XAE,Artem tanzt sich zur Goldstimmung | Das Supertalent 2017 | Sendung vom 18.11.2017,59265,German
08ZIZNOhuTc,Presseclub - Sendung vom 19.11.17,6090,German
6NNOvyQiFLU,😱 UNFASSBARE GESCHICHTE HINTER DIESEM LÖFFEL 😱 [Bares für Rares],21141,German
8FMyL84l-38,Die Thundermans – schneller als der Blitz,9938,German
WqecIGbqVxA,Was Jan Böhmermann so lustig macht,40292,German
0uTGy7cWdvI,Fazilet Hanım ve Kızları 24  Bölüm Fragman,53858,German
b1y6Xo3531o,Differenzen bei der Freizeitgestaltung | Germany’s next Topmodel 2017 | ProSieben,82551,German
hJPxvI624dE,Wie hättest du vor 100 Jahren geheißen? [Persönlichkeitstest],6046,German
LoQBJb8CbjM,Die Pfefferkörner - Folge 174: Schlimmer geht immer - Teil 3,4626,German
LOHTSJv2g-A,Family Secret Season 6 - Yul Edochie 2017 Newest Nigerian Nollywood Movie | Latest Nollywood Films,22473,German
JwJ2lEl63dc,Werder Bremen - Hannover 96 4:0 / Max Kruse mit Tor-Hattrick,40588,German
67dEBTjBdtY,Sollen wir diesen *SCAMMER ANZEIGEN* ? 😡 (kein Scherz),32068,German
IsrdzewonMU,Вести недели с Дмитрием Киселевым от 19.11.17,257995,German
SP-d-ty3IZo,ARA San Juan: Vermisstes argentinisches U-Boot versuchte Kontaktaufnahme,7376,German
4ku00naw9U0,Ro Dar Ro (Family Feud) Hussaini VS Kashani - Ep.124 / رو در رو - حسینی در مقابل کاشانی,17175,German
pthNoDKs1CA,"5 Orte, die nur wenige Menschen betreten dürfen!",88496,German
7PwzSRqlVR8,EndzeitreporterMcM vs Pierre Vogel ➤ Der wahre Jesus,6551,German
UzhiXDZ7uKk,Garten im November 🥕 Selbstversorgung im Winter mit Wurzelgemüse ❄️ Adventskalender DIY,4357,German
TYjoDbUjM_o,Прожекторперисхилтон - Выпуск от 18.11.2017,471975,German
bftamifBQRA,Fremder  steigt in mein *NEUES AUTO* ein!,72393,German
kER8Z57eCyQ,CASPER - LANG LEBE DER TOD TOURSTORY #2,14357,German
rjVqWL7pLrk,Unge REAGIERT auf Petrit ASMR! | ungeklickt,197410,German
2qLHXEbXH2k,Welche Nerf zu Weihnachten? | Magicbiber [deutsch],45720,German
jIjAbLbjv4U,Ganze Folge 1651 Auf die Spitze vom 19.11. #Lindenstrasse,4807,German
bWSm6MUHO5w,Xing me Ermalin 53 - Bleona Qereti,184600,German
Q_NFppIQzTk,Luke versagt beim Eishockey - LUKE! Die Woche und ich | SAT.1,61107,German
fEXJ8Qe8hJM,Zu X-mas: Macht Prinz Harry seiner Meghan einen Antrag?,26828,German
JLtleQE99FY,ULTIMATE FOOTBALL CHALLENGE vs FC Schalke Pro Footballer,244496,German
RiEnrMfhp8Q,Drückjag  Sau und Damhirsch tot  Polovanie   Deer Hunting,2702,German
c_lJMMIPwNk,รักกันพัลวัน RakKanPanlawan EP.9 ตอนที่ 2/9 | 19-11-60 | Ch3Thailand,44279,German
gFMEJNwfyOs,King of Queens Das verkaufte Grab,13973,German
kZxZedipwGw,Mini Adventskalender basteln | DIY Ideen für Playmobil & Barbie | Weihnachten 2017 | Abreißkalender,7379,German
yBf8RGtIe-A,Wie scharf ist die Klinge von Katana?,3947,German
4iQqvp4XKsw,Käsekuchen mit Mandarinen - Faule Weiber Kuchen / Quarkkuchen,10760,German
MnsaVxNnRhU,Rainbow Six Pro League Finals - Season 3 - Live from Sao Paulo - Day 2,598897,German
Rhlbo6RdQns,Neue KINO TRAILER 2017 (Deutsch German) Weekly 46,34059,German
a8oyDglz0Cc,Nikon D850 | 45-Megapixel-Monster mit 4K-Video im Test [Deutsch],6068,German
7MWaAZSvRQw,SO gibt es den PERFEKTEN KINDERGEBURTSTAG unter 100 € | SAT.1 Frühstücksfernsehen | TV,9357,German
vMqajgU8hjY,Kalk Gidelim 1.Bölüm,33542,German
gNYNm2gWoPE,Blero ft. Kole Oroshi - Nje dite (Official Video),325325,German
vmm-9cYFe6s,Agritechnica Spezial Teil 2 Vlog#64,26015,German
_JSrk9ubkzU,«Новые русские сенсации»: «Заявление сына Джигарханяна»,125923,German
5mUuN9kNmBU,+++ AfD reicht Klage beim Verfassungsgericht ein +++,4668,German
1dGVv1tcUrk,LOST PLACE : Brust und Nasen OP ? - Schönheits-Klinik im Wald entdeckt ! | ItsMarvin,28491,German
hKyMWQ1jQZw,One Pot Gericht - Gnocchi schnell zubereiten - 15 Minuten Essen ohne Schnitt,7597,German
aH7J0h0GKvI,RAF Camora - ANTHRAZIT R.R.- SNIPPET Nr. 1- (VÖ: 15.12.2017),126065,German
30dBiIHYXoI,ኣብ ኣሰንባዲ ታሪኽ እትነብር ጋል 62 ዓመት ኤርትራዊት ኣደ /// Eritrean mother with amazing history,26654,German
xLI7DrdPN_M,New Eritrean Film Drama 2017 - Etom Kilete (እቶም ክልተ...) - Part 13- Final,103492,German
rxgDdOSelow,Kakh Neshinan Part 63 کاخ نشینان قسمت,24681,German
j8_zLIvEeyI,Esterházy Schnitte – ungarische Spezialität ohne Mehl,75349,German
2xiA4N4JVsw,Selbstliebe lernen: Wie Dich Schuldgefühle daran hindern & woher sie kommen,2898,German
-oK8ner8n7Y,"Son Goku [Ultra Instinkt] vs Kefla [SSJ2], letzter Angriff! - DBS Ger Sub (116)",4509,German
gduIs53w1gE,Labes S07 Episode 11 18-11-2017 Partie 02,83381,German
nC_CQ2jDhLU,Der Bayerische Rundfunk hilft der CSU wo er kann!,2556,German
Xr5gtSbKILE,"Shiko kush LUAN, 18 Nentor 2017, Pjesa 1",80682,German
rsCgCk-0nsk,Dolunay 20. Bölüm - Ferit ve Nazlı Öpüşüyor - Romantik Anlar!,147067,German
H_ypYIAe-D8,"COZMO HAT SICH ERKÄLTET! Anki COZMO programmieren deutsch - Interaktiver, kleiner ROBOTER | Werbung*",3295,German
wS2cczOBkmo,WE'RE WRITING A XMAS NUMBER 1 SONG | THE MICHALAKS,62546,German
MgCPomD0qpw,Kalbimdeki Deniz 45. Bölüm,144675,German
CukkTMOKrXU,Was kannst du besser: singen oder schauspielern? | Joyce Ilg im Hater-Interview,71189,German
nRfmk_WtVp8,TOP 20 Deutschrap CHARTS | 19. November 2017,57538,German
frzp0i58YU0,Zusammenfaltbare Weihnachtstasche | Adventskalenderidee | Weihnachten | Stampin' Up!,2982,German
rvpAQqRniEM,Upozit 209 - Nov 18 -آپوزیت ۲۰۹,23772,German
cw3AaVD_xm8,Seltene FENDT-Rüben-Vollernter (demo) Grasernte 1960-1970.,6689,German
O0RS3wsygUI,Zvezde Granda - Specijal 07 - 2017/2018 - (TV Prva 19.11.2017.),29787,German
5XfRLwUuBMY,Dolunay 20. Bölüm,255117,German
D61KGzTn3cE,Простой Навальный Ч1,481559,German
30aNp9jD2Xs,Comedy Woman: Жена мстит мужу за измену,27565,German
U2bdhDxd0hs,Armlehne 2 Go: Reloaded | Gute Arbeit Snacks,27029,German
TIb8rOwwX1M,Stirile ProTV de astazi ( 19 Noiembrie 2017 ) ORA 7:00 HD,14500,German
c5XD0zKLuhM,German Treasure Hunter Episode  11 / 2017 - iPhone und Mittelalter?,2763,German
TxPlPzK6xE0,Sie werden zu Millionen kommen und daran wird die jetzige Politik nichts ändern!!,2921,German
0eUmTiLKSmM,Michael Smolik -- Daniel Sam -- Kickboxen 171118,14576,German
E-Ci2rm0c8k,Schneeball Fensterdeko basteln - DIY,3268,German
TzbYnKdDRCw,"Wie du herausfindest, was in deinem Leben wirklich zählt",9106,German
yNlupH6F7j8,Das Supertalent 2017 | vom 18.11 | Bruce Unfall,9146,German
5ly4eC-U4P4,Resumen de Atlético de Madrid vs Real Madrid (0-0),400462,German
FIfZbz2F2LA,British Motorcyclist Daniel Hegarty (31) Last Race | Macau Motorcycle Grand Prix | 18/11/2018,165131,German
1Y86Jk_qbkw,Съдебен спор - Епизод 498 - Майката проституира (19.11.2017),9124,German
mGJ-ParUM8k,Zadruga - Prvi razgovor Kije i Slobe nakon prevare - drugi deo - 19.11.2017.,206090,German
miKBXSCb9XA,Darum sind DIESE Faszienrollen so effektiv! | Liebscher & Bracht,6934,German
yqfTqmak12s,ВидеоОбзор#3 - РЕСТОРАТОР,2142953,German
k_LFKeAybmo,Nicht PERFEKT ist PERFEKT | Master Your Mind,19665,German
O4x4LcmhdGY,FIFA 18: PLATZ 13 DER WELT I 40-0 REWARDS! I ULTIMATIVES TOTW SET! 😇🔥,125552,German
6GiiP5ZXe4s,Jamaika gescheitert! Und jetzt? Neuwahlen? #ausblick,160903,German
nSJ3E1hi_Ig,Lachanfall wegen einem zu starken Jungen! ☆ Skribbl.io,168133,German
wJVlulggpV4,Helene Fischer - Achterbahn (Bambi 2017),94852,German
JXDTHtAqiZ0,FIFA 18 ⚽️ 032: Bayern München gegen Werder Bremen,63145,German
C7W8f9qSC3E,Rewi REAGIERT auf Propa OPA reagiert auf rewi regiert auf opa reagiert auf opa,160106,German
bvNkTFWsJoE,Çukur 5. Bölüm,248174,German
zfIkOiUHsqY,Söz | 22.Bölüm,263217,German
4_jtZIUH-fI,Der Telekom Weihnachts-Spot feat. Justin Bieber - Longversion,20736,German
964sYdW8G2Q,Verliert man durch Funk seine Unabhänigkeit? - Kuchen Talks #256,103004,German
hOpaFn2iCeI,Bayern München - FC Augsburg 3:0 / Wahnsinns-Lewandowski-Doppelpack mit neuer Frisur,255168,German
Pu_dZECCZiE,DiY - Naruto Gallium Wurfstern selber machen!,94943,German
K9VqAIJUTPI,Merkel SAUER über Scheitern von Jamaika,11663,German
mWPjgsSzSCI,SCHWEBENDES SCHLAUCHBOOT vs 150km/h Rennkart! | Crash mit unserem Hovercraft,184284,German
nkdLBKvgEes,Perioden-Alarm: So gingen Adam sucht Eva-Girls damit um,332176,German
WBJcaGUREqI,Abwehrfehler stürzen BVB weiter in Krise: Stuttgart - Dortmund 2:1 | Highlights | Bundesliga | DAZN,344097,German
Q_pslU7BW2A,Kleine Kinder verjagen und Timo stalken!,97304,German
2yNYJmJdptw,"Christina Aguilera, Whitney Houston Tribute at America Music Awards “AMAs” 2017",1173007,German
rxknQnoo6ZQ,Helicopter Flugzeug Crash ueber Rotschild Besitz | 20.11.2017,8795,German
_FQw3o1x4tU,Debakel für Higuain und Co.: Sampdoria Genua - Juventus 3:2 | Highlights | Serie A | DAZN,189687,German
ANrTlR9Bpxs,Statement der AfD zum Scheitern der Sondierungsgespräche am 20.11.17,45247,German
_MJx9zc3ihI,5 Unbekannte Geschichten - Hinter bekannten Fotos!,150834,German
VQ3LVSyq_xk,Porsche-Supersportler: 959 und 918 Spyder - GRIP - Folge 420 - RTL2,94935,German
kBwIBJdAl-0,Esra Erol'da 20 Kasım 2017 Cuma - Tek Parça,31744,German
OqGSiv3QiwA,JAMAIKA GESCHEITERT - UND NUN?,8315,German
7F0gOlP-XHA,Kusturmalı Boşnak Saksosu Diyen Rasim Ozan Kütahyalı Kör Kütük Sarhoştu,284637,German
H6lBl-JFaN0,Jamaika geplatzt: Wie geht es weiter? mit Oliver Janich im Gespräch,5019,German
Y9lQUvuLDKQ,Klavye Delikanlıları 7. Bölüm,81935,German
pqU--uSo1uc,Unschlagbarer Preis: Albert will mithandeln - Tischklingeln mit Schmuck | Bares für Rares,132768,German
CH-xBhLnKm0,EXTREME JENGA HANDICAP CHALLENGE!,43502,German
DNCavl_owsw,Hayatta Her Şey Var 20 Kasım 2017 - Nuray Sayarı'dan haftalık burç yorumları,72732,German
RiUWM-RPdtQ,AMAs 2017: Das trugen die Stars auf dem roten Teppich!,8000,German
O9CBi-HVHyQ,Das verrät deine Haarlänge über deine Persönlichkeit,6124,German
2Vz-8BAPxnc,Adını Sen Koy 221. Bölüm,234100,German
c8bkwUgPF1Y,"Portokalli, 19 Nentor 2017 - Katershja dhe Kimikati (Takim nga Blloku)",83694,German
9UMaQVjUISg,Witze-Mix 35,38034,German
Psz6K1P4XsU,"Oh Oh, wenn das Alex herausfindet.. 😡💰 | Köln 50667",20483,German
RtQ3fIELXHw,LIVE: Erklärung von Bundespräsident Steinmeier nach Treffen mit Kanzlerin Merkel,7210,German
AJfEYpB7OSk,Gott würfelt nicht nur einmal - Teaser,43649,German
hwHjTR1L2hU,Vor Ort - 20.11.17 09:00,5353,German
c8dEpmPFSCQ,Zenith of Hatred Season 6 - Ken Erics 2017 Latest Nigerian Nollywood Movie Full HD,46097,German
ETPL793vOrE,Zadruga - Svađa Kije i Slobe - 20.11.2017.,271473,German
e-iQLj5jWng,Folge 2813: Demenz | Sturm der Liebe,56912,German
KCLq3BlVwKE,Panorama TVP (18:00) Główne Wydanie TVP 20.11.2017,13360,German
jsxuY_eHW9k,Beni Affet 1258. Bölüm,166402,German
c_cUuafnlEg,บ่วงบรรจถรณ์ BuangBunjathorn EP.7 ตอนที่ 2/9 | 20-11-60 | Ch3Thailand,45871,German
FzcrXmRMU6Q,เธอคือพรหมลิขิต | EP.15 (2/6)  | 20 พ.ย. 60 | one31,971042,German
2uFSOJAs370,Star Wars The Clone Wars Wiederbelebung der Toten Teil 16,3308,German
daQqmGl15Wk,Cennet'in Gözyaşları 9. Bölüm,330885,German
uD1cFOZfyjU,"Paul Mirea, un număr de stand up comedy cu multe .... glume despre sex!",231522,German
cEiSfEPbXLw,Zombie aus Minecraft mit 3D Stift selber machen,8481,German
G4PZ-TXmt3s,Siyah İnci 9. Bölüm 2. Fragman,436026,German
x3wiDgdQENc,"News - DMAA, DMBA in DMHA Booster gefunden, So nutzen Betrüger Youtube aus, uvm.",40962,German
97G1bp26hmE,HERR DER RINGE-Serie | STAR WARS 8: Laufzeit veröffentlicht | TARANTINOS neuer Film,49985,German
pcoBE-6SFsA,Soy Luna 2 - Clip: Juliana taucht doch noch auf (Folge 60),7182,German
0bdLFSAWOnQ,برنامج Take Me Out نقشت - الموسم 2 - الحلقة 2 كاملة,299429,German
MUz0bezT0f0,Кого Хочет Тукитук. Maejor Ali. Бизнес Молодость.,826246,German
qXAm8IvF6LI,Seda ve Uğur'la 51.Bölüm 2.Kısım | 20 Kasım 2017,21870,German
wOtjgsRKz8U,Морозова (2017). 12 серия. Вечеринка / Детектив @ Русские сериалы,65644,German
iG9iycKRoj8,"Stellungnahme Pflegemutter, es war ihr Wunsch über Jens Lachenmayr / keine Neuwahlen (Videotext)",6086,German
0qR5BFADQEU,Inas Nacht vom 18.11.2017 Klaas Heufer-Umlauf und Ingo Appelt,32764,German
5cGW9ZuvmhY,FIFA 18: TRIPLE 40-0 (120-0) I TOP 5 MONATLICH WELTWEIT! 😍🔥,115071,German
i2ZeONN-zFQ,Xavier Naidoo - Drück Diesem Leben Deinen Stempel Auf [Official Snippet],10204,German
-LI3EP_uatQ,Lia & Alfi - Herbst FMA am Stall,43618,German
rFe4ZrdTibA,Ro Dar Ro (Family Feud) Azizi VS Wahidi - Ep.125 / رو در رو - عزیزی در مقابل واحدی,19808,German
wfVA7Lf6VNI,Jamaika gescheitert - Was sagen die Berliner?,4580,German
yMJw8CTdgnQ,The Top 27 Sports Fails: FailArmy Hall of Fame (November 2017),1023793,German
JrEBUkUHsgg,A pati transport të organizuar në ditën e zgjedhjeve?- 20.11.2017 - Klan Kosova,31914,German
mGY4UZ7_i-M,Savaşçı 21. Bölüm,161034,German
a3AefTrmyuU,Rasim Ozan Kütahyalı Canlı Yayında Kusturmalı Boşnak Saksosu Beyaz Futbol,96340,German
uPxr9vSZ75U,Anne Will vom 19.11.17 | aktuell zu den Jamaika-Sondierungen mit u.a. Sahra Wagenknecht,19831,German
7_MdqOLEYbE,🔨Hammer-Statement von Sahra Wagenknecht zum Jamaika-Debakel..,15892,German
hio0FAAc75Q,Nur Yerlitaş bombaladı sosyal medya karıştı,38263,German
nIawk3VehBI,Siyah Beyaz Aşk 6 Bölüm - Aslıya Aşıkmı Oldun?,70369,German
TbyIhYpsUDk,"Fußball-Bundesliga, 12. Spieltag: Active Arnd | ZwWdF",4134,German
ibmB1AbZjW4,توضیح محمد نوریزاد در مورد بدل خامنه ای به نام میر طاهر,34465,German
hQcSIUYhZcc,Jamaika geplatzt: Willkommen in Weimar 2.0,4287,German
9iIS3MSEez8,"ZDF spezial - Aus für Jamaika - Was nun, Frau Merkel? | 20.11.2017",8013,German
6oNqagXzTck,Актер Петр и морские гребешки,227786,German
fdeT7bQYbv4,Kırgın Çiçekler - 99.Bölüm Fragmanı,359520,German
bwlqTDv_APQ,Honigmann – Nachrichten vom 20. November 2017 – Nr. 1223,3069,German
ZWUBLqrIXCE,Piloten - Staying' Alive - bullyparade – TV-Comedyshow / 1999,3647,German
lyrek7J6zY0,FIFA 18: F8TAL ICON HERNANDEZ #1 - MEINE INTENSIVSTEN SPIELE 🔥,170862,German
msf9sRiN-cs,Meryem 17. Bölüm Fragmanı - 2,643399,German
MXiCiK4zXHk,"Նռան հատիկ, Սերիա 51 / Pomegranate seed / Nran hatik",92114,German
hHp8N2IZbwQ,Beyaz Show- Üç gün otel odası temizleyen ünlü kim?,284348,German
DUnPyyALAxc,Charles Manson tot: Früherer Sektenführer und Mörder stirbt mit 83,3237,German
TCP5-77_IK8,Elif 606. Bölüm | Season 4 Episode 46,25713,German
cDJP8sINnt8,Drop Shot auf Barsch - Die Beste Montage für den Herbst! | Fishing-King.de,5178,German
dnK_2YqTkh0,عاصي الحلاني - ادهم نابلسي - سارة الهاني - ديو المشاهير - الحلقة الاولى - جزء 1,39972,German
rhVOqdHyZLc,Lets Bastel News #65 | News rund um den Kanal,18872,German
-A9dz6pay94,Te vreau langa mine! (20.11.2017) - Editie COMPLETA,14638,German
m4U4L2iaSM0,Новините на NOVA (20.11.2017 - централна емисия),9858,German
mG7UyjSvJqo,Mutter im Krankenhaus vertauscht [Postillon24-Klassiker],29633,German
iHEKPI94ZxU,Gospodar fara pereche 20 Noiembrie 2017 Episodul 12 Online Partea 1-4,23676,German
b2klx8Ij-Gs,Joshua Kimmich Glaub an Dich! Die Doku / Folge 1 Teaser - FC-Bayern-Star in der Schule,3583,German
b2XNPDC_YVU,Major Rütting über die wahren Gründe warum Jamaika gescheitert ist! Marktgeflüster   Marktgeflüster,2592,German
fnrOXfP6d4Y,"10 kuriose Fußballregeln, die keiner kennt! | TopKickz",156044,German
xUUDfVEfPEo,Heavy Metal Maniacs: World Tour Trailer!,3337,German
Y2rWeZSI9as,Star Wars The Last Jedi TV Spot 9,17408,German
T6uELVk9o4w,"Copiii fără părinți, în prag de despărțire! Stelică: Mami și tati mi-au zis să nu-i las",14318,German
dQNOR9jThDY,5kg XXL Bierhuhn - BEER CAN CHICKEN vom GASGRILL - Neue Location —- Klaus grilt,20758,German
-j8wQyp5Q6A,Stil Avcıları 16. Bölüm,18099,German
qLqgq0SQSMw,Sierra Kidd - Rest In Peace Tour in Köln #01,9871,German
aJAx7Y0LV6Q,AfD - Prof. Dr. Jörg Meuthen -  AUdiokolumne vom 20.11.2017: Merkel-Dämmerung,4582,German
C1GABTei_7c,Razer Blade 4K Review + Our Blade Issues...,426290,German
o8VfvK0Y_LU,Jürgen Trittin (Grüne) zum Ende von Jamaika,30309,German
3wfK2GmvqC8,OnePlus 5T: Endlich empfehlenswert! - felixba,65717,German
3W7b6xfttXI,Ezy Lima - 1 Tag vor der Geburt - Folge 51,2764,German
qhiMDFSVLTw,Wo ist mein Kind? | Rabenmütter | SAT.1,10619,German
XaQ1x0yJBfg,Duymayan Kalmasın - 20 Kasım 2017,19709,German
fyokX8xDFwE,Blutiger Kampf! - Michael SMOLIK verteidigt WM Titel gegen Daniel SAM,110386,German
gr8T17dHX5M,AfD * Das GRAUEN (Jamaika) hat ein ENDE? Statements von Weidel und Gauland,3157,German
z-O4Bi3R0Q8,KsFreak Monica Bellucci (feat. Danergy),7542,German
o8ymWK68v-k,FOOD DIARY - REZEPTE ZUM ABNEHMEN | GESUNDE SÜßIGKEITEN | BARBARELLASLIFE | #14,4302,German
ff3XqmkDd9E,MIRZA VS PRO PLAYER IN FUT CHAMPIONS - EIN DUELL AUF AUGENHÖHE!  | FIFA 18 WEEKEND LEAGUE,41424,German
KsotzXYx1UM,Çka ka Shpija - Sezoni 4 episodi 4,86011,German
q0ziftydM2M,Söz 22.Bölüm - Yavuz Silah çektiğiniz kişi bir Türk askeri!(Feyzullah ve Su),8324,German
i1xsjn299Ko,Axel Fischer - Anders als die Andern (Official Video HD / 4K) I Bodybangers Mix,3007,German
KUREHk2dy6k,Pressekonferenz nach JAMAIKA-AUS,3192,German
qgJWYqsH3j4,TKKG {184} Die ewige Finsternis,4175,German
udt1RV6ln2Q,Prank auf der Bühne feat. Toksi (Wincent Weiss // Tour Tagebuch Nr.13),11640,German
8SgGVv9X5kY,Jamaika gescheitert: AfD fordert Merkel zum Rückzug auf,4038,German
EuqbHMB99Fw,Ucho Prezesa zwiastun odc. 26,143821,German
aae4Otmft-A,Seine große Chance,210098,German
CZwHYgdaZ4s,Münüpülü - Mely Kiyak vs. Jan Böhmermann | NEO MAGAZIN ROYALE mit Jan Böhmermann - ZDFneo,102499,German
nIJlb10zh-Q,6 GEHEIME Funktionen für iOS und Android!,297328,German
Ro-BSZAleQc,FIFA 18 ⚽️ 033: #ThomasMüller Super Typ!!,61588,German
cNndgvh0W7M,8x Frühstück für Kindergarten und Schule |❄️ Winter Lunchbox ❄️| mamiblock,29005,German
5AiPr0rTH8U,Borussia Dortmund - Tottenham Hotspur | Highlights Champions League 2017/18 - 5. Spieltag,203855,German
iosyz-hULLY,Skurrile Jobs: Der Alltag eines Wunscherfüllers | Galileo | ProSieben,138326,German
ioyC_woZT98,Film-Parodie! 90er Filme heute - LUKE! Die 90er und ich | SAT.1,307755,German
h0B64xiXdbc,Hört mal wie Marietta Slomka mit Christian Lindner umgeht ! Muss das sein?,67910,German
zpizjRTjrGM,"► AfD - Marc Bernhard: Kollegen von der SPD, bitte bleiben sie in der Opposition",13159,German
n2gOe-Ou3E0,JP Performance - Boost im Cabrio! | Ford Mustang GT Cabrio,486797,German
MpPP5yH0hJM,Die 10 Gefährlichsten Tiere des Amazonas,30469,German
1dXJzeAFNSI,Fulminante Rede von Alice Weidel im Bundestag AfD fordert Klage gegen EZB Programm AfD Berlin,10587,German
PJLeEYlL3us,"AfD im Bundestag, dieser Antrag markiert einen Tiefpunkt ihres Verständnisses, was Recht ist",7504,German
CCGvtxFHBmA,Anwendung FENSTERSCHNAPPER - Deal aus der VOX Show @Die Höhle der Löwen,4524,German
oW0Mc10WxVM,Neymar flieht in Geheim-Wohnung! Coman-Verletzung wegen neuer Schuhe? | KickNews,216789,German
Xe--t47BgBo,Eşkıya Dünyaya Hükümdar Olmaz 81. Bölüm,159668,German
DbCm0tGFjp4,Kleiner gute Nacht Gruß für dich 🌙schlafe gut und träume was schönes ✨,15070,German
u5IZhPc5fjU,Folge 2549: Neu durchstarten | Rote Rosen,7098,German
0k49-GCgrZo,Danger Dan - Mit Doc Martens am Klavier (Antilopen Abklatsch #3),28282,German
sAVTnc3evdA,14. Spieltag | SGD - FCK | Stimmen zum Spiel,6809,German
UVcx6ukwCWM,Adını Sen Koy 222. Bölüm,268588,German
971x0M61Z-k,Seda ve Uğur'la 52.Bölüm 3.Kısım | 21 Kasım 2017,28942,German
WVx0ZfmZ5DY,Esra Erol'da 21 Kasım 2017 Salı - Tek Parça,35905,German
97bpPS48m1E,Es wird ernst! Eurocrash / 17. Dezember / staatenlos:Deutsch 2018 / Bundestagsauflösung / Vakuum /,7772,German
wKClVMUnRkA,Die 10 seltensten und teuersten Autos aller Zeit,10624,German
AOGvTjto-4Y,Folge 2814: Vorbereitungen für die Flucht | Sturm der Liebe,67936,German
x_X4LPs3t10,Raffaels Traumtor in Berlin - mit Fohlenradio Original-Kommentar,7104,German
qlGPl91Jmqs,1 Tag in Holgers Werkstatt - Teil 5 | Hört das Ruckeln nach dem Getriebeölwechsel auf?,64565,German
2hxWiou8tKY,Gauland (AfD) erste Rede im Bundestag,137988,German
HlzKvQ77olc,İstanbullu Gelin 26. Bölüm Fragman,1231094,German
aMOkEhPXHRU,บ่วงบรรจถรณ์ BuangBunjathorn EP.8 ตอนที่ 4/9 | 21-11-60 | Ch3Thailand,50135,German
yTC93dyj1As,Beni Affet 1259. Bölüm,178183,German
xYP2s8upjKQ,Pastewka ist zurück! Die neue Staffel | Trailer Premiere | Amazon Prime Original,4461,German
FIZcjzoy_vM,Xavier Naidoo - Allein [Official Snippet],6427,German
1dLI4i0rykc,Andre's Ex Freundin? Mucki's Halstuch! Vorschau 21.11.17 - Berlin Tag und Nacht,11995,German
TpaAEokECA8,Dein Schlimmster Albtraum - Vergissmeinnicht - Neu HD,6054,German
wBtUitZAdP0,Andreas Martin: Was passierte wirklich mit seiner Frau Juliane?,15762,German
FPQAO4kk06s,เธอคือพรหมลิขิต | EP.16 (4/6) | 21 พ.ย. 60 | one31,1024754,German
n48TqiD_58s,WWE Monday Night RAW 11/20/2017 Highlights HD - WWE RAW 20 november 2017 Highlights HD,1425542,German
f79xcQke1ZY,Weltreise Kosten und Ausgaben nach 2 Jahren auf Weltreise,8009,German
T1EcJWBYO-0,WWE RAW 20 November 2017 Highlights HD - WWE Monday Night Raw 20/11/2017 Highlights HD,592583,German
WB7bRXxSi38,Морозова (2017). 14 серия. Люцифер / Детектив @ Русские сериалы,69761,German
KwvS2RJ_hlk,"Eisenarmband, 1813 - Bares für Rares vom 20.11.2017 | ZDF",27460,German
_JnEcSTFQuc,"У вас никаких проблем нет, заткнитесь",415386,German
hV22VLrEwoo,Луганск: заход военной колонны 21 ноября 2017,314635,German
VV6D3kY_3W8,Sturm der Liebe Vorschau für Folge 2814 -  2818,22878,German
m5JC-AUbuUY,"tagesschau 20:00 Uhr, 20.11.2017",10381,German
Kf-Asm4X56I,Paintball im Wald: Passanten getroffen | Auf Streife | SAT.1 TV,81599,German
KfHON6nyAfE,Koalitionsgespräche abgebrochen.  Was nun?,2833,German
ixLFsjPWy6M,Savaşçı 22. Bölüm 1. Tanıtımı,153279,German
OPhlIL8crn8,Stressfrei im Beruf - So arbeitest du effizienter // Dr. Manuela Jacob-Niedballa,7009,German
AgHe1dH9id0,НОВИНКА ФИЛЬМ ПЕРВАЯ ЛЮБОВЬ (2017) РУССКАЯ МЕЛОДРАМА,104452,German
vm18iuCdWQc,GW2 Trailer - Lebendige Welt Staffel 4 Episode 1 - Tagesanbruch,3003,German
WmliapsVs2M,😱 FREIMAURER MEDAILLE 😱 [Bares für Rares],28066,German
LXlIA5IrQzE,Zadruga - Raskinuli Luna i Sloba - 21.11.2017.,476581,German
3XxX_MBsB7U,Franz Beckenbauer: Trauriger Abschied,7095,German
bvszR3n8f-k,60 минут по горячим следам (дневной выпуск в 13:00) от 21.11.17,136959,German
Bo6sEPMM67k,ICH HABE 95 MARADONA IM WEEKEND LEAGUE TEAM 🌟🌟,167378,German
gAufSaa8S4o,Спасение повара Путина,662278,German
TN43jdvJ9-c,"YOU KNOW YOU ARE GERMAN WHEN|Du weißt, du bist deutsch, wenn pt.9",7272,German
-_p9mx2dQAg,HIDDEN AGENDA #01 - DU entscheidest über LEBEN und TOD ● Let's Play Hidden Agenda,20248,German
MjqiDNm9kgE,Sensation: Das hat hier noch keiner gesehen! - St. Georgener Schäppel  | Bares für Rares,65907,German
TdD5j9bpBgc,Kutcher REAGIERT auf YOUTUBE KACKE | Livestream Reaction,37053,German
OPKXMKmV2qs,"Maydorns Meinung: Volkswagen, Daimler, Tesla, BYD, Evotec, Medigene, Nordex",3072,German
Mg_plKOth8E,Ece Erken: Gülben bana zamanında neler yaptı,55066,German
vmV2wbFozbw,Las Fierbinti 21 Noiembrie 2017 - Sezonul 12 Episodul 18 [COMPLET],75108,German
BHi8IxMFL84,Siyah Beyaz Aşk 7. Bölüm Fragmanı,850241,German
PHIHyKGJRCk,Schwarzwildjagd bei Tageslicht 3.0 / Zu Besuch bei Huntingroom 4k German,3785,German
FN-oM22ytYc,Behind The Scenes of Justin Bieber German T-Mobile commercial Deutsche Telekom’s StreamOn campaign,14931,German
bX0xIIFI2Vc,Aufgeladene Kranelemente ziehen Sattelzug in Böschung (Kirchhundem/NRW),3824,German
4BPv3eUjPhA,Das Mondeinhorn - Mia and me - Staffel 3,11108,German
uKfdh905wmU,Elhiwar Ettounsi Live Stream - بث مباشر,38143,German
D1sPylUyagA,Rudina - Big Mama: Çfarë bëra për t’u dobësuar! (21 nentor 2017),29284,German
uperffDjXAM,Rasim Ozan Kütahyalı Beyaz TV'den kovuldu!,216295,German
-RzQ63SwsgA,Duymayan Kalmasın - 21 Kasım 2017,20796,German
ACEbWWPedBo,Klartext AfD SOE - Reiches Deutschland? mit Dr. Maximilian Krah,3127,German
9WcnunLfhzg,Panorama TVP (18:00) Główne Wydanie TVP 21.11.2017,8928,German
iIG_k9K1wW4,"Նռան հատիկ, Սերիա 52 / Pomegranate seed / Nran hatik",93971,German
976SKYm97EE,Club der roten Bänder | Staffel 03 - Folge 05 & 06 am 27.11. um 20:15 bei VOX und online bei TVNOW,5856,German
qI6jpxxVtpw,МастерШеф. Сезон 7. Выпуск 25. Часть 2 из 6 от 21.11.2017,32831,German
pQmoUED6uYc,Jamaika-Aus: Sahra Wagenknechts VERNICHTENDE Analyse,28999,German
SWOfvy7QfBw,Temperatursturz - Welsansitz im Herbst | www.zeck-fishing.com,4080,German
nW8U49extXk,💯Klara spielt ein FALSCHES Spiel🙄 |Berlin Tag und Nacht,3382,German
Os56NamXMdM,PSG muss Stars verkaufen: Draxler und Trapp vor dem Abflug? | SPORT1 -  Der Tag,72630,German
Xnnv3F8Na-Y,Ufak Tefek Cinayetler 5. Bölüm,87495,German
qKKI6UCMJS4,DVA - Karl Lagerfeld did nothing wrong[Mirror],3944,German
S-Ba2HFGiyA,Neuauflage zu Neverwinter Nights - Kickstarter-Drama in Millionenhöhe - News,50640,German
1LvHX127qRw,Apoel Nicossia vs Real Madrid 0-6 - All Goals & Highlights - 21 November 2017,230920,German
eiyV-bTvPek,Lisa und Lena geben musical.ly-Unterricht!,25680,German
tr--gqeaTzA,นร.เตรียมทหารเสียชีวิต อวัยวะภายในหาย! | ชูวิทย์ ตีแสกหน้า | 21 พ.ย. 60,264930,German
qd_fBINRchs,Christian Lindner (FDP) bricht Sondierungen ab - Körpersprache & Rhetorik Analyse,31257,German
EB_bWWKp5Q4,Elif 607. Bölüm | Season 4 Episode 47,26671,German
9aKgpRzo_iw,Siyah Beyaz Aşk 7.Bölüm Fragman,213197,German
UeklDjDCdPg,Pennsülwanien POV - Truck TV Amerika #113,3214,German
uNFe3F_wvsQ,Dolunay 21. Bölüm Fragman,956907,German
uaB5ECQMRnc,Der dunkelste Tag meines Lebens.,198296,German
7KutuITGOuQ,n'Kosove Show - Rapsodet 1,18510,German
Pu7H4UBQtek,Stil Avcıları 17. Bölüm,16738,German
MTdy-8PGUcQ,Spritzgebäck Rezept | Ohne Fleischwolf mit Spritzbeutel | Keks-Klassiker backen,6239,German
a_mCcJv9nBQ,Feiertags Strategie – vor Thanksgiving kaufen?,3156,German
sOrlO96zJt8,Kakh Neshinan Part 65 کاخ نشینان قسمت,22676,German
Z__3FmBRumo,"Joe Biden's Birthday, Evil Bingo - Monologue",266734,German
K56EfuG92Tc,Harassment on the Hill: How to Avoid Being a Congressional Predator: The Daily Show,469775,German
aa1JB2ZPomI,Wie geht es Ihm? Wie fühlt er für dich? Was kann du tun für Ihn?,2916,German
6xXInpFdObY,Stirile ProTV cu Andreea Esca - 21 Noiembrie 2017 (ORA 19:00 ),16221,German
y2iHw4-DCJ8,Help From Above Germany - Day 1 Evening Session (Apostle Johnson Suleman),11139,German
k0zjNLBOuB0,"Landschaftsfotografie am deutschen Meer: Sand, Gras und Wolken",2420,German
7BcYhlpogGo,"Улица, 1 сезон, 31 серия (21.11.2017)",4591,German
Vg1Es8ZAJnc,Das beste XBox One X Event mit den besten Boiiiis! [#Werbung],29517,German
vOgxq0LnYFY,Новините на NOVA (21.11.2017 - централна емисия),9810,German
pQMUg-FbY8Q,Olli wird nicht in ruhe gelassen..🤦💰 | Köln 50667,20101,German
pSv9gjPG0kM,Boston Celtics vs Dallas Mavericks - Full Game Highlights | Nov 20 | 2017-18 NBA Season,1060731,German
K-gSQRZNO_I,Ro Dar Ro (Family Feud) Rahmani VS Popal - Ep.126 / رو در رو - رحمانی در مقابل پوپل,17325,German
Wy5HojwpnUg,Sarah Kuttners DHDL-Bingo,2151,German
FeSwuoqfYjM,خمسة أسباب تجعل تعلم اللغة الألمانية العامية صعباً,15223,German
-DP30c8suGA,Schraubenschlüssel EXTRA LANG verlängern | Kreissäge Flansch Schlüssel,3469,German
5GicR9_fRuE,Harte Arbeit bei der Materialgruppe | MALI | Folge 22,67177,German
vMbxsfCMSo8,Gegenrede zu AfD-Antrag Rechtmäßigkeit der Euro-Stabilisierung,9207,German
KiM2Liqac8w,Draw My Life ♡ BodyKiss,26860,German
ZPr5svQU0WU,Anti-Terror-Einsatz: Festnahmen bei Razzien in vier Bundesländern,4403,German
oFOvFga9BnA,80 Kg Bankdrück Challenge mit Majoe und Fitness Orkun,33204,German
H3FMKqeZjUI,Slomka vs. Lindner,1827,German
2_uTCVsI2XI,Ein harter Schlag: Für den Fame im Netz | TEIL 1 | Die Ruhrpottwache | SAT.1 TV,30990,German
-0fTk5Jpi2w,Dunkelziffer Mord: Die Todesermittler | 45 Min | NDR,24823,German
54xgIah8HN4,"Freestyle Geschichte, Influencer & Scharfe Chilli | MoinMoin mit Donnie",20284,German
7bNcdvZYFAc,Die Nintendo SWITCH ZERSTÖRT die Konkurrenz | Kolumne,27625,German
SH6FxBMI25U,"Virgil, bărbatul care a lăsat o minoră gravidă, vrea cu disperare să-și crească copilul",15793,German
4CgnHGRUOMc,JP Performance - R8 Abholung | Teil 2,568229,German
BIAbEx7eIaE,Ehrliche Mucke bei 1 Date,249489,German
ZHNUVumLQH4,FIFA 18 ⚽️ 034: Gegen MAINZ und den 1. FC KÖLN,55815,German
wRTdVgc00H0,UNC Releases Footage of North Korean Defector,641921,German
zDk-MvZUhjY,Fulminante Rede von Alice Weidel im Bundestag: AfD fordert Klage gegen EZB-Programm (21.11.2017),79379,German
iAtvGmXTF2g,Noizy ft Ledri - Dje & Sot,964571,German
T0UpP0Q-fd0,YouTube DEUTSCHLAND Rewind 2017,53961,German
FEpYhKK0jIE,Berlin - Tag & Nacht - Paula geht auf Mandy los! #1570 - RTL II,279249,German
yzdlDnusUDU,FLER FLIZZY INTERVIEW mit JALIL & REMOE geführt von Davud - TV Strassensound,95019,German
1YyMWE2uZIU,Darum sind chaotische Menschen kreativer,43416,German
xX513GgnatE,Diriliş 'Ertuğrul' 97. Bölüm 1. Fragmanı,205727,German
X_zoWQ9mY_E,Linzer Plätzchen mit Marmelade / Hildabrötchen / Spitzbuben,59662,German
2xBCurD7Rds,► AfD - Dr. Gottfried Curio: Migration löst hier das demografische Problem nicht,11190,German
ZTB47uFZy3g,Ein harter Schlag: Für den Fame im Netz | TEIL 2 | Die Ruhrpottwache | SAT.1 TV,79817,German
D_tWzMSxdO0,Abgelaufene Lebensmittel: Wie lange sind sie wirklich essbar? || PULS Reportage,49748,German
DFymNRUY43g,Alexa und Luke übernehmen die Weltherrschaft -  LUKE! Die Woche und ich | SAT.1,233841,German
FbqQAxgYG2A,Woher kommen die Markennamen?,73038,German
D3qnQerxNnc,Stichelfreies Interview mit Alice Weidel von der AfD bei der ARD,8207,German
Nm2npc3kPPQ,Shyhrete & Engjellusha - Nuse Kosovare (Official 2018),136780,German
q5j-IH8hUJQ,Engel Orakel der Liebe vom 22. bis 29. November 2017  (Teil 1),7462,German
IRtEXVdAA0Y,BĂIEȚI DE ORAŞ SEZONUL 2 EPISODUL 11 PARTEA 2,123272,German
VQmPntkTMdY,Adını Sen Koy 223. Bölüm,235866,German
PsrUen6KjgE,Kadın 5. Bölüm - Tek Parça - Full Bölüm,180312,German
ducIoOVIe6A,Der Rote Tisch – 30 Minuten mit Jens Berger (NachDenkSeiten),10348,German
DXe5quUQTyM,LIVE: Holocaust-Mahnmal besucht Höcke,60880,German
_VvPxOxnQ5o,Diese 3 Fehler solltest Du beim Faszienrollen unbedingt vermeiden! | Liebscher & Bracht,18333,German
Aq7Uvry3Ies,هيدا حكي الموسم 5 الحلقة الخامسة 21/11/2017,101857,German
aLWa1cR_ZLs,Waldi geht auf einen sehr emotionalen Deal ein! - Schmuckkonvolut  | Bares für Rares,36126,German
m70eVM1F1KY,Radstand messen beim kürzesten Cabrio | Dumm Tüch,179383,German
isV79Az8n3A,Beni Affet 1260. Bölüm,166429,German
4A6MUDEiBx8,RSC Anderlecht - FC Bayern München 1:2 (0:0) | UEFA Champions League - ZDF,59290,German
Tz6y296bJOQ,Folge 2815: Mord im Fürstenhof | Sturm der Liebe,58007,German
LwAaj81iO-E,Zentrum für politische Schönheit: Jetzt hat Björn Höcke sein eigenes Holocaust-Mahnmal vor der Tür,5929,German
Jmj9dHfoliY,Zadruga - Miljan napada Boru- 22.11.2017.,127671,German
kyRXWlrDxdQ,สายธารหัวใจ SaiTarnHuaJai EP.7 ตอนที่ 4/9 | 22-11-60 | Ch3Thailand,54071,German
LU04EzR0Kv4,"DIY DEKO IDEEN für WEIHNACHTEN - EINFACH, SCHNELL & GÜNSTIG! TheBeauty2go",73430,German
dqnMm7lOr3A,Siyah Beyaz Aşk 7. Bölüm Fragmanı - 2,540585,German
4ual4OylG88,Seda ve Uğur'la 53.Bölüm 3.Kısım | 22 Kasım 2017,20876,German
6-BtBHxyeYk,Liebe Grüße für dich 🌸ich denk an dich 💌ich mag dich 💗ich wünsche dir einen guten Tag,8763,German
FyUg5PvfTtE,ADVENTSGESTECK - MODERN AUF LANGEM TABLETT MIT SKANDINAVISCHEN TOUCH + GEWINNSPIEL,12013,German
rNqJHkuPJSY,maischberger extra vom 21.11.2017 | Chaos in Berlin - Regierung verzweifelt gesucht!,27401,German
BCcI4IeHQ6g,Folge 2550: Eine gute Journalistin | Rote Rosen,8705,German
vCFOkRNvqbk,AfD jagt Altparteienkartell! Alle Reden im Bundestag an einem Stück,11649,German
_092QaqGQMM,Der perfekte Upcycling Adventskalender!,7920,German
q-rRFt-saog,Maite Kelly: Gemein betrogen!,15712,German
C1nbU1xxrUQ,Mel wirft Olli aus dem Loft!😡😔 | Köln 50667,53275,German
sIryfJ9Mwr4,"Ultras Chemie Leipzig vs. 1.FC Lokomotive Leipzig!! Support, choreo and Pyro!! 22.11.2017",6175,German
p_3hVQgX1NA,Wunschpartner Orakel   22 .11. bis  29. 11. ´17,4209,German
r28U1q9vuTs,Güldür Güldür Show 159. Bölüm Full HD Tek Parça,49447,German
__gthSMbhSI,I bims: Das halten Lisa & Lena und Co. vom Jugendwort 2017,157975,German
3nE4JyzjeL0,Sie lügen! - Mladic fliegt nach lautstarkem Protest bei Urteilsverlesung aus Gerichtssaal,16064,German
49iC1t7igiw,Nie mehr Probleme mit der Wäsche dank Stoiber-Ultra-Color | Grünwald Freitagscomedy,6084,German
-o3BxagNXQc,FIFA 18 PRANK an LUCA,36820,German
kxGDo_My5G4,Морозова (2017). 15 серия. Мама / Детектив @ Русские сериалы,68716,German
JLNhVH8wt6g,Что дал Майдан Ч1  Нам указали путь,328424,German
dynKoaAWP8k,Fantastic Beasts 2 erzählt NAGINIS Vorgeschichte?! 😱,14823,German
1-E2glVC_0I,Mein Traum wird wahr! Solido & ich beim FILM,24015,German
twjSew4bqIk,Dolunay 21. Bölüm 2. Fragman,445163,German
uGci5-N4zl4,Fazilet Hanım ve Kızları 24. Bölüm 2. Fragman,489995,German
uf_9IgJ8cLE,Timmy von der Jungs-WG in Barcelona - ZDFtivi,4092,German
c6iHtpFeWzA,Lootbox-Verbot: Politiker aus Belgien & Hawaii wollen Maßnahmen - CoD-Points-Währung für WW2 - News,63932,German
You_b2VwFgE,Xavier Naidoo - Tropfen Für Tropfen [Official Snippet],4684,German
ghUkHkpsHNQ,7 nie dagewesene Fakten über das Internet [Faktillon],35557,German
aUrhO-yKQ4c,Coach's Corner vom 21.11.2017 (deutsch),2928,German
m7imAkTNS8E,"Prunkvase von „Christofle“, 1880-1890 - Bares für Rares vom 21.11.2017 | ZDF",19492,German
qTx7nStl7Ec,Tiefziehen Kunststoff selber machen. So geht`s mit der Tiefziehbox.,4287,German
leO3wU8xbQ8,Nach „Schande“-Rede: AfD-Chef Höcke bekommt Holocaust-Mahnmal neben seinem Haus,5130,German
dQS6gpnR6oc,#11 YACHT-Refit Dehlya 25: Neuer Glanz für alte Dehlya,2951,German
p9QkbUX9TaU,HIDDEN AGENDA #02 - Was für ein KRANKES Schwein.. ● Let's Play Hidden Agenda,15944,German
OOPHdDo8br8,Kim wird von ihren Neuen Freunden Gemobbt | Berlin Tag & Nacht Vorschau #1571,11464,German
70T3fr7B_zg,Jenner oder Hadid? Das bestverdienende Model!,25897,German
ZwR6dvnOO2Q,"German XMas Songs | Mark Wahlberg, Will Ferrell, Mel Gibson & John Lithgow",43408,German
OPzXZF2gfuY,WHAT I EAT – für mich gesundes FOOD DIARY #TypischSissi,8647,German
RVs_LXtBvgQ,DAS SCHWEIGENDE KLASSENZIMMER Trailer German Deutsch (2018),21931,German
Bm6hhe7Jd9c,"Alexandra Alecu, mămica de 18 ani: Chiar aș vrea să am un copil cu Vasile",15188,German
Tw5eYYjboCI,Elif 608. Bölüm | Season 4 Episode 48,28247,German
-aaSzzNBJzs,"tagesschau 20:00 Uhr, 21.11.2017",8682,German
Pxv1DFleqvg,Ro Dar Ro (Family Feud) Jamal VS Hussaini - Ep.127 / رو در رو - جمال در مقابل حسینی,18319,German
L1XQVTpSeIk,POGLEDAJTE KAKO JE RATKO MLADIĆ IZBAČEN IZ SUDNICE,90980,German
pcjfvFoFTEc,RIESEN-TENNISBALL CHALLENGE (ft. Jugendprofi),64780,German
rHyfGnwlBG4,All Star Wahl 2017/18 – Die Nominierten im Tor,2301,German
t9b5hVmxPLE,Nihat Doğan çıldırdı! Benden başka Kürtlüğü ile gurur duyan adam yok,21507,German
aasQJy4OFDo,Sturm der Liebe: Diese Hauptfigur ist ausgestiegen,15242,German
0vi7W7TOlmE,Prinzessin Madeleine: Traurige Familienbeichte!,8373,German
beNFKmYDsNU,Koma Melek - Muafak & Buhar - Part02 - Kurdische Hochzeit by Dilocan Pro,7336,German
mUi8y0TlCmc,Duymayan Kalmasın - 22 Kasım 2017,19471,German
-SAgulDwGzc,Infotainmentsystem ALPINE X902D-DU | Teil 1 | Der EINBAU |,3394,German
V5De_VzQJag,"Նռան հատիկ, Սերիա 53 / Pomegranate seed / Nran hatik",74245,German
75T90fsVo4g,WENDY 2: Freundschaft für immer Trailer German Deutsch (2018),7140,German
wTsghhM7O0Q,Stil Avcıları 18. Bölüm,17884,German
AVYiZAODfMs,OMG passiert es WIRKLICH ☠️ Das VOLLE HAKI Potenzial nutzen ☠️ One Piece Theorien 886,4186,German
kl423Y7zNsU,So entfernt man Haare im Gesicht in nur 10 Minuten auf natürliche Weise!,7885,German
gJY4ydnWuFw,Bahtiyar Ölmez - 3. Bölüm 2. Fragmanı,46770,German
ayznLoAiqiA,Brennt das Cage? | Köln 50667 Vorschau | vom 22.11.2017,2769,German
YTknIW-KqyA,"Улица, 1 сезон, 32 серия (22.11.2017)",4678,German
QXYaqKHNmvA,(1/2) Umkleide komplett renovieren (Tapeten entfernen/ablösen) | WSV,20972,German
HtCwEuXWRcU,ANDREW HUANG meets Marti Fischer live at #BongoBoulevard,15715,German
GHDL55U5_ps,Izricanje presude Ratku Mladiću,67376,German
slRj7aweWQ0,typischdennis / Vorteile eines SINGLES,19024,German
w3quZja2r1E,Yemekteyiz 58. Bölüm - Canlı Yayını,30008,German
N_l6o3zR8NM,Badelatschen mit 3D Stift selber machen,5398,German
rI87UM-GJXI,Te vreau langa mine! (22.11.2017) - Editie COMPLETA,14441,German
KbpQ3mafNzM,Reden der AfD Fraktion im Bundestag vom 21.11.2017,6427,German
hvZj0LPQOko,"Respekt, FDP, Respekt - Toll! | ZDF",4550,German
SH2qyoYqUS4,"Sturm der Liebe - Vorspann Staffel 14 - Alicia, Viktor & Christoph",3156,German
OObwI2qcu98,MYTH (Official Trailer) - Opening 2017,12812,German
hnje5z4-Rzk,"Trump Pardons Two Turkeys, Charlie Rose Fired for Sexual Harassment - Monologue",99957,German
A3SxZ0ib6TU,Новините на NOVA (22.11.2017 - централна емисия),9827,German
nOKl1D_BQB4,Alle EISTEE-SORTEN in 1 MIXEN!!!,59981,German
4uEDA-VG5P0,Canlı yayında büyük yüzleşme! - Müge Anlı İle Tatlı Sert  22 Kasım 2017,20440,German
tzoAKhSY2UU,ALDI SÜD Raumstation,3057,German
s7B2qllotvU,Paula übt einen Mordversuch auf Mandy aus!!! | Berlin Tag & Nacht #1570,66401,German
mTKky7DXftE,Till Reiners - Flirttipps,15260,German
dczQntLA1L4,Вечер с Владимиром Соловьевым от 22.11.2017,128841,German
inM7ueJqlns,FLER spricht über Kampf mit FARID BANG | FLER über BUSHIDO vs KOLLEGAH & FARID,57699,German
SqSucLgRhuY,Der Dax ist ein Schwächling! Marktgeflüster,1726,German
dPmjenh_Hwk,1.FC Lok Leipzig - BSG Chemie Leipzig | Pyro & Randale 22.11.2017,14274,German
o-wGLyxfYO0,Ausschreitungen überschatten Leipziger Derby | Sport im Osten | MDR,4377,German
TxjhWMA3Hoo,Nordkoreas Grenze: Dramatische Flucht in die Freiheit | DW Deutsch,2403,German
D7qXG3MlWNk,Dramatisches Video: Soldat flieht unter Beschuss aus Nordkorea,23620,German
Vp68v7VMKNA,Junge Union fordert „sofortigen Rücktritt“ von Kanzlerin Merkel,2083,German
1SaLjxAJt5U,МастерШеф. Сезон 7. Выпуск 26. Часть 2 из 5 от 22.11.2017,32128,German
YrJMvGI60FI,Unterwegs mit der Elefantenpolizei (Doku) | Reportage für Kinder | Anna und die wilden Tiere,7720,German
i_zbNGfL294,"Короче говоря, IPHONE X",910507,German
rrSYCsSsAX4,Rheinischer Schnibbelkuchen Rezept | Herzhafter Pillekooken mit groben Kartoffelraspel,5739,German
ATHxWkDNnVg,Rätselhaftes interstellares Objekt in unserem Sonnensystem - Clixoom Science & Fiction,37138,German
b1Xa-ChF9wU,Weihnachtstorte / feine Lebkuchentorte,12602,German
lzn5CtC4lpU,Sandwich vom Wildschwein T-Bone mit Balsamico Zwiebeln,2219,German
5ECUmVcCItA,Kalkofes Fressesprecher | Jamaika abgeraucht,17083,German
VvL1GqxGTsw,Kakh Neshinan Part 66 کاخ نشینان قسمت,25793,German
4vt4dTTX224,"Die Kunst, zu manifestieren: Saturn im Steinbock. Gültig vom 20.12.2017 - 17.12.2020",3209,German
3yOw3VR_dpo,Help From Above Germany - Day 2 Evening Session (Apostle Johnson Suleman),8986,German
20VN_kPHWQI,Flet burri që e braktisi gruaja një muaj pas dasme: Më tha që po iki me dashnorin (pjesa 2),26694,German
sEO3J_aQOv4,Panorama TVP (18:00) Główne Wydanie TVP 22.11.2017,8233,German
gfDIiGD_Fs4,Neu im Dezember | Deutschland,11700,German
-qg8ZqajsnY,Shakti - 21st November 2017 - शक्ति - Full Episode,134873,German
bombK2_5jXo,Kacke übersetzte Filmtitel,241598,German
Ro6eob0LrCY,Malika LePen : Femme de Gauche - Trailer,212702,French
ee6OFs8TdEg,QUI SAUTERA LE PLUS HAUT ? (VÉLO SKATE ROLLER TROTTINETTE),141695,French
nduL7G_gJoY,De retour dans le Manoir hanté avec le Grand JD !!,187654,French
QmpWE_SODZA,"T'es qui toi ? Squeezie, le youtubeur aux 4 milliards de vues - Salut les Terriens",91051,French
LhjhGOBIoHM,Jérémy Ferrari - On n'est pas couché 11 novembre 2017 #ONPC,294065,French
LGbUBietbJc,J'ABANDONNE UNE PETITE FILLE DEVANT DES INCONNUS (Social Experiment),335121,French
JfanclGyrZY,L'incroyable Joyau de François 1er,53248,French
PpECwr15oQQ,Cocovoit - M comme,55313,French
ZTTpRHC5ZH4,Une nouvelle lune - La Petite Mort #4,172608,French
RpEJCznFreQ,FAIRE UNE GLACE ROULÉE (sans machine),373013,French
tsMw-VMUtNU,Kid Barely Avoids Getting Run Over by Trailer in Norway,79611,French
hdOzPPa_bFY,JE SUIS PASSÉ À LA TÉLÉ ! (VOS VIDÉOS FOND VERT #2),255349,French
c0YARs-b5rc,NE DITES PAS ÇA À SIRI (SIRI HANTE MA MAISON),152390,French
BdUdHk80Z7U,J'ai pas lavé ma piscine depuis 30 ans...,321090,French
Wbbj4oZ-Wmo,[Zap Télé] LA FIN DE L'INTELLIGENCE (13/11/17),72519,French
PKBfGeMSTb4,Je change la ligne d'échappement de ma C63s AMG !!,166132,French
avNyRo2Vd9U,10 RECETTES DIY DE BAUME À LÈVRES À PARTIR DE BONBONS,240158,French
lQxGAH73DNE,"Le fascisme, c'est pas bien, par Usul",49188,French
FGA3qaOl5SM,"NEYMAR craque, BENZEMA et les Bleus, RONALDO encore papa, EVRA...",160173,French
8YEGqrtsxBc,6 CRITIQUES OCT/NOV (Thor 3 / Carbone / Au Revoir Là Haut),102804,French
7FOxuEaWm1k,L'OPEN SPACE SAISON 2 - KAARIS !!!,89653,French
Uq-eW_7xiAA,Et Si Tout L’air Disparaissait Pendant 30 Secondes ? (en 360s),567108,French
KBeILuk6Tzg,Le PIRE Électricien,269993,French
tEvxCacYbFU,Clyde Vanilla #9 - L'Être Primordial,129864,French
Cu_I5qtYqaw,"ARGENT, HATER, PLACEMENT de PRODUIT : LE POINT SUR YOUTUBE / Maud Bettina-Marie",117799,French
anvZCeVIOCg,LES PERLES DU NET: Quand la PRISON te rend FOU !!!,160820,French
EM0p9NFhDdo,8 MOIS SANS ABDOS... LE RÉSULTAT !,15624,French
2rciAnKuVdM,"Quand le WU-TANG découvre Booba, PNL, Nekfeu et Niska",35870,French
redJOfQQlhg,LA MUSCULE : LE PATRON (EP9) - Bodytime,161866,French
iNF0Zoo_9FI,Les Marseillais VS Le Reste du Monde 2 - Episode 52 HD - 13 Novembre 2017,84521,French
a0TDcLkTdiM,FOOTBALL VS VTT TRIAL (feat AURELIEN FONTENOY),173226,French
hQ0RcXSNKPM,COMMENT ASSOMMER UN POTE EN 4 COUPS ?,207278,French
iKB0e3wL2Y4,LA MEILLEURE PLAYLIST 2017,161552,French
qrj0hChVji4,LE CLOWN TUEUR VOLE LE McDonald's DE GAMEMIXTREIZE ET MOMO !!,74384,French
8o6Yn4-7o-o,Alrima - TAHIA MAGHREB,508175,French
Vrfq5pIQJ-s,شاهد..لحظة تلقي رونار اتصالا من الملك محمد السادس بعد الفوز,2990802,French
FuJgxV9h_Zc,Expérience Sociale #49: ALTRUISME vs. IGNORANCE,57030,French
783GObTk-I4,لن تصدق ماذا فعل المغاربة و التونسيين و الجزائريين بفرنسا بعد فوز المنتخب المغربي,424161,French
Ia2WpQVP8lI,DJ Hamida feat. Orchestre Tiiwtiiw - Les Marocains en Russie (world cup 2018 Russia),457870,French
dVR7h99fZGc,Ring Bearer Tosses Pillow,190246,French
DhRyv2Ccupw,Moha La Squale - T'étais où? (Clip HD),209283,French
qhanFhnOLsY,"TRUMP, CHINE, ARABIE SAOUDITE... RÉSUMÉ DES 5 ACTUS DE LA SEMAINE #3",35231,French
gXyP-w4nDyM,Jazz en PLEINE CRISE DE LARMES: son CHIEN A ÉTÉ VOLÉ...,30296,French
68F0uL6Z8-Y,مع نوفل العواملة من الملعب بكاء هيرفي رونارد و تصريح اللاعبين,404120,French
aBQSNL4DymI,l'Indépendance de la Catalogne ?,45311,French
nP10W-rPJcg,late nights - lofi hip hop mix 2017,17804,French
dTbHOXT6xhE,Fin du Game - FINAL SAISON 3  DerrièreYoutube Ep 6,42093,French
tisvoTD-IXo,LE CLOWN TUEUR NOUS OFFRE UNE PS4 ! WTF 😱,172561,French
SoDxxEyxE84,Raquel Garrido explique son départ de FI - Les Terriens du Dimanche du 12/11/17,12740,French
cR23RF-qLHM,Mes Sosies,855508,French
-ktC_CVGAvs,Son mec lui disait que son engin était trop gros pour les préservatifs. Alors elle lui a envoyé,11132,French
FDoOrin7Guo,J'AI REÇU UN ÉNORME COLIS !,376091,French
2urX1QwMgNI,Todopoderosos: Brian De Palma | #TPDePalma,40916,French
YArr_7RbJiU,iPhone X VS iPhone 1,142060,French
9x8maydHc38,Amazing U19 Qatar penalty shoot-out,9637,French
fow3fbsZ00k,"Equipe de France : Les Bleus à Cologne pour Allemagne - France, reportage I FFF 2017",50535,French
nNWmcauF-9I,Patrice Evra évoque son avenir en tractant un 4x4,48029,French
kn-pu9awJaY,Vos slides sur moi,883257,French
tlSLFSw_lYs,Kabila pousse Tshibala vers la porte de sortie et Ndeko Eliezer agent de l'ANR?,26260,French
ko1ebVo3C70,20 ASTUCES DE GENIE POUR L'ECOLE QUE VOUS AURIEZ AIME CONNAITRE PLUS TOT,24072,French
MlktRNrFFXo,COMMENT BRODER UNE VULVE ? — Le DIY de la teuch,7782,French
0gX3t6Otnnk,مؤثر شاهد ما قاله الملك محمد السادس بعد تأهل المنتخب المغربي | لن تتوقع ما قاله!!,768620,French
LxlOw30Xo-U,شاهد انبهار اعلامية لبنانية بمستوى المنتخب المغربي عقب التأهل التاريخي لروسيا 2018,236911,French
pntPBdQgGoY,Asma Lmnawar - Ha 7na Jina (EXCLUSIVE) | (أسما لمنور - ها حنا جينا (فيديو كليب حصري,923261,French
pzykpocreMc,FIANSO se fait VIOLEMMENT AGRESSER et CHASSER en plein CONCERT à Molenbeek !,104253,French
7urLUZ0Btt8,LE BARCA VEUT ABSOLUMENT ANTOINE GRIEZMANN !! / LE REAL MADRID A DEJA FIXÉ LE PRIX DE BALE ! ZI#315,50204,French
OoCkKpGsF_0,1 mot / 1 candidat : Jordan (LVDA2) n'est pas tendre avec ses ex !,163164,French
xB_Jc8I32A0,Questions & réponses n°134- www.regenere.org,8546,French
jZPv46YGgfU,شاهد محلل جزائري يفجرها علي قناة جزائرية لاعبي المغرب رجال لتأهلهم للمونديال لاعبي الجزائر النساء,47828,French
mVtinIwS4QM,PROF GB #4 : 3 EXPERIENCES A FAIRE A LA MAISON !,85271,French
lRHS-n3iR4g,اجيو تشوفو كيفاش دوزت نهار السبت مع اسرتي💕 ، وجبات سريعة ، فوز المنتخب الوطني 🇲🇦🇲🇦 و المزيد...,59454,French
64Zp9KvOY-Y,"POGBANCE les frères POGBA, MBAPPE humilie JALLET , GRIEZMANN chanteur .....Zapping Foot #52",61769,French
8L3bSNzTVhQ,"Mbappé humilie un partenaire, Evra revient - La Quotidienne #140",41035,French
eToeNZVC8FU,J'AI VISITÉ UN CENTRE SPATIAL !,321860,French
rfZuiD2MaUM,Karl Lagerfeld descend Merkel dans Salut les Terriens,23722,French
LZ5a2foctcA,شوفو اللعابة ديال المنتخب المغربي بعد سهرتهم  بعين الذئاب..بنت رونار راكبة مع بلهندة و بنشرقي,324910,French
5aHZCOUiqCA,SANKARA DE KUNTA akoti rando KOFFI na FERRE. Akoteli nani? + NATY abengani KIRIKU,29374,French
lXLHyViDxqM,Pod et Marichou - Saison 2 - Bande annonce - Episode 53,182280,French
4-cBcUCnFqg,"Birdyy (Youtube): Agression, Humiliation, Argent, Relation avec des fans...Le roi du Prank se lâche!",94634,French
1XK6vl9Oa0E,He did it again! Ngapeth closes an incredible point with a fantastic Ngaback!,10569,French
K2bupEhzJm0,رد فعل مصري على فوز منتخب المغرب على ساحل العاج والتاهل الى كاس العالم,371258,French
Kg7-PAMLups,France - Nouvelle Zélande : Le résumé,23795,French
TeNlZ_8WKdo,On passe en CUISINE à KFC! - VLOG #482,153071,French
RcFT1BlWYSY,اعلامية قطرية ثتحدت عن المبلغ الذي ستمنحه الفيفا الى المنتخب المغربي عقب تاهله,108303,French
TsKS3XfcU7Y,Dimanche Tout Est Permis S01 Episode 08 12-11-2017 Partie 04,118878,French
NUaf90fMEW4,FIFA 18 PENALTY VS PENALTY FOOT IRL VS MES FRERES - CHANTILLY CHALLENGE !!!,55785,French
x1xbq4XnOp4,Top 10 Meilleurs 2nds tours de Draft All-Time,23082,French
Yjtqf0NPNSA,"Top 5 Plays of the Night: November 12, 2017",226660,French
rJiyAQPrTVc,شاهد فرحة محليلي قناة BEIN SPORT فرحة كبيرة لم نراها على أوجههم ممد وقت طويل,848688,French
pY32595kQ0M,Facebook lutte contre le revenge porn - VERINO #102 // Dis donc internet...,233265,French
MhDbAS6EQQ0,Extrait d'un match entre les U15 féminines de l'OL et les garçons de l'AS Buers Villeurbanne,2100,French
l_7HXA7LmUU,إنبهار الإعلام التونسي بتأهل المغرب لمونديال روسيا,319264,French
lqnIuhrjA6A,"Elton John, I'm Not Playing this Wonky Piano!!! | TMZ",9821,French
jVH6-eQwGjE,REPLAY de la DEMI FINALE 1 de l'Afrique a Un Incroyable Talent   saison 2,70645,French
pvKs19lr69A,BERCY REK AK SANEX - Episode 5 - 12 Novembre 2017,101010,French
2KBTtnQyiis,FIFA 18 - ESWC - LES PAPYS FONT DE LA RÉSISTANCE !,50862,French
9QSsa7PyuZ0,FIFA 18 - UNE CARTE ARGENT A 150 000 CRÉDITS ! CRISTIANO 74 MEILLEUR QUE LE 94 ?,70994,French
3yTWXT1Dj_4,Burn out - Bande-Annonce officielle,3046,French
BaPXooxJp00,Je réinspire ma vie - GEORGIA HORACKOVA,102674,French
SefafTAhQ5Q,Aprés avoir quitté l'OM - Patrice Evra tracte un 4x4 !!,6953,French
q1IyHz7BR2Y,"Նռան հատիկ, Սերիա 46 / Pomegranate seed / Nran hatik",54031,French
iydJh4wFYq8,Que devient François Hollande   Il répond à Michel Drucker,4613,French
ARceRTLzDzA,OKC THUNDER : QUELLE IDENTITÉ  ? First Talk NBA #32,15580,French
afG9KvRcSYc,Vamsam - வம்சம் | Tamil Serial | Sun TV |  Epi 1333 | 13/11/2017 | Vision Time,72309,French
METijTu2IcM,Malte : Je suis Daphne - L’Effet Papillon – CANAL+,15222,French
k_KXgkEZGtI,بالفيديو: تسريب لقطات حذفتها بينسبورت في مباراة المنتخب المغربي ضد الكوت ديفوار,303817,French
5QE2UWudkaY,TOKOMI WAPI DU13 11 2017 NINI ElAMUKI  LELO NA CONGO,28578,French
tgjTYiowYZk,JEREMSTAR - LA PEUR DE SA VIE - Marion et Anne-So,5210,French
jKfNUQsYMYI,Face ID  -  Une régression ?,121875,French
1cr9mQh_IlA,"Elisabeth Lévy, Natacha Polony : elles dénoncent la chasse aux hommes. - C l’hebdo - 11/11/2017",48321,French
7Cj6P13MUNU,حيل مطبخية ومنزلية ذكية مفيدة جدا لن تستغني عنها أبدا ❤❤ من عالم ملاك,49667,French
S6r8FNCUNPA,LQC - Quelle est la répartition des lettres dans les pâtes alphabet ?,430724,French
YdCowQVqdfo,J'AI PERDU LA MOTIVATION,114014,French
MPw9b9ZCsGU,Je test et dissèque le Grand Veggie ! Action - Réaction,49333,French
dpwv-nVUzAo,NATURAL FITNESS SHOW (LE FINAL !),531627,French
w86peaYNLdk,FUT 18 | ON COMMENCE FUT CHAMP EN 10-0 ?!,63708,French
V9bayEQ7xwk,Géolocaliser n'importe quel téléphone portable,11882,French
XV0_9XAM10o,من طنجة إلى الكويرة .. أجواء خيالية في شوارع المملكة المغربية,392350,French
6JqNitREfPk,13-Novembre : sommes-nous mieux protégés ? #cdanslair 13.11.2017,2952,French
vt13k3Z31o4,شاهد  الإعلام الجزائري يتحدث عن تأهل المنتخب المغربي إلى المونديال,412870,French
_kTxT3ZIu6I,Le Bret Du Faux sur RFM / Lundi 12 Novembre 2017,4547,French
uHUoon0jOfg,Scènes de liesse et heurts avec la police sur les Champs-Elysées après la qualification du Maroc,13201,French
k_73Get4zFA,Breaking news politiques - Morin a fait un rêve,3524,French
hZ73Ry3YthE,لحظة وصول أسود الأطلس إلى مطار الرباط سلا,177851,French
nrTkHZI4KlQ,Giant wave slams into British surfer Andrew Cotton causing huge wipeout,60548,French
-bqyTKrGq18,DÉFIS TECHNIQUE INCROYABLE ! FOOTBALL SKILLS,55916,French
LucUgZucG9M,JE REFAIS DES PHOTOS ! #DÉFI,97976,French
1Cat-Fxks_s,La cuisson des œufs à la coque différente au Mexique,2042,French
w9_TuLo3Ao0,ملخص مباراة المغرب وكوت ديفوار 2-0 شاشة كاملة - المغرب تتأهل لكأس العالم بروسيا 2018,738052,French
FjcbdPF9bN4,JE FAIS UN HOT DOG XXL EN TROMPE OEIL 🌭 - CARL IS COOKING,10052,French
cAhp-JLDiRI,"Il brule de la neige, elle ne fond pas | Projet HAARP ?",3120,French
7M0pWfEAPoo,شاهد انبهار اعلام الجزائر من اداء منتخب المغرب امام الكوت الديفوار و تاهله الى كاس العالم,268171,French
VG1bq1mD5bk,Iphone X : une addiction comme une autre ?,10500,French
RKgk0DXZCvQ,Réalité 3 Fatou Barcelon Herman Belvie Coquette Vue de Loin Sundiata Modero Mayo Bronly Zidane Souzy,6708,French
O7JJllvepts,Michel Sardou : Les révélations inédit de Louane Emera,7709,French
J_I00wRkYFY,VLOG MAROC 2-0 COTE D'IVOIRE (RUSSIA 2018) - فلوغ المغرب 2ـ0 الساحل العاج كأس العالم روسيا 2018,85380,French
1hNAMeGnDSg,MOTO VLOG#40 PRÉSENTATION DU S1000R,18905,French
JmQbIFj3d10,تصريح لقجع وحكيمي والياميق وفجر و حاريث والمزيد,299240,French
mAbw28ePp5c,LES 5 MEILLEURS MAGICIENS DU MONDE PASSÉ SUR INCROYABLE TALENTS !,50733,French
xBwL10BMXeI,Kurt Volker et la stratégie américaine en UKraine. 2 février 2017.,3609,French
SAwrNMAKF3I,samhini 1292 Complete 2M مسلسل سامحيني 1292 كاملة,25364,French
icKOIAc4rAA,Le client est roi… vraiment ? - Tout Compte Fait #TCF,4326,French
O90_g03eo2I,"L'Antidote - Dopage au quotidien : une béquille chimique. Canal 9, lundi 21 octobre 2013 à 19 h",3333,French
8bSyJzEC1vo,Débriefing F1 - GP du Brésil 2017,3329,French
ondy6jke_SQ,LES DILEMMES EN LIVE ! (REDIFFUSION),43674,French
HjEYwXJh-Og,Dans la Tête d'un Pro : Gaëlle Baumann aux WSOP 2017 (1),14929,French
Vt7p1-0X0Ho,Dieudonné et les commémorations du 13 novembre / Marseille jean claude gaudin macron,14830,French
7CdZE2zKQnk,Carla Bruni-Sarkozy en larmes face à Delahousse - ZAPPING TÉLÉ DU 13/11/2017,9077,French
PqDTqJMMSrY,Samsung Galaxy Teaser,15205,French
OMgw9gPX3xk,MA PLAYLIST ! Dansez avec nous 💃🏾 - Pembe Cherole,186679,French
hWtTJ3Q37rY,MAGIE - IL FAIT APPARAÏTRE UN AVION DEVANT 230 PERSONNES !,5114,French
3KvSVqN43t0,"VOL, BAGARRE ET CRACHAT - Draw My Life",17255,French
_wChN4yabJM,DALS S08 - Lenni-Kim danse un Tango avec Denitsa Ikonomova sur What do you mean ? (Justin Bieber),19004,French
JrzLZiHeUO4,Benzema a-t-il mis fin à ses chances de revenir en Bleu? Débat,24615,French
4HeOSihd32A,LES GAMERS [Version intégrale] - Les Reportages de Vincent Lapierre,14854,French
z4PWAu9HfxM,No hablo (Vidéoclip),38245,French
k0OruM7tneA,الإعلام المصري :  شكون فالمنتخبات العربية  لي غدي يدوز لدور الثاني ؟ ولموت ديل ضحك وكلشي قال ....,48650,French
u6EoWM2KMPE,"Portokalli, 12 Nentor 2017 - Policat e postbllokut dhe Kimikati",100607,French
SnHtzkQZggA,عروس اسطنبول | اعلان الحلقة 25 | - مترجم للعربية,15899,French
irIZRH3JlIw,لقجع يثور في وجه الإتحاد الإيفواري بسبب الجماهير المغربية,207452,French
g12KeCPRB4Q,Vide grenier LIVE - 12 Novembre 2017,20744,French
cJon8yBKv3g,Kingsman : Le Cercle d'or (Mickael J Critique),19487,French
4VVSNyAGYeg,maroc vs cote d'ivoire 2-0 Résumé du match cote d'ivoire vs maroc  بتعليق عالمي عبد الحق الشراط,140846,French
k_eAklnTFn8,FAIRE UNE MUSIQUE EN 10 MINUTES ! Feat Medusa,60057,French
ggzueeHh7Tk,L'ombre d'un doute - Val de loire des châteaux et des dames,10825,French
NKhUBmxLdRw,ჩემი ცოლის დაქალები 12 სეზონი 24 სერია / Chemi colis daqalebi 12 sezoni 24 seria,34242,French
8rHbN5F_40I,RÉVÉLATIONS : CHAUFFARDS SOUS HAUTE SURVEILLANCE 1/2,54993,French
49c5C9NCrLc,LE PETIT YAYA 8 😰 Avec la participation de  Q.E Favelas et Tonton Marcel,74564,French
rNLTO9ezW4U,On vous dit tout sur l'album Trône de Booba !,76278,French
Ti_hmTpucmI,CE DJ AVEUGLE VA VOUS SURPRENDRE !!!,59376,French
dZz03YX6qGo,Enlever l'Encoche de l'iPhone X !,15262,French
_ftvB5ZSoBI,#Débloqués // Saison 02 - Episode 03,33228,French
zAyvYsvRInY,"full moon - lofi hip hop mix 2017 to chill, relax.",16990,French
RgEB_5ILUfg,JETER 10.000 CLACS DOIGTS D'UN TOIT,497087,French
Tru6qt8YtRU,Koh Venant [Parodie Alien],7945,French
WHlw2XLWXNk,"Interview de Lorne Peterson, Légende d'ILM sur Star Wars !",12927,French
wOLQYJERA9Q,Le Moment Meurice au salon Be Happy,59602,French
GKMa04pjLzM,Origami - La vie en rose,40632,French
jawyTk67RM0,BEAUTÉ INTÉRIEURE,38140,French
7Gm1HmnMEzI,Instru Type Booba x Damso | Beat Trap Violent Sombre - Jack Sparrow (Handy y Kap'z),7392,French
QKj6l1apQ94,Maître Gims - Cameleon [Son Officiel],32276,French
PP_TVFqp-kE,Etoile filante 14 11 2017,7153,French
D137aeWoCSU,Frères d'Armes - Warrior feat Zesau,7457,French
MpliHEy_5LA,Allemagne vs France 2-2 - Résumé Complet & Buts - 14/11/2017,59545,French
NaVHCpHIpzw,LE K BENZEMA REPORTAGE DE BENZEMA SUR CANAL +,130670,French
EJKPn51ZrD8,"L'invité d'honneur, Karl Lagerfeld - Salut les Terriens",61916,French
kDLoph6bhp4,Affaire Alexia Daval : Mon client est très touché par certaines rumeurs explique l'avocat du mari,15481,French
OtoPt_JGq_A,CARLITO AVOUE DEVANT MCFLY QU’IL A UN S**TOY CHEZ LUI !,81481,French
XsrYk6bVbq8,شاهد رابح ماجر يثور على صحفي الإذاعة الثالثة 14/11/2017,195598,French
wo7O8XQ154E,Un gars une fille - et canaille,46455,French
5hEJsoDP2q4,"Justice League | “Come Together” | Todrick Hall, J.Fla, Mario Bautista, Samantha Harvey, Clara Marz",113963,French
E8U8rZhmGQg,مباراة الجزائر  3 - 0  افريقيا الوسطى (كاملة ) 14-11-2017 Algérie vs Afrique centrale live,122509,French
dbxTQPrg-4o,محلل جزائري يعترف ان المنتخب المغربي هو اقوى منتخب افريقي وعربي و يرشحه للذهاب بعيدا في المونديال,150280,French
x0oA63U9ptk,Nouilles sautées végétariennes - YouCook,30302,French
HvyUEp-oxqI,CE QUE MES ABONNÉS M'ONT FAIT ACHETER !,45639,French
KkZK4MQOpTE,Ridfaa - Ce Soir (Clip Officiel),38770,French
DII4hxSNXXE,La France à l'agonie,12131,French
thxRLNddnhU,Sweden team crash TV broadcast celebrating place at World Cup,14366,French
kauXN6nz_OQ,ILS RÉAGISSENT AUX ANIMOJIS (iPhone X),62864,French
jLixZkMhJPU,Dysto - Reality [Lyrics],6904,French
hxUCwTxg2lk,Yassine Belattar met le feu sur le plateau de Pujadas,4772,French
mQ6vTXigdTg,Premières neiges aux Arcs le 13/11/2017 !,5067,French
TuMB5uluUnQ,Chasse en Battue Cervidés Sangliers Saison 2017/2018 Blaser R8,4206,French
O58tayW-ISw,SX de Paris : La piste prend forme ! © Motoverte.com 2017,2872,French
lWLYR8W0gaA,Ben Mazué - J'attends (Session acoustique) ft. Pomme,13361,French
ZQ7D6ephWg0,Un grand match de titans !,26406,French
BQqj9s5yPgw,Hobbes the Puppy Learns to Go Down The Stairs,67598,French
NH04ys6y2Ko,Dragon Ball Z: Light of Hope - NEW FILM [OFFICIAL],436650,French
curL32rU06w,Juppé/ Macron : l’axe anti-Wauquiez ? #cdanslair 14.11.2017,8450,French
RBo7KpjFNU8,"Une rencontre, une histoire - AlphaCast & Sombra - Humour",17198,French
oyjjdPfs0JM,[Zap Télé] ÉRIC CANTONA SE PAYE RAPHAËL ENTHOVEN ! (14/11/17),69286,French
Yw8olc2IQi8,Gén. De Villiers contredit Macron cette guerre est loin d'être gagnée 13/11,23084,French
LjQ1DKDXO8g,7 CHOSES HORS PRIX SEULS 1% DES RICHES PEUVENT AVOIR,27445,French
gpBINbs7hfQ,Pub Artagence Bijou,2386,French
esvURurk-_s,Catherine et Liliane dénoncent les gens malhonnêtes ! Catherine et Liliane  du 13/11 - CANAL+,7585,French
NkjiSDxmI94,LES MARSEILLAIS VS LE RESTE DU MONDE 2 - Épisode 53 | Video du 14 Novembre 2017,18909,French
FnlWN3QcosY,Le 20.45 de Camille Combal : spécial années 80,59115,French
IxSMSUYyZqk,Barakah Feat El Primo - Jurassic Trap,5123,French
3Bi-wUJs89M,LE PLUS GROS PROJET DE MA CHAINE,58168,French
rMcOK1HPa9o,samhini 1293 Complete 2M مسلسل سامحيني 1293 كاملة,149365,French
NgUjCHVznrU,Tanya (Secret Story 11) dans le bain de Jeremstar - INTERVIEW,286119,French
ld8usyxhfTA,WINNER MonkeyTunesTalent(S5) - Dièse - Creep (live),1823,French
MfTbPeW8ihM,RONALDO A DEMANDÉ A QUITTER LE REAL MADRID !! / NEYMAR ÉCHANGÉ CONTRE 2 JOUEURS DU REAL ! ZI#316,66464,French
IyfzBVkSx9s,KARIM BENZEMA DANS LE CANAL FOOTBALL CLUB HD,119185,French
sjfCKcQ6xW8,Dans la tête d'Eric Cantona - C à Vous - 13/11/2017,42420,French
FEfWvaEsJao,Meurtre au Val de l'Aurence à Limoges,1960,French
d2JXTDSI6hk,[TAG n° 596] Qui de nous deux ?,6935,French
TPyphx153Io,Mariés au premier regard - Saison 2 - Episode 2 - Vidéo du Lundi 13 novembre 2017,19124,French
GJlVO7OI2yE,Allemagne vs France 0-1 But Lacazette 14/11/2017 HD,2528,French
Q8NiJv6W6CQ,GoPRo Hero 5 test at Coral Bay Ningaloo Reef | Western Australia #8,1471,French
4qip39qYNlE,"Les vacances des Anges 2 – Episode 57, Vidéo du 14 Novembre 2017",9516,French
TOOcXB_dzZQ,Brulux - Rec (Clip Officiel),373583,French
dK4BI6l-ScE,"Marché de Noël : Audience au Tribunal Administratif avec Campion (14 novembre 2017,, Paris)",2707,French
fPcyE7SKoI0,"Coupe de France, 8e tour : le replay du tirage au sort",30565,French
wlg_MvhS46o,YouTaxi - Episode 17 - 13 Novembre 2017,161914,French
dDL90C9bcI4,SISTER SISTER - Relation à distance 1/2 💌,14415,French
Rcas2VtOj4g,"HAUL JAPON et LONDRES (Food, Muji, Uniqlo, Tokyo DisneySea, H&M...)",8610,French
p2HYgRcAnU0,TOKOMI WAPI DU 14 11 2017 PONA NINI OPPOSITION EBOYI CALENDRIER,28900,French
EiYtc-AVXdc,Frank Ntilikina 7 pts 2 asts 6 stls vs Cavs 17/18 season,10083,French
W3qDI7IKuV8,MIRACLE : UN AMENDEMENT FI ADOPTÉ À L'ASSEMBLÉE !,24974,French
p4KLrQKJn3c,Fall of Raqqa: The secret deal - BBC News,27531,French
vLGAevUtZ7o,Elvis Presley aurait 82 ans cette année,3977,French
dwHVRzvT0eg,Indochine - La vie est belle (Live aux NRJ Music Awards 2017),36653,French
pcBHulu4l98,Menace terroriste en Lot-et-Garonne : le maire de Monclar-d'Agenais témoigne,3184,French
jMLAROmO3e4,Présentation de la DotSquonk de chez Dotmod,3781,French
ClytthbhuNQ,ملاسنات كلامية كبيرة وخطيرة بين ماجر وصحفي بعد وصفه بعدو المنتخب الوطني 14/11/2017,24136,French
Z5Sh1mLV8hA,Les plus GROS BIDE en DIRECT à la TÉLÉ !!! 😢,49683,French
r4h2D6PaGqY,Qualifications Coupe du Monde 2018 - Italie / Suède,353422,French
L3qQeo4bLMw,Allemagne vs France 2-2 Tous les Buts 2017 HD Résumé Complet,56924,French
gQ6d_yKNmoM,«IL FAUT RÉGLER LA QUESTION DE LA DETTE» - Mélenchon,29321,French
oxQ0m4szCpc,Vlog : Je fais les Sushis avec mon mari 💗 لأول مرة غادي نصاوب السوشي أنا و راجلي 💗,32665,French
z1QSHCcTEow,"GLORIA OLANGI niveau apupoli : feti wana ezalaki feti ya ba mbua, ba milou + rando KOFFI na FERRE",13205,French
0F2euYl6G5c,Dieudonné Les Médias Spectacle Complet,36696,French
_RRx-O0wBUU,"Erza, Leany et Elysha qui danse",4943,French
QLwEN1gVios,"INTERVIEWS JUNIOR CLUB - Verratti, Marquinhos, Kimpembe, Kurzawa, Rabiot",25863,French
tpfLhpzXQRA,Lacrim I Freestyle Booska Ripro 3,174729,French
NxFV3M42HH0,JE ME FAIS VIRER DU LYCÉE A CAUSE DE MA TENU CHOQUANT !!,85608,French
iSzOs8efz6I,SCÉNE SUR-RÉALISTE LORS DE ITALIE - SUÉDE (2 mains non siflée dans la surface),9079,French
458JeQt9XEY,Vanille s'tape l'incruste chez Julien Tanti : La Pizzeria des Fratés ! (EXCLU VIDEO),2410,French
RlxhyLYQM1A,Le Bret Du Faux sur RFM / Mardi 14 Novembre 2017,6892,French
nwHdKBhUCJE,iPhone VS Voiture : CarPlay !,136343,French
Ak-tsxFFo5A,ESSAYEZ DE NE PAS ÊTRE SATISFAIT #24 (La Vidéo La Plus Satisfaisante du Monde),5983,French
sOfA8icoIHo,"MUNDELE Asaboli CARINE MOKONZI,GRÂCE MBIZI,JAEL SWOH,GLORIA OLANGI Nani Aza Na SIDA Apanzi Bango MAB",10799,French
faPIpWALTck,"Ce mari a trompé sa femme pendant des années… Mais un jour, il a reçu une carte postale vraiment ...",13648,French
67Wvyvf5dKs,SYMBIOSIS  ♫ 【TRANCE】 BY SILMARWEN FAELIVRIN (OFFICIAL CLIP),39709,French
nAnetMShNac,"Amour, Gloire & Beauté - Episode 7275",4731,French
yWktRHKZaPQ,10 jours avec l'iPhone X : ce qu'on aime et ce qu'on n'aime pas,42502,French
OE2xE5gK-cQ,BONSOIR.,29100,French
orIShcEo7tQ,Carla et Jessica AVOUENT que les PROBLEMES COMMENCENT dans le tournage LMEA,4149,French
JFqLLiHYcoM,Réalité 4 Fatou Barcelon Herman Belvie Coquette Vue de Loin Sundiata Modero Mayo Bronly Zidane Souzy,10914,French
Q9IvTVg6o6Q,13/11/17 « Que sait-on vraiment de l’Egypte Ancienne ? » avec Jan Niedbala - NURÉA TV,11825,French
mfnLFRbk5tU,"Histoire de la perforatrice , Histoire de la perforatrice Google Doodle",9501,French
bJ5kWi6dq8A,ملخص مباراة الجزائر وجمهورية أفريقيا الوسطى 3 - 0 14-11-2017 HD Algérie et la Rép centrafricaine,100976,French
-Vcb8DljiBI,Paris-Turf TV - 100 %  Quinté - 15/11/2017,12026,French
QL4ToMuGyus,Gabriel Jesus nutmeg on neymar,3535,French
eFsUzNo8ZdU,"FIFA 18  - COMMENT GAGNER DES CRÉDITS ? BLACK FRIDAY, POTM, TECH 700",55048,French
9KqtguPzNGk,Je n'ai pas besoin d'homme dans ma vie !,5790,French
DqTlixzambI,Karim Benzema avec BOOBA DIT ENFIN pourquoi il ne chante pas La Marseillaise ! ZAPPING TV,51798,French
OeVlDsxwca4,Interview de Mme O.  après la technique Le Goff,3583,French
FT-9yLFUsVs,Tirage relationnel flamme jumelle homme et femme pour novembre 2017,2432,French
-A-hfXFTYso,New York Knicks : c'est l'heure d'y croire !,19088,French
4X1VrKSJ2pk,LIEUX SECRETS - Merveilles insolites de l’humanité,3208,French
XXMiccxCVCo,MBETTEL - SAISON 2 : Teaser EPISODE 21,97250,French
YNpyKnNf-sI,VOUS M'AVEZ DONNÉ LE SIDA GRATUITEMENT ; AUJOURD’HUI JE TEMOIGNE ET DÉNONCE,7733,French
WWwA3TKZFH4,يوميات إمرأة كالسة في الدار: بيصارة زعلوك زيتون مشرمل و كلمة من القلب  English Subtitles,26832,French
lXIPoj77TxI,ESWC PGW Fifa 18 Challenge Final - DaXe vs Cody,34195,French
uMGrCD8pZNg,DTR - TOUS LES JOURS,5776,French
f87uGBr4i9M,La petite histoire : Les Champs Catalauniques : la Gaule face à Attila,2597,French
gxNbJG4wowo,"La Bourse au Quotidien - Si vous réfléchissez, c’est que vous vous trompez !",2123,French
Tt6lqiSYilM,Le OUI/NON de Griezmann et Mbappé 😂😂😂,3572,French
X7nelQz_28c,"Les Marseillais VS le Reste du Monde 2 - Episode 52 HD, du 13 Novembre 2017",5198,French
qZ16HkSgRvY,Expériences fun et faciles à faire à la maison┃Reva ytb,18224,French
iG8gcdI4bg4,Soy Luna Saison 2 Episode 63,4059,French
lPkM-qQdIM8,Top 10 PERSONNAGES d'ANIMÉS qui sont complètement FOUS !,86085,French
rIEE1gHIWvs,Didier Deschamps répond sur le cas Benzema,89911,French
-SYd0f2cPfk,Projet custom mob Café Racer à vario,4617,French
8jLheO9-oBc,"PRINCESSE Caleçon pete  Ep1,Lava,Makambo,Baby,Ebakata,Daday,Darling",15746,French
rHljEOU3l_E,"Les Marseillais VS Le Reste du Monde 2 – Episode 53, Vidéo du 14, En Direct HD",19549,French
nV6xGXEL-QE,ماذا قالت قناة مصرية عن تاهل المنتخب المغربي الی روسيا 2018 بعد سيطرته علی کوت ديفوار.,82549,French
Rs3C7hMpgTc,Pourquoi sommes-nous jaloux ?,2803,French
KPuYy9u-BB0,Gateau SAPIN 3D CHOCOLAT ! Première recette de NOEL 2017,16947,French
QiTz6lbEy9Q,[FR] Accélérer ses transactions Bitcoin [VIA-BTC],1866,French
bn5TeQCMpJk,เธอคือพรหมลิขิต | EP.14 (2/6) | 14 พ.ย. 60 | one31,993742,French
v0LFTFgbl1Y,RECETTE DU POULET KFC A MA FAÇON FACILE (CUISINERAPIDE),8900,French
2FXTCZ2gVvY,Match en direct,7140,French
PMDzl1EIElE,germany  vs france ( all goals - highlights ) 2/2,16374,French
RGg6oUphTkg,Meteore 20171114,102907,French
ExvIThM_iPg,Hornet La Frappe - Maghrébin (Clip officiel),403553,French
NLa0tSC7xQM,Pranque : Greg piège Hatem Ben Arfa - Version Youtube (Feat. Michael Youn),398903,French
KsJ85LE-G50,Dikwan Erickson - Métissé [CLIP OFFICIEL],70255,French
hIvd2X_YV-M,LA JUSTICE LEAGUE sur FACEBOOK,82858,French
OjRTTBhCTKw,♡ Night Routine 🍂 (Automne Edition),73232,French
qqVZBlQzZ-4,MOMO AFFRONTE LE VICE CHAMPION DU MONDE DE TRIAL - IL SAUTE AVEC SON VTT SUR LES COUI**** DE MOMO,198891,French
GjwiF2NbCtI,17 CHOSES QUE VOUS NE SAVIEZ PAS SUR MINECRAFT,19425,French
nmopwgd4q0w,Google Home Mini VS YouTubers feat. Anonimal et Mastu,130215,French
ruAFz8_2Pcw,COMMENT SE FAIRE ARRÊTER PAR LES GARDES DE L’ÉLYSÉE EN 30 SECONDES ?!,87134,French
c3zPw-a325k,DYSTO - The Revolution (Official clip Lyrics),15998,French
SPzWTA99puE,Amazing fireball over Germany on 14.11.2017,15719,French
LZlLYKGNBNc,LE BON UNBOXING DES FAMILLES (Hitek Box),118540,French
Tx9VPQ-o5a8,MilliNine - Elle veut [Clip Officiel],8349,French
KU3iwDAHTDE,19 CONNERIES DANS HARRY POTTER 5 - BOM #40,46687,French
r8vhL1tSbU8,LA CARTE FUT DE... EUGÉNIE LE SOMMER,172278,French
H_NS3HDOldM,CET ENFANT A BEAUCOUP DE TALENT!,353142,French
HtLYuLu7lJY,"LES RAPPEURS PARLENT DE NEKFEU... EN BIEN OU MAL !!! ( GUIZMO, DOSSEH, AKHENATON..)",8788,French
wZtx995tP-M,"Rachid Badouri - Immigration, la douane",37540,French
ePk3QIOVq94,Le grand colloque du management - Le Moment Meurice,46974,French
am75Z2WvqGM,JEAZ feat. Wayne Williams - Amazing (Clip Officiel),6595,French
TWioqGPMB-I,Les plus gros COMPLEXES des YOUTUBEURS 2,91956,French
I01YfcnpMlY,Disparition inquiétante à Evrecy,5508,French
5odnJmBVc-E,COMMENT FAIRE UNE PIZZA VOLCAN !? (Pâte à pizza maison),153121,French
orJSLEozBtE,J'INFILTRE UN GANG,130831,French
vlC0N2ADQTE,LES 90 | LE VRAI FOOT ITALIEN !,109394,French
o44zmb3vfjI,LE SYNDROME D'EHLERS-DANLOS (MARGOT),103987,French
9w220Be3MqE,#HAUL DÉCO MEXIQUE & BALI,15072,French
-dgKaxi4Y2w,Le GOUVERNEMENT MONDIAL - Minute Papillon,64039,French
Lp1Ry8giX9U,K Sleeper - Corpse Party (Audio),3552,French
e-KE_9I-p-Y,Vanille s'tape l'incruste chez Julien Tanti : Maman Tanti sort les dossiers (EXCLU VIDEO),8094,French
sIo_fovOm4c,Bousculer les gens - Prank - Les Inachevés,53562,French
h7JdHPAG7Sw,L'humoriste Yassine Belattar défend Edwy Plenel après la charge de Riss dans Charlie Hebdo,10876,French
qc5n-RrmIo4,Cocovoit - Au marché,58036,French
5ARZ46k5TqE,Rania (Les Anges): J'ai vu le mauvais côté de la Télé-Réalité !  Elle balance sur les candidats !,108783,French
29TUExD0oCc,بالفيديو.. معمّر جبور يردّ على رابح ماجر بتصريح قوي,163413,French
imQqRmw0eWw,LES MARSEILLAIS VS LE RESTE DU MONDE 2 - Épisode 54,11160,French
Es7LBVySlZ8,Tayah - Pigeon (Clip Officiel),6762,French
9vt1oU-pbe0,Quand tu lis une histoire à un enfant (Feat. Nicolas Berno),139640,French
gwd5EZnEJLE,9 ASTUCES AVEC DE LA COLLE CHAUDE,206115,French
i_BrxnV3o1U,[Beur FM - Live / Exclu] Allyson Glado - Ma promesse,4301,French
GcWUcsu5BgQ,crassier snowboard  st étienne,4696,French
RoAVDcQ_dgg,Nouvelle Star - Rachel interprète Say My Name / Danakil Marley,6844,French
oQkwc9_T4h0,La Manticore - Occulture Episode 15,15001,French
13-HAaEzbBw,Top 10 des PIRES FILMS qui MÉRITENT un REMAKE !,97916,French
szDDOuiPvcA,Le mariage de Christophe Beaugrand,4493,French
-OcJeszEu40,DÉFIS TECHNIQUE IMPOSSIBLE !,38125,French
Isbq5Iv1QF4,LES NOUVELLES SAISONS D'ANIMES POUR 2018 ! (Du lourd à l'horizon),27461,French
q6omwxoNMY4,Ma FERRARI 458 ITALIA est devenue un TANK !!!,223719,French
MPCvK-vBVnE,[Zap Télé] L'IMPOSSIBLE PHOTO DU GEYSER ! (15/11/17),70403,French
yAAzqoUd6r8,"un crash en voiture à Nürburgring,",4230,French
d8PxPThizmY,Marina Kaye et les Bogdanov jugent les voix des chroniqueurs,49830,French
--mmyQlx91I,"Fun evening with Mentalist Lior Suchard , Gerard Butler and friends are blown away in a Funny exper",245146,French
NUHjBOyBLew,L'arrivée improbable de Dhorasoo en Bleu,3422,French
ek13NvcUlfE,REBOOT : le résumé de la saison1,19528,French
EaStrywOa3k,TARTE AU CITRON MERINGUÉE | VEGAN,12311,French
MHd4Nd8Xjtg,ELLE PORTE LE VOILE ? C'EST BON JE L'ÉPOUSE ! - IMAM BOUSSENNA,4237,French
rzRNVYCQAp0,samhini 1294 Complete 2M مسلسل سامحيني 1294 كاملة,170535,French
oBkjAb7EHq4,FOU RIRE DANS LA PIRE SITUATION ...!!!,50844,French
SWhiCo-NEVE,Liliane est souvent « toc-toc » - Catherine et Liliane - CANAL+,7122,French
kepIALKQZVo,PARK : LE CHATON VA ALLER CHEZ LE VÉTÉRINAIRE 🐱!,12175,French
ZrPY6N1tScg,LE MAD MAG - EMISSION DU 14 NOVEMBRE 2017,17096,French
6sJCSz-v95c,Les (petits) mythos dans un couple,16164,French
cc-ovS0Ukmo,MALAISE TV & LES PIRES K-SOS DU NET ! #12,39869,French
pRi-dZ3OFCg,TOKOMI WAPI DU 15 11 2017 BATUTISI BALUBA NA BA MONGO MITU?,22673,French
etNi-l8SLmU,CHRIS : 4 Trucs Qui Ont Influencé Destiny 2,86329,French
hpdTM6In2cE,Explosion colis suspect,1991,French
WzB7l1hqfOQ,LES MARSEILLAIS VS LE RESTE DU MONDE 2 ÉPISODE 53 HD,13125,French
TJ2pIks5qeA,"Si vous ne croyez pas aux miracles, regardez ça...",45111,French
9wwbC8kGTYI,Le Secret D'un Sommeil Réparateur et D'un Réveil en Douceur,11158,French
_HSpz8DYP-k,"DON DIEGO : Aïdara Patra, l'alcool et le chanvre...",17668,French
L8_0umY_AkM,اسمع جيدا ماذا قال معمر جبور لمحرز حتى تننرفز رابح ماجر,85062,French
ePU3E_86L5U,Nouveauté - Le Mad Mag du 16/10/2017 avec Coralie & Marina Kaye,16946,French
nozGxRt_yM0,Clash Plénel vs Riss : E. Plénel a t-il pété les plombs? Décryptage - 15/11,5777,French
fXlb1vtZ03M,TDB ET LDB   fusion (prévue pour 2018),1187,French
HlSzlyLG6hk,"Manuel Valls face à Jean Jacques Bourdin : Plenel, Médiapart, ce sont des gens dangereux 15/11",6176,French
hpwiTlWZXew,Calligraphie Déco ⎪COLOUR HAPPY EDDING,6898,French
ciGuACIC_gY,Nouvelle Lune en Scorpion 18 11 2017 - Quand la façade se fissure...La réaction du collectif,3014,French
kA_8rdwkBXI,DALS S08 - SWITCH - le meilleur des répétitions,26801,French
Xkj2mWKjqpc,"#BDR15 : DEMORAND, MOSCOVICI ET LE CERCLE DE L'INDUSTRIE, LE SILENCE DE MACRON & ÉLISE LUCET",26007,French
iHZ9ePNUcno,J'ai DÉTRUIS une ABONNÉE à la SALLE !,7204,French
7AMwLYyV4IM,Le Bret Du Faux sur RFM / Mercredi 15 Novembre 2017,6044,French
t7_7b5kHSQ4,SoraXOka & FriteXMidori [Fanfiction] Chapitre 28,2927,French
8LNxEqlWSFI,"Cher Thierry Ardisson, j'ai quelque chose à vous dire...",76624,French
NxVZo8WI4m4,Aie ! __ on passe un bon moment au vibration urbaine _  - 975613,2636,French
m6YqJoPtRn8,Syrie - Victoire à Deir Ez-zor et chute annoncée des terroristes [l'émission ép. 5],2739,French
blwm0Z91b0Y,15112017 Question au Gouvernement Meyer Habib - Salah Hamouri,12648,French
eWEbmu0va6M,Dog Reunites With Family After Nearly Three Years,4006,French
FdnFMj9kIjs,LES VACANCES DES ANGES 2 - EPISODE 58 - MCKRAFIC,47257,French
mvVdmHfap0c,BERCY REK AK SANEX - Episode 8 - 15 Novembre 2017,57734,French
2GGItRHOtuU,Réalité 5 Fatou Barcelon Herman Belvie Coquette Vue de Loin Sundiata Modero Mayo Bronly Zidane Souzy,12274,French
x4gg6xe6MBk,Good vybz only,1152,French
S8CMkIHtlHE,"#RDLS46 : MAJORITÉ SEXUELLE, CLIMAT, LAÏCITÉ, LAFARGE, NUCLÉAIRE, INVESTISSEMENTS, LIBAN",31777,French
8vUPnsch2-w,12 Expulsions INJUSTES dans le Foot,108129,French
qbnN4jkjm2E,[New 2018] Accéder aux contenus de n'importe quel téléphone IOS ou Android,1180,French
BI9W21TOl_c,"Analyse de Sushis, arnaque ou pas ?? J'ai tout disséqué",24927,French
hvJ8d3qLm2g,Le cambriolage tourne mal : un mort et un blessé,1662,French
4rvI7I15U_0,Le 5 sur 5 - C à Vous - 15/11/2017,5227,French
HhwS7yM7CO0,Nouvelle lune rose de novembre - Oser l'inconnu pour vivre le nouveau.,5452,French
an4KK6E1oIc,ARQUERO DE NIGERIA ERROR MANO - FAULT OF GOALKEEPER OF NIGERIA,37285,French
ssLc5Vnos-A,Chapelet du 15 novembre 2017,5606,French
aLFzbDh4FGg,Résumé de la ville morte du 15 Novembre 2017,11262,French
9D1kfdEtcvI,"Accusés de soutenir des terroristes,les députés France Insoumise quittent l'hémicycle (LCP,15/11/17)",2635,French
kj3FyvyBnes,10 ERREURS Dans Les Films De DISNEY Que Vous N'avez Jamais Remarquées 4,23015,French
ReUykdpDSRQ,Hummels tente de gratter la maillot d'Mbappé ! - La Quotidienne #142,49573,French
JEjTfwUyJ-E,"Dieudonné : La mairie de Marseille condamnée / Conseil d'état, Jean-claude Gaudin, CRIF",46197,French
KS78wHNhxyg,Disturbing moment distressed cow chases after 4WD carrying off her calves in a cage   1 NEWS NOW   T,30805,French
-oC4H_Mg2eE,Le 15' du BTP - 00,16674,French
3BZoZjralCI,LA FRANCE VEUT ÉVITER UNE ÉQUIPE A LA COUPE DU MONDE ! / NEYMAR EST HEUREUX A PARIS !! ZI#317,58078,French
IX2LY-yyVJw,MON CHIEN GOÛTE DES FRIANDISES VEGGIE,42338,French
PVzoS9tTNvU,Top 10 FFBB du 11 Novembre 2017,2352,French
Y5IffY3f8ck,Le Mad Mag - Emission du 13 Novembre 2017,15411,French
k2FNd2YkpgE,شاهدوا .. كيف انتفض رابح ماجر ضد صحفي القناة الإذاعية الثالثة:  بلّع فمك وارحل!,17293,French
Npq2SegZFZ8,Le gros malaise créé par Dhorasoo - LE VESTIAIRE 15/11/2017,25120,French
oSByg9jPjbA,Les vacances des Anges 2  -  Épisode 58  -  15/11,11810,French
xth4_F4tWvY,Mimie Mathy « pleure son compagnon » selon France Dimanche,4883,French
wFxjZCAnW50,SERGE KABONGO RECOIT CE 15 NOVEMBRE 2017 PASCAL OWONDJE ET ISRAEL MUTALA,7271,French
AZflKX5eK_E,ASSASSINATION CLASSROOM DVD - Retrouvez l'intégralité de la série en DVD et coffret Blu-ray,2274,French
AEQQjmwvvYQ,JULIEN CAZARRE SPECIAL OL 2017/2018,6534,French
9LLW3xvNFKk,"PRINCESSE Caleçon pete  Ep 2,Lava,Makambo,Barcelon,Ebakata,Dady,Darling",17905,French
culm1VBg-ss,UNEXPECTED LOVE,30623,French
8RWuLt9MygE,"La Bourse au Quotidien - Série verte, Série noire.",2140,French
GMhnzyZUXko,Detroit Pistons : ça ronronne dans la Motor City !,22362,French
pufMR3w7eZ4,"R-M Paint & TheArsenale / The.RM.Code 2017 / Lapo Elkann, Garage Italia Customs Part 1",5202,French
yGGkpB8iwwg,RECETTE DONUTS XXL 🍩 - FACILE ET RAPIDE,10744,French
bvFrk27uqBo,MATARI & CRIMSON x MON TEMPS,2479,French
ocGUb5ycxQY,JE VOUS PRÉSENTE MA COPINE !,91492,French
5uxoMfCiIWw,Le meilleur pâtissier - S6 - Episode 5 : Les gâteaux renversés - Vidéo du Mardi 14 novembre 2017,11121,French
PiCFUd1lgpQ,#PARADISE PAPERS : Nigel Farage Nous Dit Tout !! - VOF - ITV / Gemini48,3080,French
09spC6q0dx0,"Amour, Gloire & Beauté - Episode 7276",4357,French
Bfvt3Rs6srI,JEREMSTAR ET DES HISTOIRES DE OUF 😱 - Marion et Anne-So,4395,French
dRJHhYKK7YY,MOTO&CO s02e01 | Nouveautés 2018 : on passe tous au trail ?,7771,French
0-tCIevF_hM,Tariq Ramadan : « Tu t’es déjà touchée en pensant à moi ? » ! Une victime du prédicateur témoigne.,29861,French
fbuIMMNx77s,LES 10 FOOTBALLEURS QUI ONT ÉTÉ FRAPPÉS PAR LE KARMA ! 🔥,12392,French
LlRgTXyiwaw,ON RELEVE LE DEFI DE DORTMUND ET DU BAYERN !,48743,French
q1BEtu_SBQY,Chasseurs de Fantômes #RIP : Le château de Houska,3634,French
H07iLrh13SQ,Cérémonie d'hommage aux victimes des attentats - C'est Canteloup du 13 novembre 2017,30333,French
qvPo-9oSCaw,Palmashow - C'est carrément lui,448482,French
bHlJdYtDiEs,THUG LIFE 3 - ÉPISODE 1,249045,French
1RG7nqv7KM4,Critique - Justice League - Avec ET sans Spoil (Spoilers à partir de 12:56),113172,French
zJFEn83881A,JUSTICE LEAGUE - CRITIQUE,73038,French
I6aO0A4yemc,À QUI APPARTIENNENT LES MEDIAS ? (feat. OSONS CAUSER) - LA BARBE,45973,French
WNv6ZKqp5CQ,​On a quelque chose à vous dire !,128547,French
Z_xxtCUx7WY,GameMixTreize SE RAMASSE EN VÉLO TRIAL ! (#StoppieChallenge),226401,French
cImfRQ-TGtk,STOPPIE CHALLENGE AVEC LE TRIPLE VICE CHAMPION DU MONDE DE TRAIL - MOMO LUI VOLE SON VTT A 4500€,116695,French
wSEypP18utE,"Le Highlander - THE CELL #7 (Adrian Paul, Nicolas Meyrieux, Julien Pestel, Constance Labbé)",35133,French
wA4IG1IYAtY,Mise en garde sur le Japon (et pas que le Japon),45239,French
bPJfho54nLc,Une nuit dans un vrai Manoir Hanté : trouver la réponse ensemble,56656,French
bbWFas1fJVE,8 BLAGUES DE SLIME AMUSANTES / LA GUERRE DES BLAGUES,301902,French
Cha8vzs82Ls,SI LA FRANCE ÉTAIT UN VILLAGE DE 100 HABITANTS,36834,French
VgtrPFkXQtQ,"HOTEL TRANSYLVANIE 3 Bande Annonce VF (Animation, 2018)",87715,French
Wfxyx5tq_fk,C'est Tout Pour Moi -  Le Nawell Joke Challenge avec Artus,24017,French
xTs1jauC0Fg,J'OUVRE UNE TRAPPE SECRÈTE ! REGARDEZ CE QUE JE TROUVE !,84974,French
wesSK2U9Nwk,Caméra cachée : Greg Guillotin à l'infirmerie,61238,French
LUoBJ4bnrJ0,Don Amigo - Bobi - KAKAMOON ft. Damsgro parodie MWAKA MOON,117738,French
k9iu_UwpBRE,COMPOSER UNE MUSIQUE EN ÉTANT SOURD ? - Tai Reflections,10934,French
5u9fhEiyy3I,On pack nos 3 + GROS joueurs FUT18 !!! Pack opening FIFA18,74291,French
xBcK0J8QDrw,Un gars une fille - dans la cuisine,47996,French
AEy7eavsNPg,Le Oui/Non avec Griezmann et Mbappé (Equipe de France),40306,French
MVFdEa9v8wU,QUI VEUT EPOUSER MON NEVEU ?,14478,French
MOWAnX3i2X4,#49 Bruno à la maison !!,5743,French
UuCq8mtK8J4,"DJ Snake, Lauv - A Different Way",673010,French
0EkvA9x_l2o,COMMENT PRENDRE SOIN DE SES POINTES ?,10034,French
7t-ETimdGok,THEORIE - SPYRO de retour sur PS4,39181,French
fYnnQE5SffY,OnePlus 5T : Le Smartphone Pas Cher du moment ! (Exclu),172906,French
wzqNIrsAL1Q,Quel est le pire qui puisse vous arriver ?,16792,French
gUy-GPaWXaA,YouTaxi - Episode 18 - 16 Novembre 2017,64950,French
JAafuflD5RU,"Secrets d'Histoire - Louis XIV, l'homme et le Roi (Intégrale)",12374,French
bZCbHlRtAuI,Les signes que nous recevons: comment les comprendre?,4133,French
Qm5ZH-o4qdk,"Soyez gentil avec vos parents, sinon voici ce qu'il va se passer...",27924,French
jfdm1JqwHm0,Succès d'audience confirmé,4646,French
zZ0GbbMoY7E,نيبا خالق السعادة مع الاصدقاء فالحي,103890,French
jk0ajCOLeu4,L'EMISSION - الحلقة 11 الجزء الثاني,125289,French
HfhpGIOaf30,Questions & Réponses n° 135- Est ce que je fais ce que je dis ? - www.regenere.org,8843,French
QHi2Cjw1xOo,Trump Demands 'Thanks' From UCLA Basketball,504918,French
xJNR6Skf6PU,"LE CORSE, LE BRETON ET LE PICARD : L'ALLIANCE SACRÉE À L'ASSEMBLÉE !",3718,French
RnEgCE0KH7M,Ils sont tous FANS de de Gaulle ! - Quotidien du 10 octobre,22647,French
yt5fer86lfQ,LES PIRES CHOIX DE CLARA MARZ 😵 - Marion et Anne-So,5347,French
zzEcKV-2B4I,Nouvelle Star - Léa interprète Creep (Radiohead),21068,French
_-l62ZAEPB0,"ENTRE RONALDO ET SERGIO RAMOS, RIEN NE VAS PLUS !! / GRIEZMANN A UN ACCORD AVEC LE BARCA ! ZI#318",60871,French
fKHOaywEJRw,JE TROUVE YOUTUBE DOMMAGE,74740,French
s8mEXQXqA7Q,"Le MOTEUR 4 temps, COMMENT ça MARCHE ? - MOTO JOURNAL",34803,French
qt3XC-hb7S0,"Éric Zemmour : Entre Mediapart et Charlie Hebdo, c'est la guerre des gauches",12722,French
MYZWcHOftDY,"WARRIORS / CELTICS, LA CRÈME DE LA CRÈME (Feat Ivan Bede) NBA First Day Show #31",26783,French
-Z4BoRPC3YA,"PRINCESSE Caleçon pete  Ep 4 ,Mamissa,Makambo,Baby,Ebakata,Daday,Darling",11998,French
sNPQ6xXmdhM,مسلسل عروس اسطنبول - اعلان 2 الحلقة 25 مترجم,98699,French
OsR_--a0-Ao,Le Bret Du Faux sur RFM / Jeudi 16 Novembre 2017,6632,French
lorfBnxYEPw,FIFA 18 - LE TOURNOI DES FRERES #6 - JE SUIS CHOQUÉ !!!,51156,French
ILz-TNMihPM,VEGETA ! DRAGON BALL SUPER ÉPISODE 117 SPOILERS ! (ULTRA INSTINCT DBS) - PLT#153,34878,French
5de5-rU2znU,يوميات إمرأة كالسة في الدار : ديكور في دقائق طاجين دجاج و لماذا  كالسة في الدار English Subtitles,30617,French
Vza_eFAzKiA,سامحيني الحلقة  1295 كاملة  💛💚💙 samhini 1295 Full 2m,78869,French
6RIQFnpxLmY,أخيرا روتيني الصباحي لأول مرة /كيف حضرت نفسي لعزومة غذاء مع صديقات العمل 😬 مكياج لكل يوم 😍😍😍,83919,French
ZvbUfT52XBs,Réalité 6 Fatou Barcelon Herman Belvie Coquette Vue de Loin Sundiata Modero Mayo Bronly Zidane Souzy,14302,French
Sly0zlM9LfU,"Equipe de France : Les coulisses de Allemagne-France, reportage I FFF 2017",38880,French
pnlbRW2XuS4,DÉCRYPTAGE - «Paradise Papers» - Les clés du paradis (fiscal) aux mains des riches - #DecryptageFi,3365,French
Dlu8HpTQLTs,iPhone X vaut-il son prix ? | test complet,23945,French
WJyJBYlVEGE,Teddy Riner dans la légende - C à Vous - 15/11/2017,18581,French
e1eeg-hj1B4,LE JOUR OÙ MESSI A FAIT PLEURER RONALDO,48405,French
4X47GduLuoU,Le kikadi du jeudi 16 novembre,1987,French
v1HDWJ3P75E,الروتين الصباحي ❤❤ أساسيات الروتين المنظم بدون كركبة بدون روينة 😂 حيل ذكية ومفيدة جدا,66148,French
fEqwUS6pCtw,COUPE DE FRANCE DE FUTSAL !!!,58333,French
m37G2Ql-xUY,4 Astuces incroyables à faire avec une perceuse,26673,French
ZfeZkm4wixk,DOFUS – MàJ 2.45 : Les tours des Oubliés - Trailer,11109,French
4z2wdXIraMo,"DALS S08 - Family Choice - Joy Esther : ça n'a ni queue, ni tête !",26135,French
MBSg6V-spXc,Eric Cantona revient sur l'affaire Evra et son amour du Real Madrid de Zidane,37519,French
ahvlqoExCQk,IBRO GNAMET | Cadeau Empoisonné | Official Video 2018 | By Dj.IKK,11614,French
bEVlAGlILLs,J'AI PEUR DU DENTISTE!!!! ANGIE LA CRAZY SERIE,26444,French
eg2ThjfgjLk,IL PACK LE MEILLEUR JOUEUR FRANCAIS DU JEU ! ⚽🇫🇷  (FIFA 18 Ultimate Team),35565,French
d5oNkY5pwBY,"Clique x Ninho, partie 2 : « je rôde sur YouTube, comme tous les autres ! »",63417,French
rmggvynjOfw,FIFA 18 - UN PACK OPENING QUASIMENT PARFAIT ! ON AIME LES GROS BU DE PREMIER LEAGUE !,87128,French
jNyyxn4ynF0,أول خروج إعلامي للفنانة أمينة رشيد مباشرة بعد وفاة زوجها...هاكيفاش مات راجلي وهاشنو آخر ماقالي,465981,French
Jk7tfs46pQ8,"Top 10 Plays of the Night: November 15, 2017",358063,French
B0B3fYKUatY,LA VIE DE BUREAU 2,39420,French
SL9CBJVaYQk,OnePlus 5T : on n'en attendait pas moins,18881,French
RahMS8W-sEQ,CARINE MOKONZI AKundi KOFFI Na FALLY Vivant Alobi Ndenge Baluka Ye MAKANGU Aboya,26591,French
HlCqbm6xX28,DES SOUVENIRS PLEIN LA TÊTE - ROAD TRIP SUISSE PART II,6722,French
iV2BBJcEMMA,VLOG | PANNE & DÉSILLUSION | ITALIE - SUÈDE,83687,French
XKg9l4-k3sQ,Et Si la Chine N'avait Jamais été Communiste?,21662,French
CI-zJA-Vqg8,Moummou aynia - Ep 6 - مومو عينيا الحلقة,116233,French
JDRzEdRQF5s,Changement de Civilisation ? Marc Luyckx Ghisi [EN DIRECT],22007,French
Nog-BtO372A,"JTT - Joel Embiid, une performance historique !",17929,French
XA38J1yuK6g,JE DISPOSE MA DÉCORATION AVEC VOUS + PORTE-PLANTE,8013,French
KQit9-lxbPE,Une FAUSSE PS VITA,30873,French
KU7sVosW930,"11 ENDURISTES, 130 KMS, ÇA FINIT MAL 😪",55647,French
EF4KWuxy_aw,Que fait un paratonnerre qui n'est pas relié à la terre ? - Défis Cobayes - France 4,3307,French
vahIKCMhodE,HISTOIRE ET METAL - TEASER,20207,French
AIPSmLVtE60,Vamsam - வம்சம் | Tamil Serial | Sun TV |  Epi 1336 | 16/11/2017 | Vision Time,116934,French
CqXXah3Yu1A,حب أبيض أسود اعلان الحلقة 6 مترجم للعربية,79643,French
y00KL_rM-hA,أمينة رشيد ترثي زوجها بثأثر: لولاه لماكنت وهذا ما قاله لي قبل وفاته,154568,French
t4j-qRb_tto,LES NOUVEAUX GROS TRANSFERTS DU MERCATO HIVERNAL ?!!,34868,French
TaqiQHDhRkY,L'AGROÉCOLOGIE PEUT-ELLE SAUVER LE MONDE ? (feat. Nicolas Meyrieux),24220,French
SRYzH-B-fQA,CRASH TEST DES NOUVELLES PÂTES ANTI-STRESS PUTTEEZ DE CHEZ GIFI (J'ADORE),8305,French
MDEI_e0ibzs,After Foot du jeudi 16/11 – Partie 5/6 - L'avis tranché de Philippe Auclair sur Mauricio Pochettino,2530,French
OIZUybqQkRo,Parents mode d'emploi - Episode du mercredi 15 novembre 2017,28490,French
ZrpOEuCFrMo,Slime XXL : la recette d'Experimentboy  - ChimFizz #10 - String Theory,16067,French
jADRP05Of04,Mettre un decompresseur sur cylindre sans decompresseur,4018,French
jIOIE_QH63o,"Balance Ton Porc, le nouveau titre de Beyoncé (feat. Madonna & Rihanna) - Les Guignols",6212,French
nm2rkhP8s78,ENCORE UN GROS MALAISE EN DIRECT !,26121,French
Ff23PtODupg,La bataille des islamocollabos - Journal du Mercredi 15 Novembre 2017,12715,French
NjBPByQbCtM,Dikoon episode 119,268945,French
oa5Yh9f3fHQ,THIS KID IS A FUTURE FOOTBALL STAR!#2 feat Mehdi Amri,207811,French
IvKUTqYbCeU,LES MARSEILLAIS VS LE RESTE DU MONDE 2 ÉPISODE 54 HD,15816,French
aAxPVfYpuvk,THE CREATURE FROM THE HAUNTED SEA - Monstres Pourris 1/11,26737,French
rKxMHs7ADyA,MA PLAYLIST RAP ! TU ES OBLIGER DE DANSER !!,11610,French
UKFWjI5mHEM,Sheryl Isako x Innoss'B -  Stylé ( clip dispo vendredi 17 novembre à 18h30). Êtes vous Prêt ???,1619,French
DZ27zRbviwc,Exclu : nous avons le One Plus 5T en main ! - 01LIVE HEBDO #163,23732,French
3LUtDXuRuHc,MON ROADTRIP EN CALIFORNIE en 1min30,3411,French
0z5KWu-E8BY,LES INTERNATIONAUX DE RETOUR A L'ENTRAINEMENT,25018,French
rIN7VbFYpUk,TOKOMI WAPI  DU 16 11 2017 BA CONGOLAIS BA BOYA RESPONSABILITE?,33566,French
GjyqhwMJ4ik,🔨 Les Vacances des Anges 2 (Replay) - Episode  37 : Vincent et Barbara toujours plus proches,55892,French
Zw5FiiVmgf8,13 SUPER PODERES QUE TODOS TEMOS,445317,French
_EFWCc0qZ9w,Coke Studio Algérie : الزهوانية و كادير الجابوني - انت قدامي,35761,French
LoDefHIeEfI,المباراة التي أبدع فيها حكيم زياش رفقة المنتخب الوطني المغربي,92669,French
llGzLcTu5JI,COMMENT J'ACCROCHE MON CHAPEAU ? 👒 ✶ DO 58,61828,French
WpDLzAxUXH8,Rémy - Comme à l'ancienne ft. Mac Tyer,181735,French
nQkz3FACmhc,CINQ COIFFEURS SONT DÉCÉDÉS PENDANT CE TOURNAGE - RAIPONCE,215064,French
A-c4NKplrcc,LE CLASH DES ABONNES,106173,French
Azqd49CgCwY,"DES QUÉBÉCOIS RÉAGISSENT AU RAP FRANÇAIS ! (Damso, Orelsan, Niska…)",294767,French
ZA1t5jhUf68,CYRIL SCHREINER - Chadore Chadère Chevalide (Clip officiel),332407,French
sIYfAtsu8Cg,Les 4/3 de Jean-Luc Lemoine : La conversation secrète entre Cyril et Kelly,192631,French
BQYyGv5MRCY,Top 7 des théories les plus folles sur Harry Potter et le monde des sorciers,227795,French
ttVBnI86Q3c,L'HOMME BIZARRE..,94512,French
pT2fZqlxQvc,Lomepal - 70 (Clip officiel),110714,French
lMp4I6QSC94,Lacrim Noche Feat. DAMSO RIPRO 3,72281,French
zTvrZeYdR4Y,QUI EN GARDIEN TITULAIRE ? (VINSKY FC),157101,French
MpZdI8i8Nuw,SEUM - Petite Soeur (Clip Officiel),144429,French
b5Mhywy-7sA,15 DIY FOURNITURES SCOLAIRES BIZARRES ! 15  BLAGUES À FAIRE EN COURS !,304400,French
lPbEEC2feaI,DADJU - Comme si de rien n'était (Clip Officiel),456759,French
aJaWDXNm3y4,Le collant infilable & introuable : GROSSE ARNAQUE?,56151,French
PxW06ZfnsXI,MON NOUVEL AQUARIUM D'EAU DE MER !!  - TOOPET,33564,French
_7Oe5S2-CDw,Refugiés de Matthieu Tribes,42396,French
xNfYxiCibvY,TOP #5 DES MOMENTS GÊNANTS AVEC TES POTES,44389,French
NlIUDolV820,Bonjour Tristesse #76 : Le Ramadan de l'intelligence,35655,French
6p_4Rn0aBFA,"Hillary (LMvsMonde2): Perdue et Fragile, elle se confesse sur le Pire tournage de toute sa vie !",127327,French
IAPSISDPL-Q,Sindy - Comme Un Écho [CLIP OFFICIEL],16886,French
oqkOXC5xihE,Ktipiti - Astuce YouCook,30724,French
f8_ip1OgQoY,Cocovoit - Du bruit dans le coffre,66875,French
vNEp7UHcW-k,♡• RECETTE GATEAU INSTAGRAM ARC EN CIEL | + CONCOURS •♡,194906,French
gScux6ER2TM,DE NOUVEAUX MOTS NAISSENT POUR DE NOUVELLES EMOTIONS,52715,French
HEvR2s7YXIo,Une planète plate. Vraiment. - AstronoGeek #26,58576,French
K0e6p1PpDKE,عندي ما نقلك 17/11/2017 الجزء 2 Andi mankolek,51596,French
caLfxwKGRSI,LE MALAISE DE SQUEEZIE FACE A LA TV !!!,122704,French
g3QC4Z8vlOA,Explo Enquête: Visite du manoir hanté vu par le Grand JD et SilentJill - #FakeOrNotToFake ?,40833,French
I94-T1AulmM,"La drôle de pub de RONALDO, MBAPPÉ NEYMAR CAVANI super Héros, RONALDINHO... le ZAP FOOT !",237561,French
ZVB_rbmxQM0,MAXENSS - DÉMONÉTISATION PT. 2,189289,French
sVLRBWi6vsw,YOUTUBE DÉTRUIT YOUTUBE ...,134060,French
mGTvZ0RLSug,Je customise une PIZZA au CHOCOLAT - VLOG #487,32665,French
tmJmGMLWhsI,La fin des prières de rue ? - Journal du vendredi 17 novembre,5828,French
B4ygP2MIQic,La première leçon - GEORGIA HORACKOVA,33281,French
TBx2sFXKDF4,"Lacrim : R.I.P.R.O. 3, musique, Damso, Ninho, Gims, Mister You,qualité, défaut,déceptions,souvenirs",79309,French
QKK6vJfb0Ak,"MON NOUVEAU TATOUAGE : Déroulement, prix, douleur, plagiat, etc.",10216,French
dMUrjFdGKHY,[Zap Télé] MÉRITEZ-VOUS D'ÊTRE SUR TERRE ? (17/11/17),71528,French
SV36vv84Dy4,Envoyé spécial. Mon maire ce héros - 16 novembre 2017 (France 2),10074,French
-mQSQNJLqgY,"Equipe de France : Best Of de la semaine, inside I FFF 2017",51401,French
kBu2900hfSs,La journée internationale de la tolérance ! - Catherine et Liliane - CANAL+,7444,French
bhXB_nm5n9Y,Vies Brisées,11991,French
PIRcm2PvSUw,Johnny Hally­day hospi­ta­lisé d'urgence pour détresse respi­ra­toire | Nouvelles 24,9204,French
cK_x59xrSvw,Le Moyen Âge au cinéma – Entretien avec Claire Colombi,4382,French
h0mKly0IpII,Johnny Hallyday hospitalis.é d'urgence pour détress.e respiratoire- [Nouvelles 24h],21045,French
hdcM3Zq1xnE,Les Marseillais VS Le Reste du Monde 2 Episode 56,8576,French
3nz3Azg-kU4,Cette styliste détruit une mannequin en direct - ZAPPING TÉLÉ DU 17/11/2017,27416,French
7R89WK9HXSg,LES MARSEILLAIS VS LE RESTE DU MONDE 2 ÉPISODE 55 HD,14853,French
Ht2IR8dbFP4,Zap Koreus n°256,32846,French
aC2Yc9-nVps,TOKOMI WAPI 17 11 2017 PONA SONI BA ANNULER BA ARRETES,33596,French
_ABEmDFQliM,"CONTRE LES MAÎTRES DES MÉDIAS, VIVE LES DUTTON PEABODY ! - Macron, Lagardère et le service public",15269,French
z3i-Kvh1wfs,10 BUTS COLLECTIFS SENSATIONNELS DU FOOT 2017 !!,28972,French
EmSTpJCBWsA,LA LIBYE PRATIQUE L'ESCLAVAGE DES NOIRS !,18657,French
k5F66eD-B10,"J'SUIS PAS CONTENT ! #114 : Trump VS Asie, Vodka Frelatée et WW3 !",33959,French
znmRZPfU7_Y,"Tariq Ramadan Contre Henda Ayari (et consorts). Témoin oculaire, je conteste ces accusations.",21224,French
bPJ3Xm5c5Lg,WHAT ‘S ON MY IPHONE X ?! | Bilal Hassani et Sparkdise,82507,French
NL2i9Xp116I,40 minutes de Parents mode d'emploi 4,35988,French
ozEhAHCEgB0,"Toto Riina, le parrain des parrains de la mafia sicilienne, est mort",8104,French
Lq59PlR0wgA,Bang & Boysen - 1-800-273-8255 (Oli Hanson Remix),20544,French
TlcCBYAawP8,"Découvertes, favoris et déception FOOD | Friendly Beauty",5191,French
_bqe311W4-8,Exclusivité Bercy 2017 :  L'équipe de Youssou Ndour au complet à Paris.. Découvrez les images,99731,French
fWajtP80g54,"Mersal - Neethanae Tamil Video | Vijay, Samantha | A.R. Rahman",736603,French
BMoAaw8wKjs,Tuto nail art marbré vernis semi-permanent,7166,French
p-oN7OZdPFY,"LREM, LR, FN : chacun cherche son chef ! #cdanslair 17.11.2017",6186,French
fy3UB7_wQ3Y,"Z&N  15/11/2017: Alain Finkielkraut, Vikash Dhorasoo, Alexis Corbière, Florence Portelli",82960,French
amBdW8X0Yyo,les mares,12285,French
1Pv9Qg-T6tg,DALS S08 - Jean-Pierre Foucault se croit sur le plateau de Miss France,3247,French
ua5yDKu6WDM,[M4] Mon Frèro...(Audio officiel),2522,French
m6BDfWO14Lk,DADJU - Intuition (Clip Officiel) sans le film,5207,French
nNCeOJ2_pZw,MIROIR AU CHOCOLAT FACILE (CUISINERAPIDE),10414,French
YjqCM8HsSmI,« Quand le Paranormal s'invite dans les émissions ! » avec Elisabeth de Caligny - NURÉA TV,4520,French
YUw_fnPs_-w,Arielle Dombasle et Steevie Boulay déguisés en soldats,3008,French
9HtGfShpjV8,Recette TAGLIATELLES MAISON et BOULETTES moelleuses au Grana Padano,15257,French
vCICiSAJsfM,Journal de bord de Jean-Marie Le Pen n°490,3988,French
MS7mI41rvdE,Mélenchon va plus vite que l'information - Tanguy Pastureau maltraite l'info,23405,French
sm_yZEV5WC0,ENTRETIEN N°53 - Université/Congrès de l'UPR - 3% de déficit ? - Plans sociaux - Autres actus,28239,French
blr_hV84P-U,"FABREGAS SE DECHAINE ET CLASH HERITIER,FALLY IPUPA NA CARINE MOKONZI ET AKOTELI FERRE",11604,French
hqy7yuhU0ng,BELLINI - LE BONIMENTEUR / Le Plus Grand Cabaret Du Monde,3484,French
Z9MRGznmpQA,ESSAYEZ DE NE PAS RIRE CHALLENGE #56 - Mr Olivier,11128,French
DNo-Moub4Is,أدومة في قفص الاتهام.. أنا رجل ونص!,197128,French
ApmGIwU2DbE,Dadju - Comme si de rien n'etait (audio officiel),18101,French
LqdVtHCl5fQ,FIFA 18 - CLEM-CLOUM EN MODE LÉGENDE EN CLASH D'EQUIPE !!!,35254,French
gYeWpJD8g8g,Myth Syzer Ft. Ichon - Coco Love - Official Audio,30922,French
XCmMelEQLDE,OBJECTIF GROS POISSON À TRUITE ARÉA // JOUR 2,3312,French
xShHvCl6GRk,Réalité 7 Fatou Barcelon Herman Belvie Coquette Vue de Loin Sundiata Modero Mayo Bronly Zidane Souzy,13912,French
IHcl6yGB1A0,Modification du pot Black Pipe pour le Pucharelli,4208,French
PiAh1ccYTD4,Quand le service d'ordre d'Emmanuel Macron repousse un journaliste aux questions qui «dérangent»,5333,French
pLCfdMZkzjw,Liza Monet - Y a comme un pépin (Clip Officiel),4644,French
7KFL81ZfjzE,BEYBLADE BURST À la rencontre des Bladers: Akira,4660,French
Qp-dS87wE_w,Une Saison Aux Abeilles En Direct Du Salon D'apiculture,2517,French
ZESvaUpCq_s,Quand le fils de Ronaldo pose torse nu avec son père #CR7,2722,French
lLKi-6x5kKc,GÂTEAU DE NOËL VILLAGE EN PAIN D'ÉPICE⎪Fimo,15584,French
3A_wLln1Inc,Les matériels dévoilés à Agritechnica 2017 ! [Partie 1] Powerboost n°414 (17/11/2017),4088,French
3VtmGwr_kYY,Complément d'enquête. L'intégrale du 16 novembre 2017 (France 2) Goldman confidentiel,6634,French
7JO3PlQSDCw,"Ryohei Kameyama à Fontainebleau, il est venu, il a vu, il a tout déchiré | Relais Vertical, Ep.66",3402,French
U5TDUPUrmqQ,Vamsam - வம்சம் | Tamil Serial | Sun TV |  Epi 1337 | 17/11/2017 | Vision Time,132471,French
nDLkcYi7r2g,LES MARSEILLAIS VS LE RESTE DU MONDE 2 - EPISODE 55 VIDEO HD,24590,French
XnmbW37BpGc,شاهد كيف رد بن شيخ على تصرف رابح ماجر مع الصحفي معمر جبور,227469,French
W2WVSeOcuO0,Ninho - De l'autre côté Ft. Nekfeu,14555,French
kw_oQjTyMks,LES MARSEILLAIS VS LE RESTE DU MONDE 2 ❀ Épisode 56 Video du 17/11/2017 ❀ En Direct HD,4488,French
bx543CItRMI,Bonnet Caprice au crochet super chaud splendide,7398,French
KoxSfWCxzQM,Les vacances des Anges 2 – Episode 59,13695,French
JPp-oLkQPQQ,Sia - Everyday Is Christmas,269999,French
yYRcKz1dH9k,Tina Arena - Tant que tu es là (clip officiel),4763,French
a_Asoki8YeA,Le Jour où tout a basculé - Le canapé de la discorde - E31S4,18100,French
H4TFmQLiRkw,JE LIS VOS TWEETS EN IMITANT DES JOURNALISTES !,38385,French
xtEv6byI3WA,Quand on est enceinte !,1678,French
QqhkvRHUDSk,"Նռան հատիկ, Սերիա 50 / Pomegranate seed / Nran hatik",90785,French
U_i3W_LihTM,Agritechnica 2017 : le best-of des innovations,2539,French
dkL2hfPW4tA,هجوم لادع للجمهور المغربي على منير الحدادي بعد تأهل المنتخب الى مونديال روسيا /هاشتاغ # مبغيناكش /,145880,French
2AauDxeiPN4,Double test : chaussures Aku et semelles Michelin (mieux que Vibram ?),4920,French
Tv30P6Ua0XA,Les avocats de Tariq Ramadan dévoilent une ancienne conversation privée avec  Henda Ayari,10426,French
4fcLaI5PGmI,Le Bret Du Faux sur RFM / Vendredi 17 Novembre 2017,6356,French
j0oW11UcY18,J'ai/Je n'ai jamais : Kaaris est plein d'humour !,7779,French
-rm4Vcb_mmc,Ninho - caramelo song officiel,6678,French
i9PbF_WmYrA,"Amour, Gloire & Beauté - Episode 7278",4035,French
PfI38R6yyqA,ELECTRONIC ARTS S'EXCUSE ! EXPLICATIONS...,38257,French
R2_8H5fPGBc,Andi Mankolik S10 Episode 11 18-11-2017 Partie 02,34636,French
xusCmdrrxbk,Ce poisson est BIEN PLUS GROS que je l'imaginais !,3083,French
MUofRgCgEY0,HOMMAGE À HIROMI TSURU (VOIX ORIGINALE DE BULMA NOTAMMENT)...,30651,French
eMMj-PWU_BA,[ UNE BOITE DESIGN EN BOIS ET EN OR ! ] PROJET N°18 (Part.2),2855,French
5yQrAHN-fUo,ON PECHE EN ZONE INTERDITE | STREETFISHING PARIS,2874,French
d81q14P00yw,A CHRISTMAS PRINCE Bande Annonce VF (2017) NETFLIX,8022,French
1g1RQAu6Eks,Box Couteaux à la Coutellerie Tourangelle,2630,French
2qTaLik1D74,Clash défensif entre les Warriors et les Celtics,3659,French
0PRee_MAa5w,Les Indestructibles 2 - Première bande-annonce,96529,French
cgtPQ6-ASw0,"Effets secondaires, orthoptiste et ORL - VERINO #103 // Dis donc internet...",149116,French
YLL0j-Ag1ac,ON RÉPARE LE DAX - Mécanique de Galérien !,270255,French
AUu7EWgT0Hc,UN JEU D'ALCOOL QUI FINI MAL... Feat. Morgan VS,71829,French
PMOHctE8QRo,Les ERREURS dans STRANGER THINGS Saison 2 - Faux Raccord,93852,French
Xg5cLMyExVs,iPhone X : Test complet du meilleur smartphone de 2017,108029,French
hWquYRLVLVU,J'explose 1000 pétards en meme temps,331399,French
VML3tMcOdTY,Lacrim Intocable Feat. MISTER YOU RIPRO 3,193793,French
kBF5VxIhJPw,Vanille s'tape l'incruste chez Julien Tanti et Manon Marsault : Les secrets de la reconquête !,74427,French
vRbHgtbiGfk,Manchester United vs Newcastle 4-1 ~ All Goals & Highlights (18/11/2017),710626,French
8_6-8B6vEdI,Bercy 2017 :  Cet africain est en colère contre Youssou Ndour...,31341,French
hSFws2uN1Kk,MON CHIEN A FUGUÉ!,74852,French
WvWlPmv6t-g,O QUARTIER EPISODE 4 ! HALOWEEN,84155,French
qgXau8MhxaA,ESSAYEZ DE NE PAS RIRE CHALLENGE #57 - Mr Olivier,23589,French
zKEkuhsZttk,JE CUISINE POUR MES ABONNES,111622,French
0Qg1sPIcgdQ,STREET STYLE - COURT ET SES CHAUSSETTES OEUVRES D'ART,16958,French
LSqVpi3MLKA,Les africains sont vendus sur des « marchés aux esclaves filmés en Libye,23019,French
cwRukjMwqD4,SQUEEZIE/ARDISSON: La Tv VS Youtube... ENCORE ?!,20281,French
s0_58YXqWSY,Un gars une fille - font du jogging,37853,French
Ee2tPMjbILM,Dadiposlim ‘ Mon rayon de soleil ‘ de LS Audition à l’aveugle The Voice Afrique francophone 2017,12310,French
ujIrRJq9n6I,"Lacrim parle du cas Benzema, Mister You, la guerre des clashs ...",114145,French
BMn2TThOTG0,BERCY 2017 avec Youssou NDour LIVE HD,122910,French
7D8ar5wLlBY,"IDOLES - saison 3 - épisode 15 : Wuudé, na mu la gise, la lay ëwale",72297,French
v-rNukzcMcE,THE PRISON Bande Annonce VF (2017),9626,French
QgMTPO4Xx-4,10 ratages de Spider-Man Homecoming - FERMEZ LA,29844,French
1Kmj8P7HbOw,Andi Mankolik S10 Episode 11 18-11-2017 Partie 05,65079,French
OdNWY0-rf9o,Chasse aux Sangliers - Grosse Compagnie...Grosse Pétarade !! - Lejochasse - Wild Boar Hunting,2503,French
FHe08RDZCwY,Rallye des Monts et Coteaux 2017 {CRASHS & SHOW},3106,French
TG9eCaqzqG8,LES MARSEILLAIS VS LE RESTE DU MONDE 2 ÉPISODE 56 HD,18363,French
9IEKGVHuSQw,JE CUISINE CORÉEN AVEC MA FEMME - CHICKEN,10886,French
Zv1TOK7rvOo,Rallye Monts et Coteaux 2017 by ToutAuCable [HD] (With mistakes),2627,French
fH0elpLbFkI,LE PROCÈS DU DÉMON - LES DOSSIERS WARREN,18713,French
Olmadbdubf0,PSG vs Nantes 4-1 - All Goals & Highlights - 18/11/2017 HD,293568,French
s-qTYJBxs8k,GLORIA OLANGI NA HÉRITIER WATA BA YINDISI NA MATANGA YA Charly MOBUTU NA MORGUE.,17059,French
aFMLNwlx_N0,DERNIÈRES INNOVATIONS HIGH-TECH !,65180,French
YxOIEYFkAZQ,"Tensions lors d'une manif contre l'esclavage en Libye (18 novembre 2017, Champs Elysées, Paris)",6261,French
sr2uAXEUMbg,DAVID LAFARGE  DEVIENT  DavidLafargeMyLittlePoney  - FIFA 18 CHALLENGE !,26251,French
TAx4oCVUbV4,Mathieu Kassovitz remet en place Yann Barthès sur les migrants ! ZAPPING TV,50601,French
YmxQwuXBY58,Apprends moi à aimer : le texto de merde,6040,French
oko9_g0judg,Les PIRES ALCOOLS insolites ! Avec Dylan Del Rey,106816,French
e5e0ouoyUO8,Ed Sheeran devine les metiers de personnalités françaises - Guillaume Radio sur NRJ,26204,French
TYnWfaOrzJY,AHHH NON KISIDJORA AWUTI WAPI PO NIVEAU ASAMBUISI FERRE NA CARINE EHH PO KOZUA IDEE TE TOLANDA,9075,French
OoDye0Ssk7I,Eyindi na matanga ya charly mobutu gloria olangi apesi hertier mbote a buakisi carine,11378,French
XypDWJ2jepU,اخطر حلقة  الكاملة اشهر مثلي ملقب أدومة  في قفص الاتهام  ‼‼‼,264177,French
VR4jYZSwJyc,ESSAYEZ DE NE PAS ÊTRE SATISFAIT #3 (La Vidéo La Plus Satisfaisante du Monde),3727,French
R1_QxA_8Z1o,LES 10 FOOTBALLEURS QUI ONT UNE MUSIQUE À LEUR NOM 4.0 ! 🎤🎼,6392,French
QedMu8GwqEA,La biche et le faon de Saint Germain le Châtelet il y a quelques mois - Petition change.org,11295,French
nN_XkwbhOMY,Pod et Marichou - Episode 54 Saison 2 (reporté),33861,French
K0_w3LS0x70,BG - NANTERRE #BresomGang,77860,French
PuZNHG7O0VI,TOKOMI WAPI DU 18 11 2017 NDEKO ELIEZER NA PAKA DJUMA,26103,French
3qqMNgfaNao,Le paradoxe de Robin des Bois | Fabrice de Boni & Axel Lattuada | TEDxLaRochelle,5093,French
mu9zucdE270,"J'SUIS PAS CONTENT ! #115 : Harvey Weinstein, Tarik Ramadan & Mr Caca !",32851,French
qIdBHuCiFDU,Sam Feldt - Yes (feat. Akon),17873,French
iUE_7_yT7B0,NEYMAR DÉVOILE SES OBJECTIS AVEC LE PSG ! IL VEUT.. /LE MAILLOT DES BLEUS POUR LA CDM A FUITÉ ZI#320,59868,French
NEisKZNhcb0,Orelsan explique son titre Défaite de famille,18606,French
h4WBA4ldBw8,RETOUR DANS LE CHÂTEAU LE PLUS HANTÉ DE FRANCE ENQUÊTE FOUGERET,3694,French
CKJJvVGHi08,Avicii ft. Rita Ora - Lonely Together (Alan Walker Remix),50826,French
1hhQ6-qTmgY,Miss of the season from Brentford's Neal Maupay.,12078,French
1qAnf3fIj9c,MOMPONO pakadjuma 3eme EP,7464,French
sOXAAzJBE0Y,JEAN 2 MAHJ LA SÉRIE -   LA DETTE  : Episode 02 -  S01,53710,French
hDoVr4Q960o,4 PARADOXES DANS LA FOI DES MUSULMANS,4188,French
eEM65upJrfQ,Bercy 2017 de Youssou Ndour,53695,French
J7n2kzZdY8Y,Paris: Retrouvailles émouvantes  entre Viviane et ses enfants...Regardez!,29328,French
__FwZsWMp6M,بث مباشر - الدفاع الحسني الجديدي والرجاء البيضاوي - نهائي كأس العرش المغربي - جودة عالية HD,178787,French
E0xZbaHvYLE,LES VACANCES DES ANGES 2 - EPISODE 60 - MCKRAFIC,15395,French
zPrx0QdPJlA,Qui est le méde­cin français qui soigne le cancer de Johnny Hally­day? | Nouvelles 24,36445,French
Yr0EGzcS3e8,Diesel à la casse : quel avenir pour la voiture ? #cdanslair 18.11.2017,4181,French
G7Txr9qoxos,Je raconte une blague,37259,French
e3-IB2mW7ME,Johnny Hally­day va sortir de l’hô­pi­tal ce samedi. « D matériel médical » livré à,5159,French
0Vy8UIIEdKI,Claude François n'est pas mort dans sa baignoire,6843,French
RsSReoIPpAk,Les vacances des Anges 2 – Episode 60,11506,French
5ZnDlPRlkjs,Envoyé spécial. Opération sentinelle : dans la tête de nos soldats - 16 novembre 2017 (France 2),23920,French
yiAW2KdLNaA,ETH : Les Films D'Horreur - Le Making-of,239024,French
pUSaqlk_bec,澳門格蘭披治電單單大賽 Grand-Prix 2017 Macau Motorcycle嚴重意外。（英國車手赫加迪漁翁彎失控撞欄，其後送院不治。 ）Daniel Hegarty R.I.P.,92194,French
1tAq0Rwrsg4,Salif - Mufasa | Dir. by Krysko Miller,2644,French
X6LI14XvG5g,Chapelet du 18 novembre 2017,3802,French
I5upLRBgkAM,TRISTRE:HERITIER WATA & CARINE MOKONZI BALELI CHARLY MOBUTU MAWA,11197,French
ij40yESX1qM,"Confessions d'Histoire : Richard Coeur de Lion & la 3ème Croisade - Richard, Philippe II, Saladin",37103,French
dZ0bj3DWdwo,سفيان بوفال يتألق أمام ليفربول بمراوغات جميلة وأداء جيد (18/11/2017) تعليق عربي,236323,French
-s1IoLKXKt8,"Patriotisme, Nationalisme, Séparatisme",2381,French
ZKyVMjSiP7c,COMMENT METTRE DES GROSSES FRAPPES AU FOOTBALL !,42639,French
GVKNgoDlbUk,Le mystérieux volcan du Moyen Âge - ARTE,3153,French
WK-PBn6h16Q,Voici la recette DIY de l'huile MAGIQUE qui RÉCHAUFFE la peau l'hiver !,11349,French
279CtJ9DvWo,Salut Les Terriens : ARDISSON vs SQUEEZIE -Tribunal #1,4535,French
AICLOcFwAzw,"Castaner, le Kim Jong-un de l'écriture inclusive - Tanguy Pastureau maltraite l'info",24475,French
OQxKLVNVZ3Y,QUESQU'IL EST ENTRAIN DE FAIRE LUI.. ?! 😲 ✶ ► Daily Observation N°13 ◄,32113,French
kY5C_l6DswE,Comment affûter les lames de scie circulaire,2940,French
oCbgQVmt7Kg,شاهد الحلقة كاملة للبرنامج الذي يبحث عنه الجميع عن الجزائري الذي مسح الأرض بالخليجيين على المباشر,81588,French
l3NWzcUmKD4,EVAN&MARCO CHANTENT BIGFLO ET OLI [DOMMAGE],10435,French
sG-hTjA_xPU,Installation amortisseur de direction,3465,French
vQmXu02OVQk,7 Devinettes Qui Mettront Ton Cerveau à L'épreuve,6919,French
IDtOcT48n4o,J'AI PIÉGÉ DES ABONNÉS ! - RICHARD SABAK,23792,French
J3OxHIdNJEw,Tirage de la nouvelle lune du 18 novembre 2017,1861,French
4o772Win6WE,DIY NOËL : Calendrier de l'Avent KAWAII (français),23433,French
gM_gj3zu5LI,Une Pontiac de folie ! 🔥,23349,French
91pnR621lIc,الحوار الكامل مع الممثل الفكاهي محمد جديد(الهواري)يكشف حقيقة مرضه ويشكر الجزائريين على تضامنهم معه,8275,French
21vcZh3fg4Y,Sur la piste de #7Jimmy Gressier,3386,French
LoTAchahawI,"Kris Jenner, La Visionnaire Derrière l'Empire Kardashian  - LSD #33",29236,French
4p55fDckEaE,JE CRÉE MON PROPRE BURGER ?! BIG BURGER à 8 STEAKS + CHICKEN BURGER !!,52485,French
NE4Q84jVFdA,ESCLAVES EN 2017 ! - IMAM BOUSSENNA,3729,French
9gDOJ-_L6-c,PAUL BIYA N'EST PAS AU COURANT  !!!,7497,French
6P9I6jnNl7I,QUI Y À T-IL A L’INTÉRIEUR D'UN BALLON A 150 EUROS ?! 😰😈😱,19621,French
GiC0o7TPQfg,La Promesse De Noël ...ıllιlı Film 2016 ιllιlı...,15279,French
30yWUFKph-g,Ma Famille D'abord Saison 4 Épisode 4 ( La psy au logis ),11520,French
qWDWdqxgH9M,KUNGS RÉPOND AUX 10 PLUS GROSSES RUMEURS SUR LUI,19349,French
dwEFg2JnEtI,Qui est la fille cachée de Delon,3682,French
d7ffnSzhaJc,Vendredi Machi 3adi Avec Sofiane 7 حلقة جديدة  HD,235305,French
qAaD_T7iCfg,"Top 10 Plays of the Night: November 17, 2017",294909,French
bnLarlZuHdM,"KOFFI OLOMIDE, ALPHA BLONDY ET CLAUDY SIAR EN COLERE CONTRE L'ESCLAVAGE DES NOIRS",23187,French
RcKwgVPYLAI,"PRINCESSE Caleçon pete  Ep 6 Fin ,Lava,Mamissa,Makambo,Baby,Daday,Barcelon,Serge,Faché",16804,French
qArZgSFKcOs,ADIDAS YEEZY BOOST 350 V2 YEBRA 🔥,28894,French
TUgYVGxfyPY,MES MEILLEURS PACKS SUR FIFA 18 !,51911,French
w5lbP9P5qc4,Quel Drone acheter en 2018 ?,4462,French
a-FxgZhCkr8,Clique by Sara Forestier,32127,French
jHybOFAvmOk,samhini 1296,34985,French
bQUCqWSw2YE,La cuisine des papas divorcés,2801,French
nu9XyuJ1B4c,Psg vs Nantes 4 - 1 All Goals  Extended  Highlights & Resumen 18/11/2017,37082,French
YvIfyxJ7B3w,Vif échange entre Aymeric Caron et Yann Moix #ONPC,224880,French
z2gikGrKn94,"FOOT, DROGUE ET ARGENT ! COURT MÉTRAGE",126531,French
27q2UhG_f38,C'est quoi ces placements de produits ? Ft. Le Tatou [QUIZZ MONETAIRE] #35,128003,French
tb9p-iDhVVk,WHEELING CHALLENGE SANS ROUE AVANT AVEC MOMO ! IL ÉCRASE ENCORE LE ZIZI DE MOMO,187167,French
iMici8Sxowk,Maître Gims - Cameleon [Son Officiel],22652,French
N8kTqxxtnAI,PRIME– Bail 2 Sneakers,107967,French
fSnI2OEBrD0,PSG vs Nantes 4-1 Résumé et Tous les Buts,52496,French
ua9BDbUkbsI,Quand une FLEMMARDE est au BUREAU,251509,French
2giOrfcIPyE,Top 10 des ÉPISODES qui ont GÂCHÉ des SÉRIES GÉNIALES !,91611,French
bmQI4-UXxOA,HAUL d'automne 🍂 ┆TRY ON ┆📍LONDON,33913,French
QiVPl_SwUjg,LE NEYMAR CHALLENGE - FOOTSTYLE,102245,French
z9TH79ghEbA,Clyde Vanilla #10 - Confrontation ULTRAMAXIMALE,98124,French
Ac7a7DP9a_4,Lacrim Mode S  RIPRO 3,60426,French
DNY9J-J9Wik,"MARCHÉ AUX ESCLAVES, VENEZUELA, MACRON... RÉSUMÉ DES 5 ACTUS DE LA SEMAINE #4",25801,French
IXl75g39PSs,Moha La Squale - Rémi sans famille,74773,French
ymkw1ekxhuE,PART 2 :  CONCERT DE YOUSSOU NDOUR A PARIS LE GRAND BAL 2017 BERCY 2017 AKON TFM SENEGAL,101874,French
qFhaUFqibtw,MALAISE TV & LES PIRES K-SOS DU NET ! #13,73742,French
cY4T28mRUG8,20 CHOSES QUE J'AI APPRISES EN 20 ANS || Léna Situations,35395,French
J7zof4I8Wx4,Sarounette : RANGER SA CHAMBRE,10376,French
OBeaVUV6kts,KY-Z (BLK) - CA Y EST L’ÉQUIPE,3239,French
N98YhkMepC8,KTM NOUS PRETE 2 MOTOS ! DEUX GAMINS EN ENDURO !,198560,French
YTINAQoU4oo,Aymane Serhani - HAYAT (Clip Selfie),763392,French
SsYtdBj_Pdc,ESSAYEZ DE NE PAS RIRE CHALLENGE #58 - Mr Olivier,15051,French
e_eozCoJFQY,THE ARRS - Brûle en Silence ( Official Video),4692,French
UfXUfcXst84,LES VIDÉOS LES PLUS MALAISANTES DE YOUTUBE :  MIKO & COCO #1,53268,French
HVWV4eaBNq8,"Anes Tina Rani za3fane , راني زعفان ردة فعل شاب تونسي",69343,French
xWYDcdlvNSY,Interview : Marine Le Pen dans Le Grand Jury - Replay (19/11/17),6573,French
APeiLr7JF_Q,MA PLAYLIST DU MOMENT !!,47494,French
FcwCGNK59h4,Justice League VS Thor 3 - Double-Critique par Benzaie,49412,French
oDp2M2mnltA,PLK - Yeux [Clip Officiel],35052,French
Z4NxFxN7ULg,«L'EUROPE EST MENACÉE D'UN EMBRASEMENT GÉNÉRAL» - Mélenchon,59840,French
H1y7luSE5dc,Je sors la BENTLEY Continental GTC !! On roule en Cabriolet !!,158818,French
i972MXebpQs,فضيلة وبناتها حلقة 24 مترجمة,158978,French
FL0Eym7uH_o,REPLAY - Fête nationale 2017,6447,French
JpcyIADDWFQ,La vérité sur Face ID !,61437,French
SrjDR-G4koE,Un policier tue 3 personnes avant de se suicider à Sarcelles: ce que l’on sait,6801,French
xqUsZKWMwBI,INZKITCHEN DANS UNE ROUE DE TRACTEUR ÇA TOURNE MAL 😱  !,4155,French
BqqLPIBTSsE,Violetta 3 - Ludmila apprend à propos du baiser  de Felipe et Nata (épisode 54),3869,French
memeZMYjxNQ,L'île des dieux ! - CRETE,47974,French
jLauIB8dqQM,Hommage Ronald Bertet et Philippe Bertrand,6143,French
BkXnJdShihQ,Baoss - Valentina,3631,French
19g5r5zmoKE,Le Média fait son point d'étape,8410,French
RD2j1BPAoJQ,PSG vs Nantes Résumé All goals & highlights ligue 1 2017,42784,French
r81-O0n_ZqM,Sylvie Vartan a égale­ment rendu visite à Johnny Hally­day | Nouvelles 24,4974,French
ZrougE3JK1c,ELLE TOURNE UNE PUB !,11496,French
8lvY34O3-os,Cher Corps — Claire,11854,French
o0CyMFdVvdg,شاهد ماذا قال وزير الداخلية على فيديو راني زعفان rani za3fane anes tina,39768,French
t-GEporyYu0,CARROT CAKE AVEC ELLA [ RECETTE AMERICAINE ],5429,French
gvgQ4iCzP9E,Pape Diouf  Youssou Ndour a Bercy 2017,133075,French
vNiMUcrzYCY,BERCY 2017⎪Sidiki Diabate feat Youssou Ndour Mbeugel,120267,French
Jbb6aSVg5is,"N. Polony et R. Glucksman, effarés par l'escalade verbale entre Valls/Plénel et Riss! 19/11",8521,French
Or6qxmiXdGs,BERCY 2017: Soda Bosso et  Khadim Samb ont failli gâcher la fête...,91415,French
_BhS_sGVkcw,[YTP FR] - L' ATTENTAT DU POUDLARD EXPRESS,22897,French
ZDG9jhLXvdw,مسلسل فضيلة وبناتها الحلقة 24 اعلان مترجم للعربية,118123,French
0PQyjDp4iQI,Biathlon - Men's Mass Start - Sjusjøen - SESONGSTART SKISKYTING 19/11/2017,4760,French
3ZMSa7FxbNM,REEQUILIBRAGE ALIMENTAIRE #3: NOS 3 P'TITS DÉJEUNERS INCONTOURNABLES  ☕,8085,French
gdh64LS7sxQ,شاهد كيف كان رد انس تينا على قناة النهار بعد نشرها فيديو راني فرحان,389930,French
DXfEbmPUbxo,Makhpro boy kl - Immigration clandestine,203306,French
nX5GmlewewY,"شاهد مادا قالت قناة الجزيرة عن فيديو Anes Tina Rani za3fane , راني زعفان",64867,French
oyl9wNN5TU4,"HYDROQUINONE Ep 1 avec Ebata,Kipekapeka,Monsatu,Makambo,Alain,Mamissa,Barcelon",17042,French
pdFaLkmUrFg,فتاة أمريكية تتأثر بفيديو أنس تينا 😥😧 |  Anes Tina - Rani ZA3FANE REACTION,56124,French
whhVPrAJxbI,شاهدة تروي كيف توفيت صديقتها القادمة من أكادير بفاجعة الصويرة,108372,French
-OFYWPraLsU,DRAGON BALL SUPER PREVIEW EPISODE 117 VOSTFR,33737,French
ByIfLp_Dqes,NIKE X OFF-WHITE 2 PAIRES DE LA COLLECTION THE TEN BY VIRGIL ABLOH,32442,French
PApTfKJdzR0,قناة النهار ترد على فيديو أنس تينا ديزاد جوكر راني زعفان Anes Tina Rani za3fane,24142,French
QwB43eWCWVQ,Rallye du Fenouillèdes 2017 (big SHOW & mistakes)[HD],2122,French
pV7gSw2NN-M,"Top 10 Plays of the Night: November 18, 2017",379112,French
fCSKfVEg79A,"Energies de la semaine du 20 au 26 novembre : Soleil en Sagittaire, nouvel élan !",2778,French
_OnGk6cEVxM,rallye Monts et Coteaux 2017:sorties et gros passages,1997,French
zCvf6VvPpFM,"Marie (SS11) balance sévère sur les vrais visages de Barbara, Noré et Kamila !",224460,French
ZmkAXgFsHxk,MON ROOM TOUR ♡ Chambre !,4844,French
jCL3UdXldxw,Manifestation à Paris contre l'esclavage et la vente des africains noirs en Libye,14415,French
EpwBd23co8c,BOTALA NDENGE HERITIER AKUNDI CHARLY MOBUTU ALAKISI BOLINGO NAYE NIONSO EPESI PASI PE MAWA,12444,French
87c6uuE09cI,FORÇONS-NOUS À NE RIEN FAIRE !,3760,French
J4HLDWlsq4Q,MY DAILY LIFE IN SEOUL,19634,French
l2_I8D2sb0o,Sofiane Molenbeek - Black M sa assume pas (KILLUMINATY SMG),40729,French
J1zuXPnRqpI,À coeur ouvert avec SWANN PÉRISSÉ,7641,French
tTmYp_bzV0o,نص نهار معايا ❤❤ حضرت وجبة عشاء خفيفة روووعة وحلوى بثلاث مكونات فقط جولة و مشترياتي ...,59389,French
KEXnU8wQ68g,DEVINE QUI VIENT TE VOIR CE SOIR ? | ÇA : Le jeu vidéo (FR) IT : The game,22737,French
TwW3OwrpJvQ,TENSION EN RDC MARTIN FAYULU LE 28 NOVEMBRE PEUPLE CONTRE PPRD EYINDI,12968,French
iyR4-wol1mE,DAILY OBSERVATION 12 : T'ES SÉRIEUX ? 😂,49031,French
pPoXTchBsRs,"Enterrement Charly Mobutu Arrivee Heritier Wata Et Vital Kamerhe, Fally Ipupa Representé Par B52",31850,French
pW5j09gLyfo,Maroc : au moins 15 morts et de nombreux blessés après une bousculade pour l'aide alimentaire,7349,French
sjLcShoavuI,Sylvie Vartan reprend l'avion après avoir vu Johnny Hallyday,17539,French
TFIKguGLfsc,"Bold Eagle non partant dans le Prix de Bretagne, réaction de Thomas Bernereau",2984,French
29hpwdZfZ-A,É POSSÍVEL ABRIR UM COFRE DE ALTA SEGURANÇA SEM CHAVE ?,665200,French
uw8h8YioI1w,J'ESSAYE DES SALTOS !!,9196,French
M4qlOYfeRvc,États-Unis : Lésions fatales épisode 2 - L’Effet Papillon – CANAL+,35545,French
w48m_A54Ulo,URGENT Abdoul Niang détruit Maréchal Madou ka Journal,4818,French
AjerlZsuAjY,France - Afrique du Sud : Le résumé,56696,French
ZWHL1Qddiww,والدة منير الحدادي لا يعقل أن يتنازل إبني عن قميص إسبانيا من أجل قميص المغرب,102368,French
6zMTpxQRnts,Dikoon  episode 120,158868,French
8FzB1kzis48,TUTO CRUNCHY SLIME COULEUR NOIR METALIQUE,18324,French
z6v5Vp0NQt8,FUT 18 | MES PLUS BEAUX BUTS EN FACECAM !!,61480,French
8gpJTXevhDo,ANNONCE URGENTE !,25461,French
W1Ko8IaL2YQ,"MA MEILLEURE DRAFT SUR FIFA 18 - MARADONA,C.RONALDO,MESSI & CO !!!",49888,French
clK6DUfSsCE,عاجل نجم المنتخب الجزائري سابقا صايفي يدخل المستشفى......الله يشافيك,135894,French
oEpHzbZFolM,5 Énigmes Pour Enfants Auxquelles 95% Des Adultes ne Savent Pas Répondre,20911,French
uk27Imx6Hys,DRAW MY LIFE,3427,French
88OhCWTW3vY,10 TRUCS À SAVOIR SUR MON HUSKY,11018,French
Tj2ecmfB4SI,Comparaison pizza : Domino's VS O'Five - l'analyse,29653,French
gjD7aVihics,Je teste le site BANGGOOD - Spécial PAPETERIE,3675,French
N5-jFNhvtwE,Temples de Petra - Comment les Anciens ont-ils fait?,6095,French
-ykw85aBgzc,JE SURPREND LE CLOWN TUEUR ENTRAIN DE TWERKER ! CA TOURNE MAL !!,27754,French
ytVpsCKAPb0,COMMENT J'AI CACHÉ LES DÉGÂTS - Draw My Life,7871,French
A2KboB4Lafg,"Bernard Tapie : interview Laurent Delahousse  Lucide devant le cancer , mais combatif !  .",31117,French
1XyoB7gocMU,ASMR 👂🏻 1h entière de déclencheurs massage oreilles - One Hour Triggers ear massage ♡  3Dio,18992,French
04nIdhzeMhE,Géant pancake,4028,French
YYOE_CSOUl4,Bercy 2017: le message de Maman Ndeye Sokhna Mboup à son fils Youssou Ndour,15173,French
cEMjBhCs5lk,Valko Jenilat - Grand Prix de Bretagne - Vincennes - 19/11/17,3430,French
jov0COIxzq0,Ty Chery - Frappe fort Abdoul Niang,6016,French
hNrLNkhoGy4,EN MODE BANG BANG 2.0,25957,French
a9CiGI8D4iQ,Santé de Johnny Hallyday : qui croire ? ❤ Dernières Vouvelles,10916,French
rUG3hjcaxd8,😈 MOTORCYCLES SOUND 😈,24946,French
5RjyIJ6qliI,رد طفل جزائري على أنس تينا Anes Tina Rani za3fane  راني زعفان,126308,French
Dv-fGZIIgIQ,"Une soupe de tomate, avec du poulet et des épices (pour pécho)...",4264,French
zycRFTif1TQ,PARIS: Mobilisation contre la Vente des noirs en Lybie avec KEMI SEBA  & CLAUDY SIAR,11297,French
9-PFhjGUMsQ,Mon chien n'a plus que 2 heures à vivre...,50431,French
-Oyh7H4fu88,عاجل..الملك محمد السادس يعطي تعليماته بخصوص فاجعة الصويرة,28817,French
yGeyOlSGMEc,MakhPro boy Kl et Baye Mbaye • Le ticket Niska • à mourir de rire,153675,French
V8XfRrK8Ucc,"PATSHO RFI CLASH KOFFI OLOMIDE ET FALLY , BOTALA AKOTELI FERRE GOLA et JB MPIANA",8509,French
i7qhoZjy5o8,UN PERSONAL TRAINER ?! ÇA SERT À RIEN.,11027,French
Fk-4AKtaavI,Une nuit dans un vrai Manoir Hanté : trouver la réponse ensemble 03,87671,French
D5SoKKWFVK8,"Rentre dans le Cercle - Episode 9 (Georgio, Remy, Josman, Franglish...) I Daymolition",271234,French
1ZdWFeUiW78,LA VERITÉ SUR DISNEY ! Feat BOOSTEE (CHANSON),370189,French
MMRNXFv51WU,VÉLO DANS UNE PISCINE !  TOMBERA / TOMBERA PAS ?,233890,French
3066ZHdJZto,MOTARDS vs RACAILLES | FRANÇAIS,225007,French
zcVf4TY3X8Q,PETITS DEJEUNERS SPORTIFS SANS COMPLEMENTS !,183969,French
W9boQWSTGi4,Petite mise au point sur l'épisode du Manoir !,113358,French
dQN9o9ngMP0,Maître Gims - Cameleon [Son Officiel],33290,French
QfCXa2rG6UM,"B. Tapie, en larmes, mon cancer j'ai envie de lui péter la gu...le 19/11",100499,French
QVcazWrbFOU,L'élection de Christophe Castaner à la tête de la République en Marche - Le Moment Meurice,52461,French
x9fndaXKupc,Je vous montre la dernière moto que j'ai acheté - 250 KTM ENDURO !!!,74690,French
tpphm3r1Q1E,"Islamophobie : un racisme et de droite et de gauche, par Usul",70537,French
HE5XwjBgcik,AMI-AMI Bande Annonce (William LEBGHIL // 2018),17634,French
orfs-U5AmjU,HISTOIRE ET METAL (feat plein de barbus),55135,French
iT6QB5lGNsA,11 BLAGUES MARRANTES ! LA GUERRE DES BLAGUES !,256783,French
p2kFmn0lndM,VIRÉE DANS LE HOLLYWOOD ESPAGNOL,61426,French
ie9L2fJn40k,LACRIM - AUREVOIR MERCI,152507,French
DNf-s12EJ2w,Marie (Secret Story 11) dans le bain de Jeremstar - INTERVIEW,117879,French
G-GFk6rsl8Q,"J'SUIS PAS CONTENT ! #116 : W. is Back, Valls qui chouine & Drapeau européen !",39861,French
QY7pLVvCTGk,SOS Milla : Découvre le teaser du programme !,7789,French
pV7Lw5LePNg,[Zap Télé] L'INTERMINABLE CLASH : MOIX VS CARON (20/11/17),100836,French
h-pPn3nHyHA,UNE DRAFT COMPLÈTE - FIFA18,110863,French
eu8xCzMELLY,Le gourou meurtrier Charles Manson est mort à l'âge de 83 ans,9236,French
ytmON9SJvgA,Cocovoit - Paf la chaîne (1997),64185,French
j83Z7VX8P54,La cage n'a pas pu le sauver...,26693,French
f0JuCp-KzbQ,Girondins de Bordeaux - Olympique de Marseille (1-1)  - Résumé - (GdB - OM) / 2017-18,138309,French
ux5k9Uo1Oi8,"Castaner, nouveau patron de la République en Marche - Journal du lundi 20 novembre 2017",6244,French
10pOH6zj8Cg,SOMMES NOUS MEILLEUR QUE: PAUL POGBA ? #Episode4,59790,French
NULRVfGRfGw,"Priyamanaval Episode 869, 20/11/17",421353,French
hCo8tl-anV4,"INCROYABLE, FELIX WAZEKWA A RECADRER KOFFI OLOMIDE PE A KUMISI FERRE GOLA, A SALI YE BIEN.",62952,French
GiUDQY43WBU,Keros-n - Loin,41050,French
Lm-H_-mvv2E,Débat entre Youssef Hindi et Alain Pascal sur les origines de l'Islam,7258,French
NjXIvO3KfVI,Dadju - comme si de rien n'etait (audio),68451,French
ZFuaXqHnFdo,Les maires peuvent-ils faire plier Macron ? #cdanslair 20.11.2017,7281,French
Op74jw0GLgE,LA VOITURE MYSTERE - COURT METRAGE #1,43844,French
u_-1jCHxB8Q,Charles Manson : le diable est mort - C à Vous - 20/11/2017,8345,French
NrO_GALXeWk,"وزير الإتصال يقصف أنس تينا راني زعفان , Anes Tina Rani za3fane",17054,French
grDqpy_OvmA,Laurent Gerra : émission spéciale 2.500e chronique sur RTL,6168,French
_Uo4QCWtBrY,Tu préfères... - Catherine et Liliane - CANAL+,8719,French
konqWExj-l4,"Hommage à FÉKIR, NEYMAR en boîte, GRIEZMANN sifflé...",151897,French
qqi0cKCIMh8,SEUL 1% DES PERSONNES COMPRENNENT COMMENT ILS FONT CA !!,36962,French
kNvD0MPsuzk,Louis Aliot répond sèchement à Marion Marechal Le Pen sur Bourdin Direct le 20/11/2017,10696,French
kz7XGDB3vq0,DANIEL NSAFU Aye MABE: Cette fois-ci Biso Na KABILA NZOTO na NZOTO,19677,French
PzoccPn4hQ8,شاهد هيرفي رونار يتحدث بالدارجة المغربية على قناة فرنسية.,85708,French
4EVNqKfKjFk,Le Oui/Non avec Hervé Renard et une belle surprise (Maroc),84830,French
6WUo5t_hrhk,Tropico !!,2119,French
51KVV0lY0B0,تصريح حصري لرئيس الجمعية الذي تسبب في فاجعة الصويرة,393485,French
EaWG45btSH0,LE RETOUR DES ANNÉES BONHEUR - Patrick Sébastien,4806,French
gh53Z0dgKcs,مؤثر ... سيدة تروي بحرقة تفاصيل وفاة والدتها في فاجعة الصويرة,52906,French
oeg16oq5vOY,Le Tour anniversaire E&R : Lille – L’intervention de Pierre Hillard,4706,French
bANCK5-JhwY,Tanguy Pastureau - les terriens du dimanche - 19/11/17,10957,French
CQzD_cdb33w,EXT - SOULEYMANE FAYE INVITÉ DE TOUT EST LÀ DU 17 NOVEMBRE 2017,37207,French
Vi-uojhcnWk,Hugo Manos des Anges fier d'être gay ! - ZAPPING PEOPLE DU 20/11/2017,24813,French
-b2C0M8afgg,à tous les gens meurtris,13486,French
Jy6JKZsgHww,جريمة المدنية/ القاتل كان يرمي أشلاء الضحيّة  من داخل المنزل الى الشارع !!,78895,French
z-LPU7749z0,"C Politique, le débat - Joann Sfar, Delphine Horvilleur, Rachid Benzine, Yassine Belattar - 19/11/17",7073,French
g_YAr53iv7w,EPISODE 6. RENDEZ-VOUS AVEC ROCH. Vers la révolte des moutons,32684,French
IWJqMCQQj_Q,Fait-on assez de place aux personnes handicapées  dans les médias ?,60081,French
cWRpfETUx7Q,Racing-Stade Rennais FC : le résumé | RC Strasbourg Alsace,3608,French
8VzV0vsgJ5E,La mystère du sous-marin argentin disparu,4173,French
_X_VCXhoXkQ,Mai et sa coupe courte par Paul !,6174,French
i_MHMCXf0NY,EN DIRECT - Conférence de presse de la France insoumise - #ConfPresseFi,4637,French
ZKEb0jIt-Nk,Meet Miss Universe France 2017 Alicia Aylies,7631,French
XkmRu1iHVD0,"THIERRY ARDISSON répond A LA POLÉMIQUE sur SQUEEZIE ( interview, malaise, réseaux sociaux, twitter )",2501,French
LqVIc6mwVBY,"Laeti­cia Hally­day : Qui est sa mère Françoise, avec qui elle était fâchée| Nouvelles 24",4456,French
4L4p7dr-C84,😂 LES GENS QUI AIMENT TROP L'HUMOUR 😂,2843,French
e-S3qeQcHWU,Jean-Jacques Goldman quitte les enfoirés Patricia Kaas brise le silence,13603,French
ytUUHT4Lo-A,3 astuces pour trouver des sujets de conversation intéressants !,6394,French
J4WAuLjO3V4,Le Bret Du Faux sur RFM / Lundi 20 Novembre 2017,6814,French
jlK6-d7lBF4,LOS ANGELES LAKERS : CONFIANCE OU INQUIÉTUDE ? First Talk NBA #33,23318,French
9H_fBlZVMq4,IDOLES - saison 3 - épisode 16 : la bande annonce,46995,French
j72j9ido__w,حرب كلامية والسبب كلمة راني زعفان,70837,French
p8cVW_YZ4A4,وهران تهتز على وقع فاجعة .. مقتل الطفلة زلماط غزالة ذات 8 سنوات ..,114578,French
YNJmO4rhlNk,"HYDROQUINONE Ep 3 avec Ebata,Kipekapeka,Monsatu,Makambo,Masuaku,Mamissa,Barcelon",11423,French
banBn7VokqY,Nombreux incidents en marge d'une manifestation contre l'esclavage / Paris - France 19 novembre 2017,10458,French
APyJD2d3Ivg,Vieux Blen et Mohamed Ali Bathily,7432,French
MPOGbtDVRyg,"David Hallyday, Nathalie Baye et Eddy Mitchell au chevet de Johnny",1630,French
KDKTckoA3ig,Une Journée dans mon Assiette | Vegan & Riche en fer | Alice Esmeralda,8346,French
II6AnxPRCrs,"Bassem Braïki nous parle de son embrouille avec Booba, de Lyon, du hlib... (1ère partie)",34499,French
zC5x-irk6QY,"RONALDO EST DÉGOUTÉ, IL N'Y ARRIVE PLUS ... ! / PASTORE VA QUITTER LE PSG EN JANVIER ! ZI#321",58717,French
tOyTfX8-p_I,Le Vrai Visage de Jean-Michel Aphatie !,13654,French
Lylu8F5Bk8M,"Amour, Gloire & Beauté - Episode 7279",4218,French
lkxzkpSCDwU,SERGE KABONGO RECOIT CE 20 NOVEMBRE 2017 JOACHIM DIANA ET MIKE MUKEBAYI,9368,French
8ss3WTov2Os,Emmanuel Macron : Qui c'est le nouveau président d'En Marche ? C'est mon Christophe !,6036,French
JlEErvz-vHk,TOKOU - SHIT (épisode 1),11938,French
hjYg6Gy0mSY,اقوى رد على حادث سيدي بولعلام نواحي الصويرة ..عار يموت الناس بسبب التدافع على خنشة ديال الدقيق..!!,180127,French
ptp5ucTF-vE,Dimanche Tout Est Permis S01 Episode 09 19-11-2017 Partie 03,97721,French
S2RDmba3_2o,UNBOXING COLIS D'AIRSOFT DU CANADA !,43097,French
LrvekE886LI,Actualité mondiale : Alerte maximale ! RAV CHAYA,2142,French
AsIb9VoMNlM,Chapelet du 20 novembre 2017,4344,French
l9Ghr0H-9F0,Corée du Sud : Tous aux abris - L'Effet Papillon - CANAL+,50993,French
MKwCrltTISM,Une animatrice clashe sévèrement Bijou Ngoné : “Souleymane Faye bamouy aam …”,22468,French
3sWzwCNPeA0,LE MANOIR HANTE DE SILENT JILL ET LEGRANDJD,24165,French
Mb2drokABdY,"MOHA LA SQUALE, COPIE DE MISTER YOU ?",43432,French
DDLmvC9KVIg,LIBYE LES SIONISTES CONTINUE L ESCLAVAGE POUR SALIR L ISLAM MANIPULATION DES MEDIAS ?!?!,6196,French
sW2bGW1ONnA,La SWITCH est A MOI,26820,French
bRp-JG4rJ-w,منقذ نساء فاجعة الصويرة: هذه اسباب التدافع,71345,French
zEdSaDeQAM0,Chasse aux sangliers-Un tir à +130 mètres !,1739,French
Rhx4bcZwXeo,Miss Univers : Alicia Aylies jalouse d'Iris Mittenaere ?,4335,French
OsoPkRHm4Ek,سامحيني 1297 جزء 2 Samhini 1297 Part,27259,French
-O400cbbcYU,🎬 VIDÉOS SUPPRIMÉES ?? / CHANGEMENTS SUR LA CHAÎNE ❣,2133,French
-5nVLOyuXqA,Le Média fait son point d'étape,23691,French
XQAIscO9W_w,[BÊTISIER] Une poudre qui fait rire ! - Défis Cobayes - France 4,4845,French
i2xU0kHJ41Y,Les coulisses de l'opaque galaxie Red Bull - TRANSVERSALES 20/11/2017,4117,French
VCBhqxI-8hw,McFly n’est pas le papa que vous croyez - #HistoiresDeDarons 5,4899,French
P9rypelDMWQ,Philippe Katerine chez Thierry Ardisson | Archive INA,2706,French
2sKzPy-cmGw,La science des ballons,11337,French
7vbiUJW9u0A,[A CHAUD] L'esclavage en Libye (KILLUMINATY SMG),25384,French
5n88XNONuf4,الطبيب المغربي الحارك يتحدث عن فاجعة الصويرة و موت الأرامل من أجل خنشة طحين,80540,French
5EfoYgEDR4g,La Savan­nah : 5 choses à savoir sur la rési­dence de Johnny Hally­day à Marnes-La-Coquette,3199,French
W4ySaD0yUkw,L'artillerie russe s'entraîne dans la région de Leningrad,2351,French
H2t4SNJqZM4,Elhiwar Ettounsi Live Stream - بث مباشر,21777,French
-9aFXjXu0XE,Johnny Hallyday : la jolie surprise du célèbre chef Jean Imbert,3783,French
gWXGA6EYOUM,Esclavage en Libye: Le témoignage d'un Camerounais,8104,French
jH2t4Tcl3Pg,Bruno Mars - Live At The Apollo Theater [Official Trailer] (November 29th on CBS),301265,French
shmVN2Fu9tU,บ่วงบรรจถรณ์ BuangBunjathorn EP.7 ตอนที่ 4/9 | 20-11-60 | Ch3Thailand,48340,French
spHXmHu3NS8,Ma Famille D'abord Saison 4 Épisode 5 ( La Phalange du singe ),21057,French
BUxxoxBw_p0,[UNDERTALE COMIC DUB FR] HANDPLATES S3#5 : Origines ?,4807,French
zzF7MQZHKSs,"Les Marseillais VS Le Reste du Monde 2 – Episode 57❀ Vidéo du 20, En Direct HD",2731,French
3zQYoCxM_B4,Dieudonné Les Médias Spectacle complet,49771,French
CegHONl1V-g,Recette de Praliné Amandes Noisettes Maison,3082,French
4kJnGUmLKi8,Les meilleurs jeux de Septembre Octobre 2017,1295,French
bH1qt_wXB0U,Méditation minimaliste très douce 🌼 Cédric Michel,2761,French
9qtjVA0PThg,Quand les soldats pètent les plombs (fails/dodos/chants),69885,French
6FcO9n5uXeg,"PRANK EXTREME, JE CÈDE MON COMMERCE (ça tourne très mal)",5813,French
e20nTQF7moQ,Talk Show : Sanson va-t-il prendre le dessus sur Payet ?,3260,French
xbgqRGvDJ2I,LQC - Combien de grains de semoule dans un paquet ?,393371,French
6Vitv4WjGRw,LA GRANDE SPECIALITÉ DE DANIELLE,139071,French
MO8mBz9-Gag,CHRIS : 3 Trucs Méconnus Sur La Réussite,244740,French
EKU2SpBmdPw,10 ANIMAUX AVEC DE VRAIS SUPER POUVOIRS 2  | Dr Bot,80763,French
qDAW3V85tEk,LE MEILLEUR JEU ENTRE POTES FT. DANIIL LE RUSSE,108802,French
z9uvfzaLlb4,"Balance ton porc, vous en pensez quoi ? Le Moment Meurice",61753,French
xdlwnbTyGNk,Maître Gims - Cameleon [Son Officiel],21506,French
APPgr4K9Yqk,BATTLE FOOD:Turquie vs Algérie vs Portugal vs Côte d'Ivoire  - VLOG #489,37767,French
vhDPsn340_4,Brulux - Noichi (Clip Officiel),219394,French
FKUr2Lq0rQk,LE CLOWN TUEUR NOUS OFFRE 500 EUROS ! WTF 😱,102481,French
6ylu7YxTOgg,JE REGRETTE D'AVOIR CLIQUÉ (50/50 CHALLENGE),210986,French
DxtUbOfzh_M,Le 20.45 de Camille Combal : 90' Enquêtes version TPMP,72622,French
ieSFTsVioMs,Côte de porc  - YouCook,34843,French
EmpmD3Y9KoE,STARPASS pour Ashley qui a bouleversé le jury,29964,French
j3tSPqWCXcc,MON SÉJOUR A L’HÔPITAL : EXPLICATION,59391,French
og_pKZgceRk,"Vaincre l'épuisement, un plan radical en 20 minutes ! - www.regenere.org",16049,French
XLSVj1RKvmM,"J'SUIS PAS CONTENT ! #117 : Députés au MacDo, Cthulhu fhtagn & Caca Boudin ! [Feat. JRLombard]",41294,French
zE2ut7Ism2U,Un gars une fille - et canaille,44394,French
S7FpUFSnxsQ,ILS RÉAGISSENT AU RIRE JAUNE !,92037,French
PFc_Hc2OxuY,[Zap Télé] SOIT VOUS ÊTES UN IMBÉCILE SOIT VOUS ÊTES UN SALAUD CABANA VS FILOCHE (21/11/17),90916,French
7XQi1XqLNrs,Adobe Creative Meet Up Novembre | Adobe France,5779,French
-3NJ1SFmidI,Municipales : la bataille de Paris a commencé - Journal du Mardi 21 Novembre 2017,7098,French
4jtqy6gK8rw,Poutine félicite Assad des résultats atteints par la Syrie dans la lutte contre le terrorisme,9260,French
hdI8pm0snbg,"IDOLES - saison 3 - épisode 16 : Boo bëggee xam luy laabiir, Amal doom",83620,French
fsd0LUzLy3s,10 MONDES INCROYABLES PERDUS SUR TERRE | Lama Faché,155238,French
4KeoAM_6AIY,Merkel : la patronne en danger ! #cdanslair 21.11.2017,8534,French
awH4PLpftyg,"Shirley (SS11) détruit Kamila & Noré, Accuse Charlène & Benoît et Lâche tout sur Laura & Barbara !",90490,French
3oXhLdeuxDw,Bus Photobombs The Weather Channel's Stream of Georgia Dome Implosion,571342,French
6-QvE6oq-So,FIFA 18 - BIRDYY VS YOMAX,70966,French
jL8T01wNUFU,SHY'M RÉPOND AUX 10 PLUS GROSSES RUMEURS SUR ELLE !,50646,French
isNoqCOOsZA,Mariés au premier regard - Saison 2 - Episode 3 - Vidéo du Lundi 20 novembre 2017,23705,French
iwvPO7CGPoI,Miraculous Ladybug: Lou & Lenni Kim | OFFICIAL MUSIC VIDEO | Full version,25548,French
2lWlkdfjWEE,CE QUE PENSENT LES EMOJI ! DELIRES DE MAX,36568,French
t7jMOKdnLDw,Les conseils fashion de Catherine - Catherine et Liliane - CANAL+,8758,French
G-B4DqnPYaU,GOKU SSJ BLUE KAIOKEN VS ULTIMATE GOHAN (Part.2),4215,French
aVwRatP9_kE,Mohamed Allaoua ★ Xaluta ★ Clip Officiel 2017,15954,French
fCmg6LymKDg,Spaghettis Volognaise / VEGAN,6141,French
xpqtRUAZVFQ,Chapelet du 21 novembre 2017,5330,French
3IHqGevYuFc,Johnny Hallyday : ce qu'il faut savoir sur sa maison de Marnes-la-Coquette- [Nouvelles 24h],20197,French
quXt3MBO3YY,"Astrid de Villaines, journaliste à LCP",7428,French
myYxdjRm7x4,Bercy 2017 Sanekh,36853,French
Yzwada85Kd8,Frères et sœurs séparés : comment se retrouver ? - Ça commence aujourd'hui,8175,French
-pcKAF1yKwI,Une auditrice drague Les Grosses Têtes,2684,French
yXfqS4-TUdc,TPMP : THIERRY ARDISSON VA-T-IL TROP LOIN ? POLEMIQUE SQUEZZIE VALD CLASH ... ! ZAPPING TV,54828,French
DuUw3jcViuI,Intégrale Dadiposlim Audition à l’aveugle The Voice Afrique francophone 2017,24297,French
gwdZ48tmBdI,Sketch: respectez le couscous s'il vous plaît,6859,French
anZ61ogfvk4,مسلسل عروس اسطنبول | اعلان الحلقة 26 | - مترجم للعربية,107450,French
86Ikyc37VVI,Comment savoir s'il tient à moi : L'astuce pour savoir ce qu'il ressent !,8491,French
svZCVKjLRzk,Le Bret Du Faux sur RFM / Mardi 21 Novembre 2017,6486,French
1eLB3w_9Mbs,samhini 1298 Complete 2M مسلسل سامحيني 1298 كاملة,120698,French
eWtRZ5Om0aA,"Amour, Gloire & Beauté - Episode 7280",4538,French
Dky8xhiEZQ4,Bienvenue sur le culte en direct de La Porte Ouverte,2166,French
FLAuWnFSsBc,Les (folles ?) théories sur JURASSIC PARK,40548,French
eapfosMDPD0,DALIA  LA FLEUR : UNE PAGE SE TOURNE RETRAIT DE DEUIL DE LA FAMILLE MBAYA,4130,French
qutKczUe9WA,TOKOMI WAPI DU 21 11 2017 ONG ORPHELIN DE COEUR PONA NINI?,21260,French
hztRiKmAGUU,Kyrie Irving : bienvenue dans la course au MVP !,22160,French
JFveGh6E8kw,BUGNE AU CITRON FACILE (CUISINERAPIDE),14395,French
R9TxGjcdUo0,Paris-Turf TV - 100 %  Quinté - 22/11/2017,12177,French
29Jin3-FVJg,Apoel 0 x 6 Real madrid (HD) Gols e Melhores Momentos - UCL 21-11-2017,183953,French
BUcbO7ctgPE,10 Histoires de Mariage Que Les Jeunes Mariés N'oublieront Jamais,10602,French
dA64O-H8t3g,RC Lens - Chamois Niortais (3-1)  - Résumé - (RCL - CNFC) / 2017-18,29656,French
wfnfQiKtj5Q,Dortmund vs Tottenham 1-2 ● All Goals & Highlights HD ● 21 Nov 2017 - Champions League,333661,French
S6pRWCELY4Y,FUT 18 | NOTRE PREMIERE GROSSE RAGE ...,61731,French
nTKaAd3utPE,NOTRE PERCEPTION CHANGE-T-ELLE ?,3197,French
Hb-GvogJg54,LES CLICHÉS GAYS (ft. Andrew Grey),4303,French
ZVbUxgQHtTs,Elle fait passer un test ADN à sa fille adoptive. Ce qu’elle découvre la laisse sans voix,15434,French
qSYZOyo3lk0,DALS S08 - Correspon-Danse : l'amour de Christian Millette pour la Reine des Neiges,32114,French
o4mBun7UcJA,فاجعة الصويرة وفاة 15 امرأة وحقائق تكشف لأول مرة مع أذيب السليكي radio plus,27485,French
HdQ4M_uBL4w,PAS DE COURBATURES = PAS DE MUSCLES ?,40345,French
0oUH7dU6TG0,JE TESTE LES ASTUCES DE MES ABONNÉS #5,65493,French
NFF9jBU7Aik,JE REPONDS A UN RAGEUX !,43561,French
h75bUNl8gcI,الرفيسة من يد الطباخة السعدية العلوي بطريقة تقليدية و تقديم عصري (الحلقة 15),185651,French
KR1Dd_P8OOc,"Top 10 Plays of the Night: November 20, 2017",375359,French
3Kn_SBFNn0I,LES JOUEURS LES PLUS RAPIDES DE L'HISTOIRE DU FOOTBALL !,23647,French
uDcG5SAoD08,WASHINGTON D.C : JEUNE ET EN PRISON AUX ÉTATS-UNIS - Tour du monde #4,16294,French
rlWvQ8iXRMk,Rallye de Picardie 2017#Action & Crash!!!,2748,French
0FDIJpw25Fg,Zap Extrême : il se coince la tête en tombant avec son VTT ! Slider une Slackline en Ski...,64729,French
Rcq1lY9zAjk,SISTER SISTER - Relation à distance 2/2 💌,9711,French
8xZeS8NrXCg,#SLAUGHTERBOTS : Quand Les Démons S'Emparent De L'A.I. ! - ITV Prod,4605,French
OSOPHEOLROY,Toi & Moi 💕 Votre évolution Sentimental 💕 Tirage général ✨,1900,French
KAoe2oxbnms,The Walking Dead : Saison 8 Episode 5 / Review & Théories,9762,French
Arw56A1N13s,قناة نوميديا : وهران - تشييع جنازة الطفلة غزالة في جو مهيب,55925,French
2fmdvr4evBE,Les lois de l'attraction mentale (documentaire),24359,French
ZOHjrEdu7dM,Chasse aux sangliers en Corse à Tox 60 triplé,5445,French
Ye_XYOS7dws,Vlog Kangoovan 29 - Changer des pneus,2996,French
5bQDBZs2iss,Comment sortir de la FRIENDZONE,24301,French
fV2H0njpC3I,شاهد إبنة مدرب المنتخب المغربي هيرفي رونار تفاجئه في برنامج على قناة فرنسية,80131,French
wFTwYe48Oow,Khalass avec Mamadou M. Ndiaye et Ndoye Bane du Mardi 21 Novembre 2017,21681,French
_8NUoUOUgwk,يوميات إمرأة كالسة في الدار : عجانة كيتشن ايد فطور الويكند و كراطان البطاطس English Subtitles,28782,French
mehEeHNWuRo,Laurent Fressinet nous parle de Magnus Carlsen,3108,French
CjwGVmNUVho,LES MARSEILLAIS VS LE RESTE DU MONDE 2 ÉPISODE 57 HD,51059,French
WQF-S4QqgZE,VLOG#2 WEEK-END À BARCELONE l SOKASS,2075,French
H6tEnvdOOpo,Parents mode d'emploi - Episode du lundi 20 novembre 2017,28680,French
HwAcSq-9HDA,DO S1000RR #10 DARON VS SKATER,12814,French
3VNcvmsY57s,ESSAYEZ DE NE PAS RIRE CHALLENGE #59 - Mr Olivier,9683,French
cKbJWozLnWE,« Fast but not furious ». Aller vite mais rester prudent pour François Gabart.,1462,French
Pq38VtiD-80,Préparer Noël (3) : 1 semaine avant d'entrer dans l'Avent,3265,French
6-0euGy4w9c,FIFA 18 - LE DUO IBARBO 72 ET CRISTIANO 74 EN ACTION ! CHEATCARD#2,53817,French
hLndsaSIPBA,Bio/local - Végétalien - Sans sucre* - Manger pour 3€ par jour - Jour 2 : Lasagnes végétales,9400,French
cI6ZEyICYiQ,Choup'artiste - Des cartes sur nous et un Ponyta petit cochon :p,17205,French
mt8dY0LUyxI,Landy - Vaisseau mère (clip officiel),17562,French
Bkm67iZJv1I,T'es au top ! Ahmed Sylla - Salut les Terriens,24226,French
hLs4L8qFDx4,"Carrés sablés CITRON 🍋   LEMON SQUARE, ma recette FACILE 🍋",22158,French
26V-SFnmGG8,A. Quatennens à la ministre du travail : Vous prenez le problème du chômage par le mauvais bout !,1434,French
GqvGSni1fog,Kisabac Lusamutner eter 21.11.17 Erku Tarberak,30007,French
mwkkaPda-vU,Le matin je dois prier Al fajr ou Sobh ?  Rachid ElJay,10476,French
XVZiggqWqLo,La colère de Manu Petit concernant les joueurs qui,3519,French
aEK44na3U78,❅ Recette de Bûche de Noël au Chocolat ❅,7540,French
Jh_6hCiBNSw,L'ombre d'un doute - Venise la cité des mystères,4160,French
AV1_3s-xO7E,VAOVAO DU 21 NOVEMBRE 2017 BY TV PLUS MADAGASCAR,3465,French
j3C_11l7UXg,On fait quoi pour le dîner ce soir-7 Recettes équilibrées et faciles,4875,French
QKzPKu7tFMo,Gilbert Collard FURIEUX : la Société générale est aux ordres de l'autorité politique,1668,French
UeoP7G3dNwk,MANICKE CORRIGE MATANGA YA MUSICIEN  YA HÉRITIER WATA,12474,French
LTtd0X0sGFc,Footsteps Sound Effect,23017,French
Vblo30gWdXA,Stéphane Bern en excursion dans le métro parisien - C'est Canteloup du 20 novembre 2017,18002,French
KA0rwbXLJbw,La Minute Inside du 20 novembre 2017 - Début de la préparation,2072,French
5E8eWDyMZM8,زوجى ينظف😆كيف اقنعته?غيرت ديكور صالونى فطور الصباح شهيييي مشتريات للحلوياتvlog m mari,112871,French
SQJyOs4S4pI,Les Grosses Têtes - Best of 21/11/17 - Pierre Bénichou est de bonne humeur,2804,French
FohBBrSAk0I,Police Belgique - Contrôles à Charleroi N°28,3366,French
JWaqYJxeVLs,L'astéroïde Oumuamua vient bien d'un autre système solaire,2921,French
4f0qS_DqdMY,Les inventions inutiles feat. Pierre Croce,211521,French
igGKMHiw5aw,Les Français sont-ils des pigeons ? - Ludovik,422604,French
xWEDYZsl1p8,Ces trucs qui me changent la vie !⎪JENESUISPASJOLIE,187584,French
63MPZillaag,TACOS MAISON XXL ! La recette façon O'tacos !?,223702,French
6phANacpOuU,POURQUOI CERTAINS CHEVEUX SONT BOUCLÉS ET D'AUTRES PAS [#LQQTLMSP],102656,French
Z0SuXQeskGM,"Stéphanie (LMvsMonde2): Plus jamais de Télé-Réalité! Avec son chéri, elle explique son choix!",189276,French
n9qhyS-DKuw,LE MONDE DE DISNEY ! Feat BOOSTEE (CLIP),246923,French
6LqwKz7zGc4,Top 5 des princesses les plus balèzes de l'histoire des princesses,230817,French
M8WmFg_NZc0,25 ASTUCES PHOTOS INSTAGRAM QUE TOUT LE MONDE DEVRAIT CONNAÎTRE,354532,French
ML9k07_6MFg,LE NOËL AVANT L'HEURE DU VINSKY FC,171268,French
XGAQuI5KQlo,Vive les armes ! Le Moment Meurice,54365,French
UX9ItIMAZcM,100 IDÉES DE CADEAUX DE NOËL !,363819,French
3UmcBMJAvtc,POGBA X SÉAN - PANNA CRIMES ! 😱👮🏻  Adidas Predator Commercial making of !,566394,French
eRuxpJ-sd84,Le conseil de classe de Benjamin Castaldi - Saison 2017 - 2018,81381,French
iT6WpcW9vFI,ARRESTATION YA FERRE GOLA: PAPA MOLIERE A BIMISI BA VERITES OYO NANU BO YOKA TE PONA KOFFI OLOMIDE.,33412,French
LNYESWGExJ8,Cocovoit 1999 - Le bug de l'an 2000 (avec Nicolas Berno),56789,French
WoThbGn0AhI,Moha La Squale | Freestyle Booska Squale #1,154528,French
S4DMcgcM35k,"Priyamanaval Episode 871, 22/11/17",468919,French
YmLBquPZUdE,M. Valls critique les spectateurs de Dieudo qui fait salle comble à Marseille! 22/11,13865,French
qutwZpdsczw,Topas - En Brrr ( Clip Officiel ),29531,French
lxzF7bN0fBA,Dieudonné répond au CRIF après le triomphe de La Guerre à Marseille,56699,French
oxE-2Mw2Xlw,Ma Nouvelle Vie d'APPRENTI YOUTUBEUR,33806,French
GsZTZQyV8PE,Nouvelle Star - Kamisa Negra - DKR (Booba),8958,French
vCJdxs3bPe0,Test Citroën C3 R5 Yoann Bonato,7553,French
zToDmhPA3HA,Kalash - Mwaka Moon ft. Damso DANS LA VRAIE VIE D'ELINEM,32343,French
dAmM17TBmhk,Van Damme ( feat. JHON RACHID et TEDDY ) - Videostore #9,38715,French
8rPwjyw9hrk,FALL MORNING ROUTINE 🥐☕️,197507,French
_WF5Sg7Go5k,Revue d'actu de la semaine Stopmensonges du 22 Nov 2017,4550,French
-2lFjJkwWxc,Ecriture inclusive : le 1er ministre s’en mêle ! #cdanslair 22.11.2017,6641,French
gYkDeUDNQGU,Exclusivité Fiançailles De L'artiste META MPINGA & SAM BOYENGA Asilisi Tembe Muninga Abali Sepela,17227,French
a6PiFo13tcM,Des migrants vendus comme esclaves en Libye - C à Vous - 21/11/2017,24590,French
o98T2GQKgsI,"Plus je hurlais, plus il cognait, raconte une victime présumée de Tariq Ramadan",9737,French
pkUm44b3YnA,La lettre au Père Noël - ( Téléfilm de 2015 ),10399,French
5Fc-7fZMhWc,Conférence de presse de Marine Le Pen sur la décision de la Société Générale (22/11/17),3696,French
qHHb3N4pwPU,Un sprint entre les balles: l'impressionnante défection d'un nord-coréen,4273,French
zQo-aa7wWZw,Le Zap'Gym n°118,3772,French
OvfbxmO3L4M,TPMP : LA CHAINE C8 DOIT ELLE VIRER RAQUEL GARRIDO ? ! CLASH ! ZAPPING TV,26318,French
tVzYN_6eXd0,Grichka Bogdanoff a rencontré Fidel Castro,3058,French
K0FyST0qSLE,Chapelet du 22 novembre 2017,5455,French
22m92xeJmW8,Maître Gims - Cameleon,10361,French
NnOC9BZA4mA,MIMI VLOG #1,1615,French
qgaEMCZfyqA,Le Bret Du Faux sur RFM / Mercredi 22 Novembre 2017,6355,French
NdYrcbH52kY,1211 CR Tadjer et Bianchin Pau Brive J10 2017 2018,2300,French
_4ZMgzzZhNk,Catherine change les prix ! - Catherine et Liliane - CANAL+,7702,French
ky4Wl4ixE4Y,"HYDROQUINONE Ep 7 avec Paka Lowi,Papa Koba,Kipekapeka,Makambo,Mamissa,Barcelon",11395,French
_Ayme6SXRuI,Dadju - Intuition(Audio),4336,French
3uwaZeNI1wE,"Noir maudit, Noir esclave",9057,French
r99hpvVZy1A,Thomas Wiesel - Ma tournée en Suisse,34209,French
fz-mTpVXKXc,LES MARSEILLAIS VS LE RESTE DU MONDE 2 ❀ Épisode 59 Video du 22 NOVEMBRE 2017 ❀ En Direct HD,24154,French
zV9uELi-wY8,😩  3 SÉRIES POUR BIEN DÉPRIMER 😩  (Mymy TV EP03),9297,French
Kwazztp8WF0,REPORTAGE  Police de la route Belge HD,13489,French
yP4mWc3b20I,حماتي مريضة !! روتيني للعناية بها,47666,French
0aMQgcCe8Uk,[Zap Télé] UNE MAISON SUR LA LUNE ! (22/11/17),78813,French
8e3fBOpUe2E,DIY BALLE ANTI-STRESS GÉANTE | SparkDise et Gloomy Sarah,86672,French
oAOIeAJKLyc,Ousmane Badara Esclavage en Lybie,3047,French
U0-imQbyqIU,En route pour le Salagou | Rod Trip ep 3 | Aude/Hérault,3151,French
uSyXvyhV4ug,LE RACISME DANS LE FOOTBALL ! (#RESPECT),5676,French
QbRh4ptfwlU,ENFIN AVEC FERRE GOLA ALOBI CAUSE PRINCIPALE YA LIBERTER NAYE,19916,French
3Hmq2IQ3kqE,20 ASTUCES AVEC DES VETEMENTS QUI VONT RENDRE VOTRE VIE BEAUCOUP PLUS FACILE,25636,French
YFTybU6QHFQ,Bio/local - Végétalien - Sans sucre* - Manger pour 3€ par jour - Jour 3 : Noix,9371,French
zjdRDr9Z6eI,L'ÉQUIPE DE FRANCE SUR FUT 18 !,56249,French
sk-Fqy6L-9o,RECETTE CAKE POPS AU POPCORN - NETFLIX TREATS,6898,French
M9R10TSMBJA,[Tag] qu'elle discipline pour quel cheval ? Part 1,5120,French
c07PpTaIzXI,Top 10 SCÈNES D'INFIDÉLITÉ CHOQUANTES dans les films !,57552,French
X9Z0EeTdOcg,"Réforme de l’université, le rendez-vous manqué - Journal du Mercredi 22 Novembre 2017",3406,French
n-bd3iFFjUo,DALS S08 - En direct des coulisses : ça chambre à mort suite à la panne de réveil de Sinclair !,17854,French
8xmhqYN4OlU,Serigne Pape Malick Sy fait rire Le Président Macky Sall et son épouse Marième Faye Sall,52732,French
5epRinlxs04,NOTRE MAUVAIS PIED AU FOOT !,35750,French
n1Ou9jeCrAs,Le meilleur pâtissier - Saison 6 - Episode 6 : Les gâteaux d’enfance - 21 novembre 2017,14927,French
x7eNdxFT9dg,RESUME PSG - CELTIC TOUT LES BUTS 7-1 ! 22 NOVEMBRE 2017,1450,French
qWs0R5PjVBM,EN BRRR — MAKING OF,1904,French
0DoGARze7Jc,Paris-Turf TV - 100 %  Quinté - 23/11/2017,12918,French
M9-h8vH9G_0,LE MEILLEUR CHOCOLAT CHAUD DE TA VIE !!! (sans laitage ou sucre raffiné !),13602,French
dEyBa888ZmE,Vienne : un homme fauché par un train alors qu'il fuyait la police,2307,French
96DNIK53Xyg,AFFAIRE SOULEYMANE FAYE - PAPE SIDY FALL PREND LA DÉFENSE DE LA 2STV ET TACLE SÉVÉREMENT ...,26295,French
RoJew30dLtg,"FERRE GOLA SERAIT ARRETÉ par KOFFI OLOMIDE, Affaire INJURE PUBLIQUE ET CONTRAT NON RESPECTÉ",37833,French
TQMempH7CkQ,فضيحة..مواطنة بوجه مكشوف للمقرئ الحديدي بعد فاجعة الصويرة (كون كان فيه الخير كون دارو في الأب ديالو),161582,French
3OU1sMIU2DI,lilian thuram sur l'esclavage en libye   c'est l'histoire qui fait ça ,40354,French
xHCcgqSgffA,Eyindi affaire ya mbongo ya maman olive esuanisi ba comédiens na famille ya mundanga ndanga,9339,French
3Im4KwnfA5I,Ces enfants délinquants volent plus de 1000 € par Jour !,23181,French
bmDusLp4mZI,"Amour, Gloire & Beauté - Episode 7281",4400,French
X9ynFG_bWVo,[VLOG] - Découverte du tapis pour Deimie !,14976,French
IbY-gqY9KrM,KREEZY & NAO : 1er Rendez-vous,5867,French
ECM_X6lZ0pU,A 45 AMG + BMW M2 + AUDI TT RS 🔥👋,21899,French
Vmz9CUCH0Uo,DEBRIEF Bordeaux Marseille 1-1 ARBITRE VENDU !!!,3360,French
tVDa94vh9NY,Spécial Frans [Undertale Comic Dub FR],3946,French
4DJKy7W9KUE,Application de la resine anti rouille,3864,French
une-3RAW_Wk,Jour 19 : revivez les 24 dernières heures de François Gabart à bord de son Trimaran MACIF.,1669,French
7Uy87pVugBo,Relation longue distance : comment réussir la relation ?,5152,French
JPY_vrG39O0,Satellite marocain: Alger ordonne au Polisario de geler certaines de ses activités,11252,French
3dObRgjxhfM,Le poiré de Mamm-Gozh ? #WTF,12759,French
ZVM-A8bCmok,Ba VÉRITÉS ya somo ebimi pona LIWA Mzee KABILA est ce MUGABE ayebaki? ba SOLDAT na biso baza KIDIBA,11714,French
ObazB5RekOI,Un pilote d'avion a dessiné une B*** dans le ciel...,29509,French
qpfpgd0xfFc,LE « MADE IN FRANCE » - Les Reportages de Vincent Lapierre,24950,French
vhb-DQPZjm0,Parents mode d'emploi - Episode du mardi 21 novembre 2017,35071,French
IzqvLSpT3XM,Sketch: Contravention (2),5092,French
22IHle8m5Do,Emmanuel Macron : « Je peux pas donner des papiers à tous les gens qui n’en ont pas »,5403,French
BWFH1G_XIWg,สายธารหัวใจ SaiTarnHuaJai EP.7 ตอนที่ 6/9 | 22-11-60 | Ch3Thailand,56593,French
yjsoqwpH0oI,سامحيني 1299 جزء 2 Samhini 1299 Part,20880,French
LOg_YdbeF4U,Dikoon episode 121,142391,French
y0s8Dzx2Fbk,يوميات إمرأة كالسة في الدار : أسرار أمازون تنظيف المطبخ ماكينة الخياطة و عشاء  English Subtitles,30498,French
9HORWu7ndg4,"En voyant ce chien immobile dans l’eau, ils étaient loin d’imaginer ce qui allait se passer aprés",45455,French
bWz8729ecb8,BĂIEȚI DE ORAŞ SEZONUL 2 EPISODUL 11 PARTEA 4,122823,French
dfs6SvGJZ4Q,Images de la défection d'un soldat nord-coréen,17931,French
oloR3AC5Lg0,Best Of Rallye 2017 {CRASHS & SHOW} 2eme partie,1758,French
x25ro_s6pE0,⚖ Comment Calculer Mon POIDS IDÉAL et Combien Dois-Je Peser ? Le Grain De Sel 👍 ⚖,3638,French
RhMp36UgXo4,Video du parcours 2017,1997,French
D6S7SfHmTCg,ON EST 40 000 ! Jean réalise vos defis.,16041,French
3ugEGFq77_Y,Conférence de presse de Marine Le Pen sur sa banque,3790,French
tscHT1MtHPw,Moments Gâchés - Kalash (Blend Art cover),7700,French
Sk2Q-r-UShA,Hugo Tronche - Training Motivation,2372,French
CXri3MtcJbs,Top 14 - La charge dans le dos de Loni Uhila face à Lyon,2994,French
AnlCoR3X9Lc,#THUNDERBIRDS : Les Sentinelles De L'Espace  Et La Terre Toupie  - VOF - Friend Of Yahweh,2716,French
6gvhh8bdTEg,Supercross de Paris : Le résumé des finales SX1 © Motoverte.com,4194,French
B-Ov-dJ4B18,PSG VS CELTIC 7-1 DEBRIEF (REMONTADA),47231,French
wV1lmMFhNnA,Guizmo Les gens parlent d'amour / Amicalement Vôtre / Y&W,53830,French
FlMtvy5SNeE,Atletico Madrid vs Roma 2-0 Hasil Liga Champions Tadi Malam - 23 November 2017,463284,French
BBT9T3aLmpY,émission polititia Des migrants africains vendus pour 1200 dinars comme esclaves Quand Claudy Siar,14791,French
c4RMiRaFa6E,Rémy rentre dans le cercle avec un freestyle de fou 😱⭕️(réupload 73k ),3396,French
qP83pWjYYPc,أسرار خاصة عن صاحب  قفة الصويرة على لسان جيرانه بالدارالبيضاء,324772,French
9-2OvGHd8A4,Tim Dup - L'envol (Illustration),4503,French
lLY2FPghiB0,UNBOXING POT D’ÉCHAPPEMENT A MOIN DE 40€ 👏,36456,French
XyIUJVS701E,DANS LA PEAU D'UN SDF EN HIVER,46042,French
ZIo6bT1nNzM,DIY Noël Facile : Deco HARRY POTTER ⚡(français) DIY Challenge,14276,French
ql9HqanDFV0,LES DILEMMES LES PLUS DIFFICILES AU MONDE ! part. 10,61075,French
YoHkR3uwzEE,المهدي بنعطية يبدع أمام برشلونة وأداء رائع بتعليق رؤوف خليف (22/11/2017) رجل المباراة,110440,French
6OoRG4n1aoA,"Beauté dangereuse, une cosaque fait une démonstration de sa maîtrise du sabre",6748,French
XrlM6h5m9C0,Dadju - Intuition,3176,French
entSIX_judU,10 Remèdes Maison Pour Perdre du Ventre Sans Exercice,4907,French
7zUO0SLkRiQ,Joeliah; Qu'avez vous fait de rayonnant cette année,1490,French
IWxmSQGDNBI,Gouttes à bander - Blague de Marlon,7168,French
VeHtqSl_gyQ,L'EXPLICATION DU MANOIR HANTÉ,621322,French
Jw1Y-zhQURU,John Lewis Christmas Ad 2017 - #MozTheMonster,7224515,English
3s1rvMFUweQ,Taylor Swift: …Ready for It? (Live) - SNL,1053632,English
PUTEiSjKwJU,Goals from Salford City vs Class of 92 and Friends at The Peninsula Stadium!,27833,English
rHwDegptbI4,Dashcam captures truck's near miss with child in Norway,9815,English
AumaWl0TNBo,How My Relationship Started!,1182775,English
-N5eucPMTTc,CHRISTMAS HAS GONE TO MY HEAD,1164201,English
LMCuKltaY3M,Elbow - Golden Slumbers (John Lewis Advert 2017),154494,English
ONQ-fAp5X64,CAN BABIES DO GYMNASTICS?  **World Record**,306724,English
Dlwf5u2BLAg,"TV Reporter Interviews Alleged Bank Robber, Then Helps Police Catch Him",254314,English
MyEqfBkzESU,EXTREME GOLDEN TAN TRANSFORMATION,300617,English
b4vTZx_AtHk,How To Dry a Shirt in 30 Seconds,2063667,English
BsfhHKx6ajA,Attracting An Alpaca With An Accordion | Nowhere Else,728547,English
DIU3xPdhCBI,Sam Smith surprises brides at their wedding! (At The BBC),893462,English
pz95u3UVpaM,Camila Cabello - Havana (Vertical Video) ft. Young Thug,5476738,English
jp9hK-jY6yY,When Someone Has A Crush on You | Lilly Singh,3371669,English
gEHCXl4J9Qo,Taylor Swift - “New Year’s Day” Fan Performance,2237404,English
OWvCCu2t6Ts,SO Much To Tell You | 32 Weeks Pregnant | MOTHERHOOD,238843,English
fiusxyygqGk,Marshmello - You & Me (Official Music Video),3407008,English
QOksZ8VogRw,Bastille - World Gone Mad (from Bright: The Album) [Official Music Video],626688,English
lo5ERI5nPbM,Sharon Needles - Andy Warhol Is Dead [Official],74934,English
Ja_GMU7-sjs,Google Pixelbook: $1000 of Weird!,1575525,English
_6ViZ13mN9I,GSP and Tyron Woodley Talk About Their Potential Super Fight | The Hollywood Beatdown,86296,English
F62QpaPWXDI,THE CHEAPEST & BEST EYESHADOWS?,110769,English
g5c1bk8weaQ,FIRST TIME IM DOING THIS! TALKS WITH LIZA.,3578502,English
3qYt_fXdaXY,Sweetie destroys Flav (Sweetie vs. Flavor Flav),28960,English
Y5MqpKlKiSM,Decluttering My Life ✨,106122,English
xg9ebVTL9yE,Empire Of The Sun - Way To Go,138988,English
J_QGZspO4gg,Sia - Snowman,1624771,English
cUtYh_ZUjqc,You Know You’re British When… | The December Issue | British Vogue,71231,English
E7ykb1geOoU,A Veteran speaks on Remembrance Day,3308,English
pHE8nIB6j2U,Chayanne - Choka Choka (Official Video) ft. Ozuna,5331049,English
dwkNG9qeYIY,UK Bike Skills Autumn Ladder Riding,2464,English
z7VBtM7clT4,Justice League Movie Cast Reveal Funniest Moments Together | MTV Movies,82639,English
7fm7mll2qvg,Sigrid - Strangers (Lyric Video),91776,English
QFfEtKvXMAs,Niall Horan - Too Much To Ask (Acoustic),419341,English
6RyOsIseJbk,Reading #3,422874,English
qEEtzzi1EII,Birthdays - Simon's Cat | GUIDE TO,426078,English
rL4WkebTT_U,Where is TOKYO'S GREATEST View?,151709,English
8l_e6bx8UG8,Remy Ma - Wake Me Up (Audio) ft. Lil' Kim,1231518,English
N8U2EPiEbZo,A PRE WEDDING PAMPER | Lydia Elise Millen,181351,English
iNsTzqwwioY,How Accurate Are Personality Tests and Horoscopes?,269950,English
9GqL1DSQDL0,GET READY WITH ME + LILY! (we're so immature bye),332967,English
OGKchfcd-5w,Big Krit Freestyle With The L.A. Leakers - Freestyle #030,76940,English
44NYFvhXmW8,Thirty Seconds To Mars - Walk On Water (Official Music Video),1905487,English
RYs08kX3Ih4,SECRETS REVEALED! HOW I LAY MY LACE WIGS! | AALIYAHJAY,219030,English
nnrkPRApQg8,KUWTK | Khloe Tries to Help Kourtney & Scott Hash Out Their Drama | E!,613492,English
eHIY3HNNqzM,The Script - Arms Open (Acoustic) [Audio],135337,English
gSW2l1z1lKw,THIS WASN'T SUPPOSED TO HAPPEN!! DIY FIREWORKS SHOW,113988,English
9wg3v-01yKQ,Harry Styles - Kiwi,9632678,English
nrXlY6gzTTM,The Post | Official Trailer [HD] | 20th Century FOX,2794165,English
EYkEshCOhEU,The Ultimate Red Lip Look | Nicole Guerriero,294387,English
P4ohTV_28Oc,Taylor Swift Saturday Night Live Behind The Scenes,53985,English
q-WipZ9p0wk,Three meals that cost me $1.50 each,77630,English
510KQ_LXGww,My Every Day Autumn Makeup | Zoella,1390440,English
A8ScwhLh7uo,Honest Trailers - Stranger Things,3037613,English
ZwIuff3270M,Corey Haim's Mom Talks to Dr. Oz,42479,English
1cgK-BIrXes,#VeteransDay: Thank You for Everything,812516,English
3DflRo_Vids,"CÉLINE DION FT. STEVE AOKI - MY HEART WILL GO ON (OMNIA Nightclub) | Nov. 7, 2017",370638,English
P4YJwy_T9pM,I Picked My Girlfriend's Outfit Blindfolded,691229,English
vd4zwINEcLY,Live in the now!,95085,English
4FDpjKdlIxA,Waking Up with Sam Harris #103 - American Fantasies (with Kurt Andersen),47610,English
CR9zYgr84QY,Chocolate Orange Autumn Cupcakes | Cupcake Jemma,122669,English
ssbOzbL1SJQ,JUSTICE LEAGUE Movie Clip Aquaman Island + Trailer NEW (2017) Batman Superman Superhero Movie HD,214617,English
1KVBFtSuCm0,WiPrint: 3D Printing Your Wireless Coverage,541947,English
YInRqgNMLBc,Craziest sitter miss ever Gintra Šiauliai - Barcelona with commentary | Champions League,156822,English
949vJMp0v40,Thunder Christmas Day Official Music Video - Single out December 1st,29575,English
sECcOTO8Ij4,Sonic Forces: The New Chick - PART 1 - Game Grumps,1062094,English
sF1l7v3XY6I,MY WARDROBE TOUR | Samantha Maria,104865,English
wjy9Jgnjv6U,Neil and Blake Push A Fat Bike To Its Limits,146530,English
FUzs2oMEs8w,Virtual Self - Ghost Voices [Audio],158767,English
vHCvmZlC5jQ,Every Kevin Spacey Joke from Difficult People,735972,English
Fkwkn7vXpWI,How Are Waves Formed? - Earth Lab,26189,English
d8RW-WSpAhQ,Weed Killer Challenge: Vinegar 'Weed B Gone' vs HDX,408549,English
G1Ky9-OoWyo,EA's Responds to Star Wars Loot Box Rant! - [Angry Interview],747313,English
54Eae2ewc1c,Lorde - Bruce Springsteen 'I’m On Fire' cover/400 Lux mashup - 8Nov2017 Christchurch,62866,English
PoNWU2cox9w,Inside Keanu Reeves' Custom Motorcycle Shop | WIRED,704363,English
mwpHSMv1pI4,Girlfriend Gives Me A Surprise Makeover!? | Hannah Hart,359120,English
cpvoCLX8agc,Brazil 0-2 England (1984),33746,English
KdFRkillEfM,*INSANE* I SPENT THE NIGHT IN A SKI CENTRE!,102184,English
E7q_wbbwGyU,Liam Payne - Bedroom Floor (Official Video),6440859,English
vLVSf_yI_r8,gugudan(구구단) - 'Chococo' Official M/V,1053494,English
kGOmPmILndU,The reputation Secret Sessions,1461166,English
F6rBIWN8SsM,'I Asked God to Send Me a White Girl with a Big Booty',189374,English
vht9VHo8r5c,Ellen in Adam Levine’s Ear,1101771,English
IOd0HGH6xKI,Alison Wonderland - Happy Place (Lyrics),212614,English
sLJdBmAeB_U,COME SHOPPING WITH ME AND TRY ON NEW CLOTHING FOR AUTUMN | VLOG 49,87772,English
_wM_jY_rass,Bone on Labour HQ,159065,English
mCx26FLXWuI,"Seth Rollins & Dean Ambrose vs. Cesaro & Sheamus - Raw Tag Team Title Match: Raw, Nov. 6, 2017",1689382,English
R59TevgzN3k,Samsung Galaxy: Growing Up,16846215,English
iDXlWTRyxgE,"Gun Violence Makes Us Feel Powerless, But We're Not",1189325,English
z4bLKt9k5dk,Things Not To Say To Someone With Vitiligo,622041,English
GdR-iTH_f-I,"Miko Grimes Speaks Up For NFL Husband, Talks 'Baller Wives' Drama + More",286408,English
axVvZrDz60k,[EXID(이엑스아이디)] 덜덜덜(DDD) 뮤직 비디오 (Official Music Video),6383663,English
Wjq7x2d_s1w,Kelela - Blue Light,245269,English
aaOB-ErYq6Y,Waymo's fully self-driving cars are here,665232,English
FmYMq9EHhdE,HER FIRST STEPS! INDIE THE EWOK & THE BEST FACIAL | VLOG,192138,English
NHglTopVlKQ,블락비 (Block B) - Shall We Dance MV,2726528,English
TQ2uDO5CbYg,Red Velvet 레드벨벳 'Peek-A-Boo' Teaser Part.1,1962197,English
4j-ED6tL85o,Chromeo - Juice (Official Video),169462,English
r1afdZk0qcI,[MV] 몬스타엑스(MONSTA X) - DRAMARAMA,3952653,English
n1rblnOWhmM,20 Questions,131756,English
3iXwXYflCSI,If only every weekend could be like this | EmilyHart,10676,English
6jV798JxoTY,"CURRENT FEELINGS & FAVOURITES - Doubts, Marriage, Future & Favourites",63432,English
qYmPNNvfawM,Worlds First Live Nuke in COD WW2 - V2 Rocket - Hidden Streak,226202,English
ozkqm2ifMw8,2CELLOS - Cinema Paradiso [OFFICIAL VIDEO],205869,English
l9nGCJlDclQ,After Show: Did Kate Hudson Date Brad Pitt? | WWHL,53253,English
28_tNFnMrTk,Last Week I Got Burgled,80499,English
SMBXARpIqME,Lord Ashcroft hides in toilets to avoid questions on tax,229753,English
rwYd2kIZxk4,HERO Johnnie Langendorff Fires Back at Sutherland Springs Shooter!,1160827,English
0Yp9WS6cJFA,This Week I Learned Downhill Mountain Biking,356364,English
bRlXatOvsZU,Yxng Bane - Rihanna (Live) - dscvr ARTISTS TO WATCH 2018,85851,English
X9VlCV1ZflQ,[MV] SONAMOO(소나무) _ I (knew it),593668,English
I1uCGgc-Jag,Justice League Press Conference,12512,English
8HON4AswPVk,Arvo Pärt - Tabula Rasa,728177,English
4GFAZBKZVJY,Post Malone - rockstar ft. 21 Savage (Official Audio),24412837,English
au3S8F08v54,New album Open Here out 2nd February,2152,English
hIwRdDcQBEU,My Coat Collection | Amelia Liana,51301,English
Jj0uBQ7j5c4,Ex engineer leaks how marketing works in the bike industry,133557,English
tSjvx_c4meE,I'M BACK! 31 DAYS OFFLINE | Lily Pebbles,165847,English
KgBWLAKxi-c,Half in the Bag Episode 134: Thor: Ragnarok,411609,English
CCPX4EYrskw,It's a Family Affair! | MUMDAYS,52250,English
UWl2fVxb-Mc,UFC 217: Rose Namajunas Octagon Interview,1205578,English
iNf6VErGDLI,Ozuna - Música Sin Fronteras (A YouTube Documentary),1498866,English
JD40Q9esDws,"JUSTICE LEAGUE interviews - Gal Gadot, Ben Affleck, Henry Cavill, Ezra Miller, Momoa, Fisher",180032,English
KSbHlycTciM,Jo Brand has to explain to #HIGNFY panel they should take sexual harassment seriously.,175198,English
IVRVXYCrr14,THE SWEATIEST I'VE EVER BEEN!,95090,English
ROzC9ZySGos,MAKEUP vs iPHONE X FACE ID,2948664,English
TUv06BScsp0,Triple H in ICW!,172393,English
dgW5kpeSB1A,Jhené Aiko: While We're Young,28202,English
b-ufhlIlfmA,Manchester United LIED To Get Alex Ferguson | Martin Edwards Reveals All! | The Warm Down,16473,English
L99Bi097wak,My High-Street Style Favourites | The Anna Edit,79683,English
14G7U6pTcFk,[ProjectTL] Trailer movie,99578,English
1eS_17CG9sk,ADULTING QUIZ (with Daniel J Layton),64691,English
kROW5iooUKE,Keeping it in the Family,89033,English
NWdc7PyZNLA,Guest Host Jennifer Lawrence Interviews Kim Kardashian West,12924004,English
jSJr3dXZfcg,World of Warcraft: Battle for Azeroth Cinematic Trailer,7309863,English
nR3OdeqiEF8,Evolution of the Ford Mustang | Donut Media,109148,English
CFMRJSPDr2k,Weird How Everyone President Donald Trump Knows Does Crimes - Some News,361145,English
wGxT2tg4It0,This is iPhone X,1703026,English
kNOTqGpcDw0,KANYE WEST COMEBACK AT KID CUDI TOUR 2017,154841,English
s2zlBSsumeI,An All-New Take on a Classic Song for Pokémon the Movie: I Choose You!,727869,English
NLCfRHdi6Ig,#21 How to go FAST!!! Coaching famous youtuber MIKE BOYD,15466,English
V54CEElTF_U,Taylor Swift - Call It What You Want (Lyric Video),19971162,English
jDvKFN6aYsE,Kim Possible Theme Song Dance,464445,English
o3CaFMmKA7A,Reacting to Sanders Sides COSPLAY! | Thomas Sanders,385348,English
M_wZMgZNpaM,Stranger Things' Noah Schnapp Play's RAW's Word Play,391872,English
MjdpR-TY6QU,How to Cure Aging – During Your Lifetime?,2088254,English
T8jBIVi6rrM,Terrible Soccer Players | Lele Pons,3676763,English
xxWXD073Ql0,The Questions I've Never Answered | Tanya Burr,313094,English
qc_z4a00cCQ,Lars Andersen Turning Arrows Episode 2,2371911,English
WqMOHepSpkU,TYSON FURY TO ANTHONY JOSHUA - YOU AINT SEEN **** LIKE THIS YOU WEIGHT-LIFTER!- w/ CHISORA & BUFFER,404124,English
TbfxmTQkLAE,"Migos, Nicki Minaj, Cardi B - MotorSport (Audio)",13982464,English
BsjQqm60ZEI,Dance Battle with the Stranger Things Kids,4210732,English
kqbJCW-jxYM,"Lil Kim Keeps It Real On Nicki Minaj, Biggie Relationship, Female MC's & New Music",407075,English
UNtOI5RzCek,Kyle Hits Cartman REAL HARD!!!,167160,English
90IJanuV_0M,A Michelin-Starred Meal for $1.50,935966,English
S0A4hBJHND4,Svjetska ekskluziva: Provala u stan Dejana Lovrena,83794,English
uT3wso5Zp7k,Sexy Darth Vader | Lex Croucher,20387,English
WhLvS5GTK3E,BlizzCon 2017 Opening Ceremony,690536,English
PFDElc5sfSM,Steak | Basics with Babish,1230775,English
7JMV6iBlXFo,ZHU - Exhale/Stardust (Music Video),372126,English
Xc4xYacTu-E,Which Way Is Down?,4211590,English
L_u97PqWX6g,N.E.R.D & Rihanna - Lemon,11883966,English
W4CB5SeBGkI,Star Wars: The Last Jedi Awake (:45),5962293,English
rnhlTS8RgUM,Miguel - Told You So (Official Video),909346,English
fMbuWa-OdN8,WWE Superstar Triple H Addresses Conor McGregor and Ronda Rousey Rumours | Good Morning Britain,977942,English
U0yo2XqufgU,Vance Joy - Like Gold [Official Audio],516747,English
kRDb2X3gFmo,5 Days Of Activated Charcoal | Try Living With Lucie | Refinery29,136475,English
O8nZrqbHwaA,Lunchtime baby belly laughs,475592,English
lYN26wt1lJQ,"Maroon 5, A-Trak - What Lovers Do (A-Trak Remix/Audio) ft. SZA",1000660,English
l9Rwc7-p5uA,Oats Studios - Praetoria,333552,English
Hw2e2XS9Wmc,Chris Stapleton - Scarecrow In The Garden (Audio),696954,English
nVzA1uWTydQ,"Selena Gomez, Marshmello - Wolves (Vertical Video)",7827820,English
676hNIhKO2M,Madison Beer - Say It To My Face (Official Audio),1053402,English
-crLmRLgeNE,Don Diablo ft. A R I Z O N A - Take Her Place (Official Lyric Video),844577,English
zN_DJ3c2N28,Hank Reviews Everything,258812,English
Plh2sfrbdlc,HALLOWEEN AFTERMATH AND Q&A 👻🎃,201734,English
25ibuwW4Dm4,Star Wars: Vader Wasn't Always Luke's Father?,209225,English
twjTkBN3Q9A,Gabrielle Union Impersonates DMX While Eating Spicy Wings | Hot Ones,1172090,English
tpyQLIpv4Yk,POP SONGS TURNED OPERA,429220,English
cJ1zhq3yNBM,Stranger Things’ Dacre Montgomery’s Insane 'Billy' Audition Tape | GQ,1910592,English
VsRot0p7ObY,The Washing Machine that would not Die,1530286,English
j5AILysDDTI,Brad Bufanda Demo Reel,154054,English
ZDMgHk2DjoQ,CAKE BOSS COUPLES FACE OFF | Shawn Johnson,131500,English
bCznvAkpwWs,Warner Bros - Justice League B-Roll Footage,44921,English
om0h_r2TAmw,The SECRET Prestige AREA...! (COD WW2 Headquarters Tour),354488,English
Q-KsToawMJE,Luke Bryan - Most People Are Good (Audio),289543,English
lyqww9P7qyw,dodie - Vevo Real Guides: dodie in Belfast - Sponsored by Tourism Ireland,174643,English
MnK9_fWPT3Y,Tee Grizzley Win (WSHH Exclusive - Official Music Video),2030890,English
Tl_Qfj8780M,Milck - Quiet [Official Video],213094,English
7DLKv39MLbg,YOU DOUBT ME // Grace Helbig,163048,English
OXZQ5DfSAAc,"I, Tonya Trailer #1 (2017) | Movieclips Trailers",750287,English
Bu2Djx2ejlA,The Making of a Song – “Gorgeous”,1961295,English
-XjayddbksQ,Wendy Williams Faints On Live TV,3534066,English
xq9FgX_mXiE,Drop the Mic: Rob Gronkowski vs Gina Rodriguez - FULL BATTLE | TBS,671425,English
mJt1O3q0zKc,Who's the toughest player at Chelsea? | Eden Hazard | Teammates 2.0,104291,English
8gFGhT5GpAs,"WWE fan interrupts Paul Heyman and Brock Lesnar to propose to his girlfriend: Raw, Nov. 13, 2017",1086201,English
ls31TkGSQGA,Full Extended Interview: Joe Biden Talks To Stephen Colbert,544899,English
acIRvVxB4go,DRESSED UP IN ALL DOLCE AND GABBANA | VLOG 51,27065,English
XymR5UCxSfA,ZOE THINKS IT'S CHRISTMAS ALREADY...,629648,English
5E4ZBSInqUU,Marshmello - Blocks (Official Music Video),2285136,English
aRz_XfwcVtU,Demi Lovato - Skyscraper in the Live Lounge,257854,English
RDP8Oh-br4Y,BRUNCH WITH GIGI & GETTING A BETTER BUM,58290,English
EvWPqF_AQHI,DESIGNER AUTUMN HAUL! | Amelia Liana,76238,English
aRXgvkpMZrI,September 2017 - Pretentious Monthly Scrapbook 2017,20925,English
j7WlcSwe8Ws,Weekend Update on Donald Trump's Asia Trip - SNL,1778271,English
ph2RlcltYdM,WHAT I BOUGHT LAST MONTH: AUTUMN HAUL | Lily Pebbles,92705,English
uXNIeQjav80,John Lewis Christmas Advert 2017 | Reaction with Tom,39084,English
sAWeoDHzBgE,TALKING PICTURES with SAMMY PAUL,27533,English
gKo7V7nxvqE,Harry Styles returns to The X Factor stage! | Live Shows | The X Factor 2017,1069149,English
2Zvmi5BzDbs,Tour Documentary - Episode 3,96856,English
W187SzNVGvc,IMAN FREESTYLES ON FLEX | #FREESTYLE085,134856,English
hbmdI8A7SSo,"What the heck, October? | Lex Croucher",15695,English
VEoOuF_cN0Q,Cal Jam 17 - Good Times!,21287,English
d6YkGejS6IM,(ORIGINAL) I choose you Emotionally part  PIKACHU TALK human language Theater Reaction from NYC,442304,English
NcVxrr_q3Hw,George Durack | Remembrance Sunday | You Can't Forget,1505,English
bxeHBBf21UY,Game Of Stairs (Enduro Edition) |SickSeries#31,321886,English
hX643KbiI4s,Selena Gomez Singing Wolves and It Ain't Me FULL Instagram Live | Acoustic,94446,English
jgshHi6XjJ0,"Ric Flair surprises Charlotte to celebrate her championship win: SmackDown LIVE, Nov. 14, 2017",726260,English
eQVhAN7-IAw,The Making of a Song: “Delicate” – watch more on Taylor Swift NOW,507753,English
xVp2opnGrEA,Gal Gadot Talks About New Movie 'Justice League' And Sexual Harassment In Hollywood | TODAY,61919,English
Nsw5HuVGdBI,Clean Bandit - New Rules (Dua Lipa Cover) in the Radio 1 Live Lounge,138228,English
rXbrryghxAA,Saving Dogs From The Asian Dog Meat Trade! (Emotional),20145,English
8WZuk8KXC5M,Rainbow Six Siege: Operation White Noise - Free Weekend November 16-19 | Trailer | Ubisoft [US],35390,English
FCdvOAcbK4s,Danny MacAskill vs The Munros,10003,English
ktQH78FNCfs,"Mindy Kaling, Apu & Indian Americans by Hari Kondabolu",68700,English
moLKl5PzZLc,Benton Fenton is missing - Hitler finds out! Jesus Christ!,235294,English
3GtSorFUQhc,"FULL. ASEAN Summit 2017. Opening ceremony.  November 13, 2017. Philippines, Manila.",58368,English
ZcTZJiBTCXA,러블리즈 (Lovelyz) - 종소리 (Twinkle) MV,179186,English
HNa_UWX51_s,Last Friday Night - Katy Perry ('40s Jazz Vibes Style Cover) ft. Olivia Kuper Harris,268399,English
MXzEbAv0QN0,ELDERS REACT TO MARSHMELLO,1284910,English
icqp_XDH_BI,£99 Baby Charity Haul! | MOTHERHOOD,65647,English
Mv-CJ44KbW4,SURPRISING MY FRIENDS WITH A HOLIDAY!!,309107,English
yxfZBun1uBU,DEADPOOL 2 Teaser Trailer (2018),1673865,English
SCnVbXlC1Ds,Stephen Takes Issue With The 'Sexiest Man Alive' Issue,490925,English
IY-M93e2lok,LAST MINUTE SHOPPING FOR OUR TRIP TO VEGAS | VLOG 52,29455,English
DhwwTxTh5To,Is the Surface Book 2 a MacBook Pro Killer?,270859,English
PHWAZNkqwN4,björk: blissing me,81947,English
5UL5wZJPLEg,"Maryse goes overboard prepping for Carmella and Big Cass' arrival: Total Divas, Nov. 15, 2017",326709,English
_8VHAHoCUVY,Overwatch News - HULK AWARD! GIANT Posters! Moira Launch INCOMING!,66344,English
mZpGOQ7tBKE,Google Pixel Buds review,218153,English
ReNY18XdFTI,ENDURO SKATEPARK MTB!!,100515,English
9pbCuFxRuqs,The truth about the Apple iPhone X - Review!,516456,English
RrhSJzM8NLE,alt-J - Pleader (Official Video),284037,English
ScHb-rczYbM,"Neymar Jr, Willian, Coutinho in Town as England Take on Brazil | Tunnel Cam | Inside Access",223884,English
i9EyFghIt5o,How Climate Scientists Predict the Future,116732,English
L9eFkmjIIWA,The Romantic Lure of Moonlight,76475,English
mjBIsBPG1N8,Every Snack I'm Packing for the Victoria's Secret Fashion Show | Karlie Kloss,76491,English
0gwkMY-mzUQ,Demi Lovato & Luis Fonsi - Echame La Culpa (Teaser),531746,English
Mn-3c6of8t8,How to be an Aquarius,88644,English
IKuKZIISPE0,Behind The Curtain - OFFICIAL TRAILER,69199,English
uN9zBcweN4M,NBA Countdown debates if Ben Simmons is the best all-around rookie ever | NBA Countdown | ESPN,113926,English
NNSO_4yKM0M,Tyron Woodley Accepts Nate Diaz Fight (Exclusive) | The Hollywood Beatdown,28062,English
Qj7DVNDb7To,Weird Things YOU DID As A Child (DON'T DENY),77486,English
hXcoq5XDwyA,Playing CUPHEAD with MatPat!,55460,English
xzpQSINtLkw,"COLDPLAY - De música ligera (de SODA STEREO) // Estadio Unico, La Plata, Argentina (14.11.2017)",647464,English
qqs3fxfmWr4,How Pencils Are Made,149052,English
jGiqc3HSxEg,A Study of So Bad It's Good Movies,244538,English
ENr6CXm1YxU,Rachel Platten - Whole Heart (Audio),54697,English
4SANXNco_y4,Dashboard Confessional: We Fight (Official Audio),82048,English
7-7mW9daU5E,SKYRIM | Switch vs PS4 vs PC vs ONE vs PS3 vs 360 | All Versions Comparison,117545,English
MKLlDnUqho4,Dead Beat Sirah ft. Skrillex (official video),34262,English
_9wK8hVvjAU,Lampard Reveals Why England Never Won Anything | FIFA and Chill ft. Poet & Vuj,142666,English
7d9cu_dmQ0c,Far Cry 5: Recreating Montana | Ubiblog | Ubisoft [US],68349,English
CyzEtbG-sxY,[M/V] SEVENTEEN(세븐틴) - 박수(CLAP),7137223,English
nshmwFK3yd8,[Mnet Present Special] SEVENTEEN - CHANGE UP,138991,English
oSS6kGWNEeA,Ben Affleck: 'I'm Not A Superhero',571709,English
1Xr-3eDioL8,"At home with... Gini Wijnaldum | Primark socks, Big Shaq and scousers with 'Vuj'",175831,English
eIG1Ix-3gdc,#KIISCampus Surprise with BTS | On Air with Ryan Seacrest,120042,English
1_Nr0hrjR24,Elon Musk Unveils the Tesla Semi Truck - 2017-11-16 - Part 3 of 3,188715,English
aXWfL-1ieuE,Roadster Test Ride,615435,English
aJqEx_t_9S8,Justice League SPOILERS Movie Review,123162,English
HJBqbRMUOaI,Kesha - Silence (Marshmello & Khalid cover) in the Live Lounge,68308,English
nlodY8nMw-A,BTS Surprises Super Fans & Their Moms on Kimmel,932432,English
svZScJMh4Pg,Dua Lipa - Golden Slumbers,441164,English
JDDP9fY6dmI,A Group Of Democrats Just Officially Moved To Impeach Donald Trump As President | TIME,67653,English
Mmkf4zYlW4E,Runners Music Video | Wong Fu Presents,92342,English
0ANDjPQPS_Q,♡ SILVER PLAYBUTTON UNBOXING (and making it cute) ♡,25796,English
N0tmF4j4K6g,What Does It Take To Be A Blue Planet II Cameraman? #OurBluePlanet - BBC Earth,43009,English
rIh1NW7afo4,"The MMA Hour: Episode 409 (w/ Swagger, Bisping, Rampage, Swanson, Bang)",141238,English
zpgn8U5Ug8M,Sky: 6 Minutes of Journey Creator's New Game - IGN First,86108,English
Y9PYlF43i3g,A DIFFERENT WAY - DJ Snake feat. Lauv Dance | Matt Steffanina X Erica Klein,396262,English
A_Z3AokMwWI,MINECON Earth 2017 Livestream,787508,English
hsLcTO2a0Ec,Justice League reviewed by Mark Kermode,87967,English
hSXf6ozQEwo,Leslie Jones Had a Dream Just Like This - SNL,281064,English
ec9r9THD5eU,Christmas Queens - Let It Snow [Official Video],17820,English
Y4lhAHTzbRE,"Tyron Woodley Calls Out Nate Diaz Don't Be Scared, Homie | The Hollywood Beatdown",43086,English
4zD4HPlc-BE,Ricky Rebel - Time,21500,English
U4COOi4942A,President Trump Delivers Remarks,43778,English
9CO6M2HsoIA,Slaughterbots,902096,English
tjVJgR4OrgM,"President Trump ASEAN Summit SPEECH With Duterte in Manila, Philippines 11/13/2017",147834,English
1cUUfMeOijg,The Lava Lamps That Help Keep The Internet Secure,811112,English
_H1vcldAsP0,"Eminem: Walk on Water, Stan, Love the Way You Lie (ft. Skylar Grey) (Live) - SNL",1175021,English
YJcergNiMDQ,Rainbow Six Siege: White Noise Operators Gameplay and Starter Tips | UbiBlog | Ubisoft [US],1278950,English
97IfPfjSaDg,A Cuphead Cartoon,1260669,English
GWM8x6Y6cXU,CD Projekt considering “games as a service” for CyberPunk 2077,115421,English
pYClHihdjsE,How to make a planner + FIRST SKETCHES ~ Frannerd,24915,English
O3eO646jjzQ,Professional Scrabble Players Replay Their Greatest Moves | The New Yorker,33314,English
oddXT5uaRb8,[MV] Samuel(사무엘) _ Candy(캔디),1447333,English
S-iiG3-4FJ8,WE'RE MOVING! | Lily Pebbles,122983,English
0oXu0XfXYYE,Youtube Show & Tell | Tag | Zoella,903796,English
Djxjmq9pvrM,What To Buy HIM: Christmas 2017 | FleurDeForce,118227,English
FVwR2zK_Ahs,DAILY ROUTINE | Mum & Baby,136008,English
QlnMYbtEy2A,EMPTY APARTMENT TOUR!!,168490,English
rx2qG_YMrDs,The America's Cup AC75 boat concept revealed.,52326,English
Ssvv40iz-Ls,TOP 5 LUXURY HANDBAGS FOR AUTUMN WINTER,40829,English
hq9SEUlkZ5s,My Very POSITIVE Birth Plan | MOTHERHOOD,136549,English
qN1_nEdly7I,BTS Say They Don't Need Girlfriends When They Have Fan Army (Exclusive),63023,English
X9Gc_g638C8,BTS Talks Emojis and More at the 2017 AMAs | E! Live from the Red Carpet,82874,English
vzyENzPa370,WOULD YOU RATHER (with Jack Howard),51587,English
ky8MhqSovW4,BTS Reacts To Having Niall Horan As A Fan & Their 2017 AMAs Performance | Access Hollywood,69816,English
BWX1ygwYzWc,Roundtable Live! - 11/17/2017 (Ep. 108 feat. Edmund McMillen),45084,English
3jtjkXSvuJw,Try Not to Laugh at This Silly Kitten,71637,English
wsXxfgJZ4E4,"ASOS UNBOXING HAUL, LESSONS & SUSHI",374603,English
2S2qtGisT34,Migrants being sold as slaves in Libya,223109,English
cm1_NPyNRvw,"Addams In Singapore | Watch Me, Wednesday!",69711,English
-SIp6xSP7ds,Gayle King and Norah O'Donnell respond to Charlie Rose allegations,212414,English
tz23WFb8HM0,[MV] KARD _ You In Me,1688385,English
DJXUWLs6FI0,Desus & Mero Announce A New Project,56732,English
WXlr35jV3cw,P!nk presentation on AMAs 2017,191326,English
pVypbknP4A8,Jon Stewart Hosts Night of Too Many Stars,522569,English
r15_6z9xryo,Inside The World's Only Private Boeing 787 Dreamliner!,1932429,English
Er5jqmjaoo0,Afraid of Heights - Official Music Video,117316,English
3BEpWWxPXSU,A-Trak Flips Rockstar by Post Malone ft. 21 Savage,139938,English
Da2crn5NXc4,Easy Festive DIY Ideas | Zoella,431883,English
8vambqBQVwk,WORTH THE HYPE?? GIGI HADID X MAYBELLINE,37270,English
-xt_j2aIAkg,Predator Is Back,1624478,English
1dQEfL2BfUM,How To Design A Comic Book Page,143128,English
taxAD2LePy8,Full Face of WOMEN OWNED Beauty Brands! | Jackie Aina,295351,English
FaxqVBYVOVU,Mega Medley that was supposed to be 5 minutes but wasn't,87397,English
vFK7oWLWapc,Justice League Bad,153898,English
fzs6O7b9Fe0,Daddy & Mummy in a sausage?,50803,English
0PW9MWDWLH8,WHISPER CHALLENGE w/ MY MOM // Grace Helbig,98851,English
puREqwXzyCI,I'M GOING TO BROADWAY! (Dear Evan Hansen),93664,English
fIElFIuzGLI,TESTING OUT THE *NEW* KYLIE JENNER HOLIDAY MAKEUP,89763,English
FTv-CE43PpM,Justice League Could Lose WB Big Money - SJU,68936,English
CWrjDoEBQsw,How To Make A THANKSGIVING ROAST HAM Out Of Pink Vanilla CAKE | Yolanda Gampp | How To Cake It,452087,English
X5DWRXTOUD0,THINGS PARENTS DO ON CHRISTMAS | MYLIFEASEVA,571588,English
_akwfRuL4os,Highlights of the EA predatory behavior announcement,160012,English
HszBf-CJeVE,Zendaya's Wavy-Curly Hair Tutorial,545535,English
leFNoUJmJ9o,Guessing Objects I Got In The Mail #4,19261,English
7cTi6PHUqMw,Are Critics What Killed Justice League? Sony Pay Too Much For Tarantino? - The John Campea Show,37844,English
DpSWgZVIfi8,SZA - Go Gina (Stripped) (Vevo LIFT),201012,English
UQHSK-kgONk,Portugal. The Man - Feel It Still [2017 American Music Awards Performance],97414,English
8HTdbCohTXY,Ratko Mladic found guilty of genocide over Bosnia war - BBC News,18438,English
Fjdbk8kBFNA,BTS interview at the American Music Awards 2017,38254,English
WKcYTvyoidw,Parenting Habits That Could Keep Children From Succeeding In Life,37705,English
8lPoqMD7Ko8,ET: BTS Reveals What Their 'Dream' American Music Awards Performance Experience Was Like,26807,English
1ihTE5cxUCQ,Charles Manson  - Cease To Exist,89021,English
lMSHTnkVJVs,Rae Sremmurd - Perplexing Pegasus,2794389,English
K6xwB8Kkce0,Harry Styles - Kiwi (live in studio),1073048,English
VYzDZ1qeKEc,My Explanation...,965586,English
zUZ1z7FwLc8,"पीरियड्स के समय, पेट पर पति करता ऐसा, देखकर दंग रह जायेंगे",590101,Telugu
10L1hZ9qa58,Stylish Star Allu Arjun @ ChaySam Wedding Reception | TFPC,473988,Telugu
N1vE8iiEg64,Eruma Saani | Tamil vs English,1242680,Telugu
kJzGH0PVQHQ,why Samantha became EMOTIONAL @ Samantha naga chaithanya marriage Reception | Filmylooks,464015,Telugu
il_pSa5l98w,"MCA (Middle Class Abbayi) TEASER - Nani,Sai Pallavi, Dil Raju, Devi Sri Prasad, Sriram Venu",6106669,Telugu
KObFEYCaRx8,"Chiranjeevi in Naga Chaitanya - Samantha Reception | Chaitanya, Samantha Akkineni, Nag, Venkatesh",118223,Telugu
g8QsfJhFpjY,New bike vs Old bike - the reality,969030,Telugu
zOOmEDwPJX0,Jannat (Full Song) Aatish - Latest Punjabi Song 2017 - New Punjabi Songs 2017 - WHM,2348107,Telugu
Prb_osSVE0M,Renu Desai Gives Rating For Pawan kalyan As Husband | Open Heart With RK | ABN Telugu,156085,Telugu
KHxdrECEsD0,Peehu Srivastav Performs On Daiya Yeh Main kahan Aa Phasi | The Voice India Kids | Episode 1,472413,Telugu
so0ccfs-psI,Rowi Na | Nadha Virender | Official Music Video | Latest Punjabi Songs 2017 | VS Records,836006,Telugu
7gShaSuK_PY,ஜெயலலிதாவின் உயில் சிக்கியது  அப்பல்லோ சி.டி.யை தேடிய  அதிகாரிகள் - சோதனையின் பின்னணி,89531,Telugu
ep3SLMuRbvg,TYPES OF STUDENTS- | Elvish Yadav |,344545,Telugu
ePO5M5DE01I,Tiger Zinda Hai | Official Trailer | Salman Khan | Katrina Kaif,35885754,Telugu
CLl1RbxDRAs,Meri Setting Karwado Prank - Bakchodi ki Hadd - TST comment Trolling,209599,Telugu
ZIHhuwvT7R0,"Asli Fighter (Okka Ammayi Thappa) 2017 NEW Full Hindi Dubbed Movie | Sundeep Kishan, Nithya Menen",2294242,Telugu
Mqfh8_Uk1eM,Sudigaali Sudheer Performance | Extra Jabardasth | 10th November 2017 | ETV Telugu,1956925,Telugu
0SMKG3SRGzQ,Rana hungama at #ChaySam Wedding Reception || TV9,176472,Telugu
znOC3IU0dF8,Hero Tarun at #ChaySamWeddingReception | Samantha & Naga Chaitanya Reception Videos | News Mantra,55178,Telugu
z3V9LUA6VQM,ఆమె బ్యాంకు అకౌంట్ లో పొరపాటున 125 కోట్లు జమయాయ్యి..! దీంతో ఆమె ఏం చేసిందో తెలుసా..|| OmFut,236710,Telugu
bx-QX2ZPH60,Moto X4 Unboxing & Hands On Overview (Indian Unit),238637,Telugu
tFM-GNSeXzw,दिन भर की 5 बड़ी ख़बरें @HindiKhabar 12 NOVEMBER  2017,85432,Telugu
MF9ovM9y0PE,Punyalan Private Limited Official Teaser 2 | Jayasurya | Ranjith Sankar | Aju Varghese,249423,Telugu
EJVvdjDGnak,Nagarjuna Funny Comments on Samantha Dress || Naga Chaitany Samantha Akkineni Wedding Reception 2017,256199,Telugu
Ukjn7A9L7vY,SDI Annual Ijtema 2017 Final Day (For Brothers),137438,Telugu
gW4Su5wq0b8,Neeya Naana - 12th November 2017 - Promo 2,261202,Telugu
vMLs3kIuhzA,Divya Agarwal Announces Official BREAK UP With Priyank Sharma | Exclusive,655660,Telugu
P-pycrmifwU,Natural Star Nani REAL Behaviour Shocks You | Naga Chaitanya and Samantha Reception Video | NewsQube,423009,Telugu
jElRtesCnlA,Breaking News IT Raid - நடந்தது என்ன? சிக்கியது என்ன?,33533,Telugu
q3eBCWAwVpo,"Brahmanandam @#ChaySam Wedding Reception || Naga Chaitanya, Samantha Akkineni Reception",75834,Telugu
qP67alYxSiU,కెమెరాలో రికార్డ్ అయిన ఈ అద్భుతాన్ని చూస్తే ఆశ్చర్యపోతారు.. HOTNEWS TELUGU,128851,Telugu
1OTwWFJY_0I,[PWW] Plenty Wrong With BAHUBALI 2 (450 Mistakes In Baahubali 2) Full Movie | Bollywood Sins #29,156063,Telugu
01TgqDvqcyk,Rajj Ke Rona Main - Romy Tahlie | Latest Punjabi Songs 2017 | Tahliwood Records,1287771,Telugu
pbFr2Vb5hK0,Chunkzz Official Video Song | Ithu Nava Sumasara | Gopi Sundar | Omar Lulu | Honey Rose,56430,Telugu
JSkOecmAFFo,Girls On A Date ft. Komal Pandey | The Timeliners,793778,Telugu
Yvp9jUJtMuY,Naa Show Naa Ishtam |Sathvik &Komali Sisters| 11th November 2017 | Full Episode 105 | ETV Plus,309490,Telugu
7yTWI873yfg,Review On Bigg Boss 11: OMG! Hina Khan Vs Salman Khan part 2,334780,Telugu
q0-SCcsuSSs,Akkineni Nagarjuna Response On Annapurna Studios Fire Mishap |Manam Movie House Setting Fired| iNews,23932,Telugu
l3fRny54z4U,സൗബിനെ വെറും  30 സെക്കൻഡ് സമയം കൊണ്ട് വളച്ചെടുത്ത പേർളി !!,54861,Telugu
WXN8BzAsi3A,TVF Inmates | E05 - Smells Like Nostalgia,1174353,Telugu
E_e3nSdBiqE,Does GOD EXIST OR NOT? PART 2 | Unknown Facts About GOD Revealed in Telugu | Vikram Aditya | EP#92,127517,Telugu
yPOnlqGGGGU,"Genes Promo | 18th November 2017 | Indraneel, Meghana | Genes Latest Promo",255707,Telugu
MXH7yFFl3fE,"8 राशियों की लगेंगी लॉटरी,16 नवम्बर के बाद खुब बरसेगा पैसा व प्यार,सूर्य राशि महापरिवर्तन",97522,Telugu
UTVFNrRwL1o,"Indian Cricketers With HOT Girlfriends & Wives - Virat Anushka,Dhoni Sakshi,Zaheer Sagarika",692359,Telugu
hDUel4MX-Fw,13 November 2017-The Hindu Editorial News Paper Analysis- [UPSC/SSC/IBPS] Current affairs,47352,Telugu
K6JyjjNnTlg,இவ்வளவு சொத்து எப்படி வந்துச்சு ? NAKKHEERAN GOPAL Exclusive Interview about Sasikala & Family,114466,Telugu
TuOBfQRXwhQ,"13 नवम्बर से इन 9 राशि वालों का खुलेगा किस्मत का ताला, कहीं आप की राशि तो नहीं इन में से एक जानिए",109594,Telugu
y6YY8-k9Cwg,7 DAILY HABITS OF SELF MADE MILLIONAIRES (HINDI),103239,Telugu
1WTtrHW7uw8,"Bigg Boss 11 | Eviction Interview | ANGRY Mehjabi calls Hina, Priyank FAKE",150806,Telugu
4tEqzEo5uKY,ఈ రోజు కార్తీకమాస చివరి సోమవారం ఇది వింటే 1000 సార్లు కాశీ వెళ్లినంత పుణ్యం దక్కుతుంది.! Lord Shiva,77888,Telugu
3d7NjfTziNM,Son Of Abish feat. Vir Das & Irrfan Khan,779856,Telugu
8vBjlhp73hU,భార్య తో వెంకటేష్ ...Venkatesh Wife Neeraja At Samantha Naga Chaitanya Wedding Reception..Allu Arjun,154502,Telugu
WPuhu6dYyQY,"Baal Veer - बाल वीर - Episode 777 (Part 1) - 11th November, 2017",433053,Telugu
XjF2n3NaoSk,Konchem Touch Lo Unte Chepta Season 3 - Rajasekhar and his Family Promo - Pradeep Machiraju,1025941,Telugu
ozZ8HpIBsGw,Mersal - A minute of Aalaporaan Thamizhan | Vijay | A R Rahman | Atlee,1449239,Telugu
RWTutjJA1I4,Elephant hit man in Facebook live,93662,Telugu
xjFKfAudCOo,"Aruvi - Official Teaser | Arun Prabu | Bindhu Malini, Vedanth | Dream Warrior Pictures",696515,Telugu
Mwn4zdD51Kc,18 नवम्बर शनि अमावस्या ज़रा सा सरसों का तेल चमका देगा किस्मत इतना आयेगा पैसा की संभाल नही पाओगे उपाय,74888,Telugu
AHWTbKVpukU,Fun Bucket | 106th Episode | Funny Videos | Harsha Annavarapu | Comedy Web Series,162637,Telugu
gWZwfjfgwGs,"Indrajith Official Trailer | Gautham Karthik, Ashrita Shetty, Sonarika | KP | Kalaaprabhu",544102,Telugu
Ny_-eMpu95Q,பாகுபலி ஸ்டைலில் ஏற முயன்றவரை யானை தூக்கி வீசும் காட்சி,52312,Telugu
KskjXRkmJW4,നമ്മുടെ ദിവ്യ ഉണ്ണിയെ ഓർമ്മയുണ്ടോ? ഇപ്പോൾ കണ്ടാൽ ഞെട്ടും | Malayalam Actress Divya Unni,90826,Telugu
7BUEKSFwk7Q,"Mission IAS 2018 : 13 November, 2017 The Hindu Daily Editorial Discussion",23114,Telugu
EU-y4Y7khJU,Bithiri Sathi Turns Brand Ambassador For Chicken | Teenmaar News | V6 News,357019,Telugu
NTiSvK7c810,சசிகலா குடும்பத்துக்கு  ஆப்பு  வைத்த  ஜெயானந்த் கொளுத்தி போட்ட தீ,32811,Telugu
g7BHnHzwOVo,10 Years Old - Pyar Ho Jayega Prank on Girls by Kid | Prank In India | The HunGama Films,263844,Telugu
tA-cUlv-3Z8,(11/11/2017) Kelvikkenna Bathil | Exclusive Interview with Former Finance Minister P.Chidambaram,202926,Telugu
SVc0gV3pWC0,Haq Se Qarib Qarib Singlle - featuring Irrfan Khan.,1353040,Telugu
PVyuSPi0brM,सुबह-सुबह अजवाइन का पानी 4 दिन पीने के बाद आप खुद चौकन्ने हो जायेंगे// Ayurved Samadhan,24700,Telugu
sOwXjFMy17Y,నవంబర్ 13   (చివరి కార్తిక సోమవారం) ఇది ఒక్కటి తింటే  దీపం దానం చేసినంత పుణ్యం మరియు అదృష్టం,55523,Telugu
r0wnuv1X1Z0,"Samantha , Naga Chaitanya Wedding Reception held in Hyderabad",24276,Telugu
WZIsINLpDcA,வள்ளி | Valli | Sun TV | Tamil Serial | Episode 1425 Promo,58675,Telugu
KPSK2qOPvuU,Mooli Gajar ka mix Achaar । सर्दियों के लिये खास गाजर मूली का अचार । Gaazar Muli Pickle,73579,Telugu
XU6iH5LHwDw,హిజ్రాల నుంచి ఈ వస్తువు తీసుకుంటే మీ జీవితం మారిపోతుంది | Change Your Life | Mana Telugu,65054,Telugu
4f20l8mdBh0,Ramaleela Success Trailer | Dileep | Arun Gopy | Mulakkuppadam Films,132421,Telugu
Jwa0Qh1muyA,రిసెప్షన్ లో సమంత వేసుకున్న డ్రెస్ ఎన్ని లక్షల్లో తెలిస్తే షాక్ | Samantha Dress Cost,58019,Telugu
SDG5U00mS_U,Snippets From The IBPS PO/CLERK SEMINAR By ADDA247 Video Team,12790,Telugu
5zHIyadCwwE,"Tech Talks #346 - Moto X4, BharatNet II, iPhone X FaceID, Indigo Laptop Smoke, Rubber Electricity",153384,Telugu
Uf_rqW2yTgs,Rana Having Fun With Samantha Naga Chaitanya @Naga Chaitanya and Samantha Reception #9Roses Media,75843,Telugu
tzlF8oZd2BU,"engagement काका कुमाणसी का सगाई में भिजोल ,राजस्थानी हरयाणवी कॉमेडी",269593,Telugu
3QsBs8JM3sM,"Half Boil | Web Series - Episode 7 | Gopi,Sudhakar,Javith | Madras Central",868921,Telugu
hJ6nM40tuKQ,ലൈവിൽ വന്നു ഭാരിയക്ക്‌  പാട്ടു പാടി കൊടുത്തു ചാക്കോച്ചൻ.!!! ക്ലൈമാക്സ്‌ മിസ്സ്‌ ആക്കല്ലേ... !!!,209606,Telugu
3BF-iAMjciE,मृत अनिकेत कोथळेंच्या मुलीचा आर्त सवाल,37616,Telugu
_Qh5u5U9h80,Uppum Mulakum│Flowers│EP# 473,482839,Telugu
6I2yAoxBRtI,Virgin Woman Diaries | Season FINALE | Web Series | Kabir Sadanand | FrogsLehren | HD,181117,Telugu
u84lPMD6UaE,Samantha Hilarious Comedy with Vennala Kishore and sai Dharam Tej | NewsMax Telugu,146859,Telugu
qgasli1u-Ag,AUNTY KI GHANTI PART 2 | FULL MUSIC VIDEO,108414,Telugu
UtqE056lqas,"Lagira Zhala Jee - लगिरा झला जी - Episode 172  - November 13, 2017 - Preview",78447,Telugu
ZJaR1RPrvkA,खेसारी लाल के जिंदगी की 15 अनसुनी कहानी  || Bhojpuri Hero Khesari Lal Yadav 15 Real Story,218178,Telugu
7HTw1Jz5lcQ,ಬಿಗ್ ಬಾಸ್ ಐದರ ಶ್ರೀಮಂತ ಮತ್ತು ಕಡು ಬಡವ ಸ್ಪರ್ದಿ ಯಾರು ಶಾಕಿಂಗ್ | big boss poor contestant,103665,Telugu
NgEgYjvh6rE,FilterCopy | Types Of Men You Meet On A Date | Ft. Irrfan and Parvathy,1014724,Telugu
yqV4godQ7Xk,Actor Rajasekhar Exclusive Interview | Frankly With TNR #83 | Talking Movies With iDream #554,277050,Telugu
Svdb9YT86vc,వీళ్ళేమో టాప్ విలన్స్ కానీ వీళ్ళ భార్య లు టాప్ హీరోయిన్స్ | 6 Tollywood Villains Wives | Gossip Adda,109580,Telugu
_bNrVP6CCfs,Aramm - Aram Movie Review - Nayantharaa - Tamil Talkies,308394,Telugu
h6Z9mmSNJcw,মাত্র ১ ফোটা ব্যবহারে লিঙ্গ ২ ঘন্টা দাড়িয়ে থাকবে ষ্টিলের মতো-How To Make Healthy Leech Oil At Home,298998,Telugu
FBzjw0yPup0,dayyam pattindi  | comedy | my village show,748248,Telugu
A_XgvSkbCvM,ചാക്കോച്ചൻ ഇത്ര മനോഹരമായി പാടുമെന്ന് കരുതിയില്ല | Kunchacko Boban singing a cute song for his wife,17006,Telugu
uzcHSrzwp9I,விக்ரம் மனைவி பற்றி பலரும் அறியாத உண்மைகள் | Tamil Cinema News | Kollywood News | Latest Seithigal,377572,Telugu
B6IxqP9z9XE,லட்சுமி கதையும் அதன் விமர்சனமும் | Lakshmi - Short Film Real Story | TPEXC_15,134307,Telugu
BwIw80nybkU,Weekly Reliv | Taarak Mehta Ka Ooltah Chashmah |06th November to 10th November 2017| Ep 2331 to 2335,277839,Telugu
7RGnOALpYCk,Durga | Full Ep 913 11th Nov 2017 | Odia Serial - TarangTV,85165,Telugu
Rhq6uJkoy_o,काला जादू करने वाले पर वापिस कैसे करें ।। How To BackFire Of Black Magic ।। Om Namoh Narayan,69426,Telugu
PBuCqgA7u5w,Abhishek Bachchan Lashes Out As Paparazzi Click Aishwarya Rai Bachchan In A Wrong Light,2664065,Telugu
xnvlaasnhHg,Varun Tej And Rana Dagubati Making Fun With Samantha In #ChaySam Wedding Reception | Film Jalsa,16825,Telugu
JsZ2yyIXOSE,விவேக்கிற்கு இத்தனை சொத்துகளா?..  | விவேக்கிற்கு பணத்தால கண்டம்- வீடியோ,84097,Telugu
1wqsTGkFHoE,"इन 7 राशियों की चमकेगी किस्मत,गुरु का होगा उदय, 10 november 2017",367797,Telugu
_fJSu5naKX4,Naa Peru Meenakshi | 11th November 2017 | Full Episode No 876 | ETV Telugu,315154,Telugu
3FxCSn3d1f4,আতঙ্কের রাত by Sasthipada Chattopadhyay (NEW GOLPO) SUNDAY SUSPENSE,26675,Telugu
0Gf19Rue4zA,Customer vs Shopkeeper | WTF | WHAT THE FUKREY,185537,Telugu
cRxYTelqWOg,జగన్ యాత్రలో ఈ పరికరాల పనేంటి? |YS Jagan's Padayatra,66463,Telugu
puBq9Z5TpEw,Tamil Cinema Real Sisters | Tamil Cinema News | Kollywood News,36092,Telugu
BhZx-ZEz0_Y,നടി ദിവ്യ ഉണ്ണി കെട്ടിയോനെ ഉപേക്ഷിച്ചിട്ട് ഇപ്പോഴത്തെ പണി കണ്ടോ  | Actress Divya Unni,35431,Telugu
deKWUn7r-_8,600சொத்துக்கள் 5நாளில் பெயர்மாற்றம்:பரோல் வீண் இல்லை 600Assets Replaced in 5Days:Parol is not  waste,59708,Telugu
bDDZLQw8Wb4,Vamsam - வம்சம் | Tamil Serial | Sun TV |  Epi 1332 | 11/11/2017 | Vision Time,182209,Telugu
AL1RsbakLx4,Bigg Boss 11: Priyank Sharma To Be ARRESTED From The Bigg Boss House? | Filmibeat,249737,Telugu
NhyolxnS-Qs,Wrong Number | Sheorans | Funny Video,204351,Telugu
zWAjEtFkMgY,Weekly Rasi Phalalu 2017 November 12th - November 18th  2017,37384,Telugu
fRY7UWGFvdc,ഇടുക്കി ആശുപത്രിയിൽ രോഗികളെ ക്യൂവിൽ നിർത്തിയ ജീവനക്കാരിയുടെ ഇപ്പോഴത്തെ അവസ്ഥ കണ്ടോ ഞെട്ടി പോകും,197122,Telugu
Dxg-ELOg-L4,Nayanthara Visits Kasi Theatre For Aramm Promotion,94383,Telugu
D1z2sKcSsfY,ARE YOU FRIENDZONED? ft. SheTroubleMaker | RishhSome,353789,Telugu
m5HsZ4lYtv4,കർണാടകയിലെ ക്യാൻസർ ചികിത്സയെ കുറിച്ചുള്ള പുതിയ വീഡിയോ | Cancer Treatment Center | malayalam News,121361,Telugu
a8hFBXnqo0k,Watch: Green corridor for ambulance carrying critically-ill cancer patient,50220,Telugu
XVPpvn9vQDU,Ammuvinte Amma l The person who seeking for Ammu l Mazhavil Manorama,96306,Telugu
#NAME?,స‌మంత కంట‌త‌డి | Samantha became EMOTIONAL @ Samantha naga chaithanya marriage Reception,31052,Telugu
efpUCPITNmw,Russia Vs Argentina 0-1 - All Goals & Highlights - Resumen y Goles 11/11/2017 HD,1641745,Telugu
NX23eK3ud10,"ਜਾਣੋ, ਕੌਣ ਸੀ ਹਿੰਦੂ ਆਗੂਆਂ ਦੇ ਕਤਲ ਕਰਨ ਵਾਲਾ ਸ਼ਾਰਪ ਸ਼ੂਟਰ ਸ਼ੇਰਾ|DAILY POST PUNJABI|",42032,Telugu
JFe_OFPYKQY,स्पेशल रिपोर्ट : सांगली : अनिकेत कोथळेच्या मृतदेहासोबत 14 तासाच्या प्रवासात काय घडलं?,71272,Telugu
oGoABVPTDQA,வில்லன்களுக்கு என் படத்தில் காவி நிறம் தான்- சுசீந்திரன் | Naughty Nights | Black Sheep,90034,Telugu
qEf_2YN1XaA,Shehar Ke Bachche (Children's Day Special) - Sundeep Sharma | UnErase Poetry,25844,Telugu
xzEbOteUiRY,"ਅੰਮ੍ਰਿਤਸਰ” ਵਿੱਚ ਦੀਵਾਨ ਲਗਾਉਣਾ ਸਾਡਾ ਮਕਸਦ ਨਹੀਂ, ਸਾਡਾ ਮਕਸਦ ਕੁਝ ਹੋਰ ਹੈ | 12.11.2017 | Dhadrianwale",51575,Telugu
uLLYbYpV1z4,CHILDHOOD MEMORIES OF EVERY INDIAN 1990s KIDS,71786,Telugu
jvcBAsE72Lc,London Babulu Movie Promotions 01 | Lalitha Jewellery Ad | Swathi || OneVision,7125,Telugu
ul6tkHoVFg0,73 QUESTIONS W/ PRIYANKA CHOPRA | Vogue | Reaction w/ Hope!,158126,Telugu
HilwZ2E5PX8,Samantha Naga Chaitanya Wedding Reception Full Video,31421,Telugu
V4olAUYK6aE,Current Affairs Live 2.0 | 13 Nov 2017 | करंट अफेयर्स लाइव 2.0 | All Competitive Exams,14018,Telugu
Yx6FaFVw9NY,Daily Promise and Prayer by Bro. P. Satish Kumar from Calvary Temple - 13.11.2017,15107,Telugu
reoTUboruJ0,Navdeep on Drugs and Bigg Boss - TV9 Exclusive,20463,Telugu
xNfzGWB34b4,ഓട്ടോ ഡ്രൈവർമാർ ഒരു വശം ചെരിഞ്ഞിരിക്കുന്നതിന്റെ കാരണം കണ്ടു പിടിച്ചു |new|asianet|news|malayalam|tod,23082,Telugu
t_vpgs7aDco,Real Fight Between Hero Rajendra Prasad and Victory Venkatesh,19567,Telugu
rx5dx6HxBgg,ಬಿಗ್ ಬಾಸ್ ಅಶಿತಾ ಮೊದಲ ನಿಶ್ಚಿತಾರ್ಥ ಮುರಿದುಬಿದ್ದ ಕಥೆ| Bigg Boss contestant Ashita shared her story,34206,Telugu
82Xuew50Dh4,'Shaadi Mein Zaroor Aana' Star Cast Rajkummar & Kriti On Yaar Mera Superstar | Full Episode,55908,Telugu
t7I8EBOTx8Y,Kannil Kannonnu song from Chemparathippoo | Vineeth Sreenivasan | Haritha Balakrishnan,37786,Telugu
-90fWzjVM7w,"Lakshmi - Short Film Review | Sarjun KM | Sundaramurthy KS | Lakshmi Priyaa Chandramouli, Nandan",64656,Telugu
v3nuxG2Q6Ew,Sanjay Leela Bhansali Speaks | Padmavati | Ranveer Singh | Deepika Padukone | Shahid Kapoor,662980,Telugu
WYV4afdFEvs,సోమవారం ఈ పాటలు వింటే 1000 సార్లు కాశీ వెళ్లినంత పుణ్యం దక్కుతుంది || Lord Shiva Telugu Bakthi Songs,98212,Telugu
ziOwvxFoLw0,CLOSE ENCOUNTER WITH  MAJOR RAVI _Reporter Live,92089,Telugu
JBFmDaNsofY,ಮಾಸ್ಟರ್ ಮಂಜುನಾಥ್ ಈಗ ಯಾವ ಕೆಲಸ ಮಾಡುತ್ತಿದ್ದಾರೆ ಗೊತ್ತಾ | Master Manjunath,63293,Telugu
ifqJNMRupEU,பாகுபலி பிரபாசை போன்று யானையிடம் செய்ய முயன்றவருக்கு என்ன ஆனது பாருங்கள்,7573,Telugu
NgsoF5QeG4c,"13, 14  heavy rains in chennai, Nov 13, 14 chennai weather | tamil news | tamil news today | redpix",22933,Telugu
CgbZnZrE9OM,Baat Ka Batangad,70810,Telugu
cA3fSbbeLqI,जनरल जीडी बख्शी ने बोला Pok हमारा है ऋषि कपूर और फारुख अब्दुल्ला कोई जवाब,69459,Telugu
DWC2o_h5wP0,Gujrat चुनाव का internal पोल देखकर हिल जाएगी भाजपा,82449,Telugu
SF-ObMCb-Ac,பிரியமானவள் சீரியலில் இருந்து ஈஸ்வரி ஏன் விலகினார் தெரியுமா ..?,58815,Telugu
F9Fd3AUaOC4,Funny Salesmen Everywhere || Hyderabadi Comedy || Warangal Diaries,68808,Telugu
s6pM3FlBcAw,8 Bollywood Actresses who become early age moms before Turning 30!,103975,Telugu
t-3rtU-91OU,Reason behind IT Raid at Sasikala & relatives' place ? | JV Breaks,64197,Telugu
-7dTzc8kTOY,FEEELINGS ABOUT THE IPHONE X,2820328,Telugu
g7SdBlW1Zj8,జగన్ లేకపోతే అసంబ్లీలో అందరూ నిద్రపోతున్నారు బీజేపీ mla Vishnu Kumar Raju | Cinema Politics,47328,Telugu
HroHi1lUg6M,ಬಿಗ್ ಬಾಸ್ 5  ಮನೆಯಲ್ಲಿ ಇರುವ ಕೋಟ್ಯಧಿಪತಿಗಳ ಅಸ್ತಿ ಎಷ್ಟು ಗೊತ್ತ? ಶಾಕಿಂಗ್!,40355,Telugu
13zgNDLHfyk,கோவணத்தோட அலையனுமா? EPS & OPS Behind the IT Raids | TTV Dinakaran Kidding BJP | Sasikala Family,85832,Telugu
GuO4gJs9BFs,Mor Comedy # Mangu Ke Drame # Episode 10 # लुंगी डांस  # Vijay Varma & Shikha Raghav # Mor Haryanvi,279282,Telugu
NDuOXWe4KW8,உலக அழிவை முன்பே தெரிந்து கொள்ளும் 5 மர்ம அறிகுறிகள் | 5 major signs before the world End |,62151,Telugu
kwGrQZUXBus,Ippadai Vellum Movie Review - Dumbest Review | Udhayanidhi Stalin | Smile Settai,81117,Telugu
JtSoHMVvKG8,ನಟಿಯ ಕಥೆ | ಕನ್ನಡ ಶೃಂಗಾರ ಕಥೆ | kannada health tip's | Kannada lifestyle,72644,Telugu
Lww6RzTwTpE,ಅಗ್ನಿಸಾಕ್ಷಿ ಸೀರಿಯಲ್ ಮಾಯಾ ತಾಯಿ-ಕೂಡ ನಟಿ-Agnisakshi Serial Maya Mother Famous Actress Kannada News,81305,Telugu
pBmmYgmN2IM,Flipkart Billion Capture+ Unboxing & First Look | MadeForIndia | Xiaomi Killer is Here,308383,Telugu
Sdar8GHtD0k,"Thatrom Thookrom - #DemonetizationAnthem | STR, Kabilan Vairamuthu, Balamurali Balu | TrendMusic",1205088,Telugu
1r4NI9_rC8A,Aram - an apology and review by prashanth,194888,Telugu
ntBIQF7TOW4,Ravneet Singh - Jattan Wale Gaane,204389,Telugu
2nTvmoZNr9E,Kundali Bhagya Full Episode 10th November 2017 Updates,177563,Telugu
7z90pkNWBlw,వైసీపీకి కొత్త జోష్ ...త్వరలో పార్టీలోకి ఉండవల్లి..!| Ex MP Undavalli Arunkumar to Join YCP Soon..!,50914,Telugu
7zCrBCsRcDc,"Muddha Mandaram - Episode 927  - November 13, 2017 - Preview",141759,Telugu
LwVz-MSPCcA,Nonstop 100 | Rahul Gandhi and Amit Shah to Come Face-to-Face in Banaskantha Today,60541,Telugu
pzRaJ63e-fg,Common Man Questions Modi - Badhil Kelvigal | Put Chutney,68992,Telugu
9qMbaOzubCc,RSS worker hacked to death in Thrissur; hartal in Thrissur,66231,Telugu
LY-RHT8xF5I,സിൻജോമോന്റെ മൃതുദേഹം പുറത്തെടുത്തപ്പോൾ കണ്ടത് ഞെട്ടിക്കുന്ന കാഴ്ച | Sinjomon,206015,Telugu
UZZJT2dN1QM,"Kundali Bhagya - कुंडली भाग्य - Episode 89  - November 13, 2017 - Preview",376679,Telugu
iTdm-HsOdNs,"Dialogue Promo 3 | Shaadi Abhi Baaki Hai | Mansi Dovhal, Amit Bhaskar & Sanjay  Mishra",12408,Telugu
rOR5PJgR0DQ,നശിപ്പിച്ച് ! | AroMal Ar,100662,Telugu
4TStX6b0uJ0,Anna | Malayalam Short Film with English Subtitles | Eldhose Lomy | Official,42923,Telugu
QYNymjtl_QE,SHRIMAD BHAGWAT KATHA - BHADOHI DAY- 4,20086,Telugu
DckjtlTRxxw,വിട്ടുമുറ്റത്തു ഒരു ആപ്പിള്‍ മരം വേണോ? വിട്ടില്‍ ഈസിയായിആപ്പിള്‍ തൈ ഉണ്ടാക്കിയെടുക്കാം,14480,Telugu
cVYWO4aOhis,అమావాస్య ఉసిరిదీపం ఇలా వెలిగించండి  chirravuri pravachanam solution puja Telugu foundation lakshmi,23421,Telugu
3JZDGo55roI,Every Arranged Marriage Ever ft. Rajkummar Rao & Kriti Kharbanda | Shaadi Mein Zaroor Aana,1385906,Telugu
4q8gvlRQh84,Athadu Aame (He & She) | Latest Telugu Comedy Web Series | Season 3 | Episode 3 | Chandragiri Subbu,54848,Telugu
OZU2E50G4KI,ANUGRAH TV- 12-11-2017 Sunday Holy Communion Meeting Live Stream,17726,Telugu
zH2QWFmKqpQ,ಗೊತ್ತಿಲದೆ 2 ವರ್ಷ ಪಿಶಾಚಿ ಜೊತೆ ಸಂಸಾರ ಮಾಡಿ ಮಗು ಕೂಡ ಮಾಡಿಕೊಂಡ... ಶಾಕಿಂಗ್ ನ್ಯೂಸ್.. Kannada News,40576,Telugu
LWkkT7y0sa4,"WWE RAW 13th November 2017 , braun strowman vs Kane",881751,Telugu
xHu2OBXVOY8,When A Couple Buys A Car | The Timeliners,500547,Telugu
j5Wc2tk1E_c,"Konchem Touch Lo Unte Chepta Season 3 - Karthi, Rakul Preeth Singh Promo - Pradeep Machiraju",325990,Telugu
rdnSMooiSfY,రెండో పెళ్లి గురించి నా కొడుకు ఏమన్నాడంటే | Renu About Akira Nandan reaction | Open Heart With RK,229544,Telugu
Ulz2Pg-aLkY,"Ahead of Gujarat Elections 2017, Hardik Patel's alleged CD goes viral",661348,Telugu
nLFX8rBUNdk,Flipkart Billion Capture+ Unboxing and First Look - My Opinions,719257,Telugu
LLF_PS4r6Ik,എന്നെകൊണ്ട് റിമിയെ കെട്ടിക്കാൻ അപ്പച്ചന് പ്ലാൻ ഉണ്ടായിരുന്നു !! ചാക്കോച്ചന്റെ വെളിപ്പെടുത്തലുകൾ,658053,Telugu
mrWLYHVmUhA,"Hardik Patel With Girl In Room, Video Viral",692610,Telugu
NXcGCGGtJI0,P.A.Gals E02 | Fridge Ka Batwara || Girliyapa Originals,327020,Telugu
f2GeSskSsy8,கொள்ளையடித்த குடும்பம் |Cassette Shop to Billionaire by Jayalalitha |Nakkheeran Gopal reveals,311713,Telugu
SaT0lLpb0RQ,ಕುಮಾರಣ್ಣನಿಗೆ ಕೈಕೊಟ್ಟ ರಾಧಿಕಾ ಮಾಡಿದ್ದೇನು ಗೊತ್ತ ಬೆಚ್ಚಿ ಬೀಳಬೇಕು| radhika joining a  party,69392,Telugu
YoXH6cZYI_s,"Mersal - A Minute of Maacho | Vijay, Kajal Aggarwal | A R Rahman",579980,Telugu
y8uB4JpFSBY,ఆ డ్రస్ తో తన పరువు ఎలా తీసుకుందో చూడండి పాపం| sAMANTA nAGA cHAITHANYA wEDDING rECEPTION,332705,Telugu
cpkxJ1y_0V4,ரெய்டு குறித்து விவேக் செய்தியாளர் சந்திப்பு | Jaya TV CEO Vivek Press Meet Regarding IT Dept Raids,126781,Telugu
V2VquEl3zzE,Madras Central Gopi'ஐ ரசிப்பேன் - Seeman | Naughty Nights | Black Sheep,237512,Telugu
wvHYHVq9xio,कैसे बने देश के 8वें सबसे अमीर इंसान | आचार्य बालकृष्ण | Case Study | Dr Vivek Bindra,133254,Telugu
9e-90Sz_iN0,Uppum Mulakum│Flowers│EP# 474,297211,Telugu
zFrllD9D9HM,Mahesh Kathi Vs Hyper Adhi ||I am against body shaming || TV9 Today,53290,Telugu
Fvg3EkAp15E,"#SirPost - Letter To CM (Chinna Mudhalvar)  | RJ Vigneshkanth, Kalaiarasan, Prakash | Smile Settai",123911,Telugu
bHX-8h6OKi8,"Zameer: Aarsh Benipal, Harsimran (Teaser) Releasing 19 November",160856,Telugu
Ik9JXtQDqmU,"Hardik Patel CD video, संबित पात्रा ने सीडी कांड का किया जबरदस्त विश्लेषण",231016,Telugu
YbWw3kVdsPs,D4 Junior Vs Senior I EP 84 -Appani Sarath with Jimikki Kammal..! I Mazhavil Manorama,184479,Telugu
ysik6z44B1E,"Stephanie McMahon questions Kurt Angle's leadership: Raw, Nov. 13, 2017",1574756,Telugu
MfB_zSC70J0,Ama Ghara Laxmi | Full Ep 475 14th Nov 2017 | Odia Serial – TarangTV,61702,Telugu
vkr74kiEPM4,Tiger Zinda Hai Trailer Spoof | Salman Khan | Katrina Kaif | SDE,129570,Telugu
bFcHu8jCBRw,Review On Bigg Boss 11: Vikas Gupta's Sacrifice For Shilpa Shinde! Part 2,83576,Telugu
g6ydk-TTdYM,TSP's Bonnet Pe Charcha ft. Harsh Beniwal | E02 - Solo Trip vs Group Trip,277287,Telugu
gUlzhZ1ETXg,FilterCopy | Stuff Girls With Short Hair Are Tired Of Hearing,298473,Telugu
V8b805Xk6KU,SnG: Do You Believe In Miracles? feat. Vidya Balan | The Big Question S2 Ep17 Part 2,30969,Telugu
mhV_vlCc2y8,சிக்கிக் கொண்ட விவேக்! கை விட்ட தினகரன்!,49903,Telugu
iNQiWRdqYb0,"Alitho Saradaga |  13th November 2017 | Thagubothu Ramesh, Praveen  l Full Episode | ETV Telugu",182089,Telugu
7U1LJYwTzQM,Bithiri Sathi Leaves Hyderabad | Satire On Ivanka Trump's Security | Teenmaar News,217750,Telugu
2nn-UJIqTNA,రిసెప్షన్ లో సమంత ఈమెపై కోప్పడటం మీరు గమనించారా? Samantha Gets Angry in Reception. Eagle Media Works,50323,Telugu
KmTGHO9if3o,"CID - सी आ डी - Episode 554 - 13th November, 2017",266941,Telugu
Dp1Vb81ifb0,14 November 2017-The Hindu Editorial News Paper Analysis- [UPSC/SSC/IBPS] Current affairs,55663,Telugu
y5TM_K-ldDs,"En Aaloda Seruppa Kaanom - Moviebuff Sneak Peek | Anandhi, Tamizh",114529,Telugu
TQypXve0Ork,Saravanan Meenatchi - 13th to 17th November 2017 - Promo,259440,Telugu
SYtxYDSUF90,GIVING IPHONE X TO GIRLS PRANK | So Effin Cray,353787,Telugu
TFneepFU0Dc,"ಸರಿಗಮಪ ಇಂದ ಹೊರಟ ರಾಜೇಶ್ ಕೃಷ್ಣನ್,ಕಾರಣ ಏನು ನೋಡಿ | Rajesh Krishnan left Zee Kannada Sa ri ga ma pa",83168,Telugu
VwBb77AZOxI,ఫంక్షన్ చివరలో రానా సమంత ని ఎలా ఆడుకున్నాడో చూడండి | Rana Fun With Samantha At Her Wedding Reception,254300,Telugu
GL1hj67Er8c,Patas | 13th November 2017 | Full Episode 608 | ETV Plus,219445,Telugu
5xsWmHAkQhw,Indian Bridal Makeup Tutorial | Lots Of Tips & Tricks! | #TheShaadiSaga | Shreya Jain,47599,Telugu
Rrqv9-zOlu0,అమ్మాయి ముందు ఫోజు కొట్టడానికి చూసాడు..చివరకు యముడికి హయ్ చెప్పివచ్చాడు..HOTNEWS TELUGU,100010,Telugu
pGBRAKrYwEw,సమంత ఆ డ్రస్ తో తన పరువు ఎలా తీసుకుందో చూడండి|Samantha Naga Chaithanya Wedding Reception|Gossip Adda,48944,Telugu
7MeCnwGvVI8,मोदी राज में घोटाले का यशवंत सिन्हा ने किया पर्दाफाश/YASHWANT SINHA ON GST,101269,Telugu
IWaW35OaLBU,Children's Day Special | Khajur The Running Coach | The Kapil Sharma Show,96042,Telugu
uR5ucuK7Ssk,అత్తను చూసి బాధ పడ్డ సమంత ..Samantha Naga Chaitanya Wedding Reception...Chaitu Mother Lakshmi,176363,Telugu
WEH64_sLRsc,"शनि अमावस्या 18 नवम्बर 2017 को जरा से काले तिल रातोरात चमका देगे आपकी किस्मत, बदलेगा भाग्य // Magic",66725,Telugu
KjJ6jg2Zic8,5 रुपए की इस चीज़ से बाल लम्बे - घने - मोटे और मजबूत हो जाएंगे की कटवाने पड़ेंगे | grow hair fast,487379,Telugu
uJADNiqa7rM,IBPS CLERK PRE | Sentence Improvement | English |  Online Coaching for SBI IBPS Bank PO,26011,Telugu
wh_hDwv5vug,"Mission IAS 2018 : 14 November, 2017 The Hindu Daily Editorial Discussion",26395,Telugu
XZsTzaBizs8,Kuladheivam SUN TV Episode - 772 (14-11-17),151529,Telugu
9Fg_C0In88g,திருமணமான 4 நாட்களில் பெண்ணுக்கு வரதட்சணைக் கொடுமை  - காஞ்சிபுரம்,91377,Telugu
yEMSUnFCf2o,Bigg Boss 11 | Massive fight between Akash and Hiten | 14 Nov 2017,133609,Telugu
B4FySeq6DIo,"Narendra Modi latest Full speech Indian Community in Manila, Philippines",103279,Telugu
ShoT7k3w6_M,"Talk to the Pant: Breaking Bad, EIC & Much Less",17506,Telugu
_uS0hwCS2II,"आज रात चुपचाप इस जगह जला लें ये 1 दिया और बोलें अपनी मनोकामना, हर इच्छा जरूर होगी पूरी.. Ekadasi",103810,Telugu
jLsNEN-rnG0,When you miss ONE day of school || Shahrukh K Adnan,17900,Telugu
ujWrAy1oRc8,Is it WHITE ? Funny Riddles and IQ Test | GK Quiz & Trick Questions | Quick Reaction Team,29133,Telugu
caUHggmbKFs,Samantha Reacted On Annapurna Studio Fire Accident Hyderabad | Nagarjuna | YOYO Cine Talkies,37559,Telugu
GCo-kUYSPmw,வள்ளி | VALLI | Sun TV | Tamil Serial | Episode 1425 - 13th November 2017,172636,Telugu
dmIn_HJ6AJY,"Lagira Zhala Jee - लगिरा झला जी - Episode 173  - November 14, 2017 - Preview",33648,Telugu
3Kwpk9J8tJM,Bigg Boss Season 11 - Day 42 - 13th November 2017 - बिग बॉस,97993,Telugu
OK297-PAEs0,Remarriage on the sets of #NeethoneDance & everyone becomes emotional  Sat  & Sun  at 9 PM #OPPO​,103035,Telugu
ZLFwFwKZCGg,"#FBTitBit - En Aaloda Seruppa Kaanom | Releasing on Nov 17th | Anandhi, Thamizh | Jagannaath",50655,Telugu
GqdUSoPDkeo,"16 नवंबर से चमक जायेगी इन 6 राशि वाले लोगो की किस्मत और मिलेगी खूब खुशी, सूर्य राशि परिवर्तन 2017",50424,Telugu
ZrEP2EuSufc,ബാഹുബലി ആകാന്‍ നോക്കിയ തൊടുപുഴക്കാരന് കിട്ടിയ പണി | Oneindia Malayalam,95588,Telugu
zdiBM3qjIcI,Daddy / Papa Ka Pyar Chappal Maar,33297,Telugu
klabrXbvqU4,'चार यार' और 'Operation China'; चीन को 'कायदे' में लेन वाला 'चक्रव्यूह',78408,Telugu
A0-Ri5Rciow,Being a Friend to Your Child,23831,Telugu
TTcgaz5u9U0,Mahesh Kathi Vs Hyper Adhi || I'm proud to be butt of jokes || TV9 Live,33752,Telugu
Lo-DguXKxkk,స‌మంత చేసిన ప‌నికి చైతూ రియాక్ష‌న్‌ | Samantha & Naga Chaitanya Wedding Reception  | Friday Poster,162377,Telugu
touLlrvDlys,Bigg Boss 11: Hina Khan NOMINATED due to Luv Tyagi's MISTAKE along with Sapna - Benafsha | FilmiBeat,145896,Telugu
UQ5M6AsmBUI,SW Cafe Session: Why I Miss My Childhood The Most,29917,Telugu
49j_Tbl3HWU,"Kundali Bhagya - कुंडली भाग्य - Episode 89 - November 13, 2017 - Best Scene",170615,Telugu
RGuAnFgu9ew,Bigg Boss 11 : Puneesh ने रात के अंधेरे में Bandgi को कहा-अपने कपड़े उतार ना,430838,Telugu
DZ9vgenKvDc,"Mahesh Kathi vs Adhi || Oppose my comments on Pawan kalyan, don't shame my body || TV9",34392,Telugu
1bzpAtPDbxI,Score 30+ Marks In 20 Minutes | Reasoning | IBPS Clerk Pre 2017,29839,Telugu
x0Dc7pUPkzE,"#504 iPhone X, Moto X4, Fk Surprise, Oneplus 5T unboxing, Note 4 gift, No ATM, Digital City",78876,Telugu
nuI7FJKDo8w,The Story Of Bharathi Mess | Madras Masala Epi 12 | Food Feature | Madras Central,114520,Telugu
Q9WbsyxfnpI,Actress Samantha Having fun With Venkatesh Wife Neeraja Cute Video,9548,Telugu
DClc5ZhpyWQ,Daily Promise and Prayer by Bro. P. Satish Kumar from Calvary Temple - 14.11.2017,16685,Telugu
5ILPvGB726A,"Taarak Mehta Ka Ooltah Chashmah - तारक मेहता - Ep 2336 - 13th November, 2017",163829,Telugu
vetQ9MlYq_w,"Jan Gan Man Ki Baat, Episode 149: Return of Cash and Nehru's Legacy",80936,Telugu
dA22FnCf0CI,AMAZING Home Made Weight Loss Drink! | How to Get Rid of BELLY Fat Easily? | VTube Telugu,20237,Telugu
R_PvsjjXRz8,தெரியமால் சிக்கிகொண்ட விவேக் ? தந்திரமாக தப்பித்த தினகரன் !|Tamil Latest News|,37421,Telugu
NMioU5WLbaY,Nagarjuna serious on fan In Annapurna Studios || Manam Movie House Setting  || Tollywood King,36980,Telugu
UnDJFsPwg7o,"ಈ ಟಿಪ್ಸ್ ಪಾಲಿಸಿದರೆ ಚಪಾತಿ ಮೆತ್ತಗೆ, ಮೃದುವಾಗಿ ಬರುತ್ತೆ | Tips for Soft Chapati | KItchen Tips in kannada",46622,Telugu
q20-e-nMAV8,నాగచైతన్య కి నిమ్మగడ్డ ప్రసాద్ షాకింగ్ గిఫ్ట్ | Extraordinary Gift To Nagachaitanya Samantha,26112,Telugu
2Drj_O8FH2U,EVM से नहीं हुआ चुनाव-कांग्रेस से भाजपा बहुत बुरा हारी मुंबई में,44761,Telugu
cCE2o-HCEQA,Motorola Moto X4 Full Detailed Review,83551,Telugu
EkfWXfbzS8k,"Sei Official  Teaser | #SenjiMudiMachaa | Latest Tamil Movie | Nakkhul, Aanchal Munjal | TrendMusic",109014,Telugu
VKsGT2mPEfA,8 Indian Comics That Would Make Great Superhero Movies | Fully Filmy Rewind,23942,Telugu
wgamdaaM36I,Spiritual Significance of Kamakshi Deepa in Kannada: ಕಾಮಾಕ್ಷಿ ದೀಪದಿಂದ ಅಖಂಡ ಐಶ್ವರ್ಯ,15777,Telugu
DZFXaNpbMvI,"Biggboss 11 14 nov update, Bandgi poonish, vikas shilpa, luv hina, Bandgi akash, Nomination task",160759,Telugu
y6Zt8DYocdA,9 PM ETV Telugu News | 13th November 2017,91153,Telugu
fGIBFfRkxyU,TRS Leader Harish Rao Challenge To Revanth Reddy || Kodangal Election || TFC News,46959,Telugu
PnYrL1rK-z8,"Hardik Patel's video goes viral, Hardik terms it dirty politics- Tv9Gujarati",42816,Telugu
qltp1qcIP1Y,Colgate வெறும் 1 நிமிஷத்துல உங்க கண் கருவளையங்களை(Dark Circles)காணாமலாக்கிடும் | DARK CIRCLES REMOVE,200516,Telugu
ZGgWlec-82s,சத்யராஜ் சொத்து மதிப்பு எவ்வளவு தெரியுமா? | Tamil Cinema News | Kollywood News | Latest Seithigal,76178,Telugu
cGL7UlcbBsI,Did You know about Vani Rani Serial Controversy?| வாணி ராணி ரசிகர்களுக்கு அதிர்ச்சி செய்தி தெரியுமா?,13443,Telugu
qTVbE0yAWBo,"America Ammayi - Episode 716  - November 14, 2017 - Preview",63811,Telugu
cOJ7v9jCXxU,"Phulpakhru - फुलपाखरु - Episode 156 - November 12, 2017 - Best Scene",21771,Telugu
xyWpP99H2i4,IELTS LISTENING PRACTICE TEST 2017 WITH ANSWERS | 14.11.2017,16835,Telugu
fQmPqaNYHls,Samantha and Naga Chaitanya Reception | FULL VIDEO | Chay Sam Wedding Reception | Indian Cinema,25309,Telugu
Y83L3JOlWHo,THINGS SIBLINGS DO TO ANNOY EACH OTHER Ft. Nitibha Kaul | Hasley India,309721,Telugu
JSqL2yaWSKE,వేణు మాధవ్ ని లాగేసిన చంద్రబాబు సెక్యూరిటీ ...Chandrababu Security Over Action On Venu Madhav,237916,Telugu
8_Wt0G4b7i4,Keerthy Suresh Movie in Hindi Dubbed 2017 | Hindi Dubbed Movies 2017 Full Movie,1045075,Telugu
Ybk37X2YJxo,GO-SU Goin' Live | Half Boil - Tamil Web Series | Madras Central | Exclusively On YUV App,220406,Telugu
SrmBuGll6No,కెమెరాలో రికార్డ్ అవ్వకపోయి ఉంటే ఇలా జరిగిందని చెప్పిన నమ్మలేరు..HOTNEWS TELUGU,544075,Telugu
1IivsJpJkoo,TVF Chai Sutta Chronicles | Season 2 | Episode 2 - That Airhostess,550518,Telugu
bvmlbu5Vipg,गुरुवार स्पेशल भजन : साईं बाबा रहमत की नज़र कर दो || Paras Jain || Most Popular Sai Bhajan,66756,Telugu
mp-fqyG2cXs,போட்டுக் கொடுத்த நண்பன்: அதிர்ச்சியில் விவேக் Vivek is shocking about her friend,55754,Telugu
pHWs5wsYfw0,Ama Ghara Laxmi | Full Ep 476 15th Nov 2017 | Odia Serial – TarangTV,75526,Telugu
GCSPBKnbpJc,Patas | 15th November 2017 | Full Episode 610 | ETV Plus,107663,Telugu
GcJSg7ZFVwk,SHOCKING! Jabardasth Artist Lost His Memory While Saving a GIRL | Latest Updates | VTube Telugu,267799,Telugu
D6yCN-UQalQ,Mana Mugguri Love Story Episode 2 | Vijay Devarakonda | Tejaswi | Navdeep | Adith | YuppTV Originals,498607,Telugu
B5vg6tD8IKs,"When Pakkinti Aunty Met My Friend - Ft. Swati, Rakshit || Mahathalli",214785,Telugu
Hj2GF4YG1Ww,Naa Peru Meenakshi | 15th November 2017 | Full Episode No 879 | ETV Telugu,110311,Telugu
e_L1L_hia2Y,Naga Chaitanya 2017 New Blockbuster Hindi Dubbed Movie | 2017 South Indian Full Hindi Action Movies,432006,Telugu
BgYJmXbIVZo,Bigg Boss Season 11 - Day 43 - 14th November 2017 - बिग बॉस,112033,Telugu
9do6ZWRmoRM,"Kundali Bhagya - कुंडली भाग्य - Episode 91  - November 15, 2017 - Preview",305430,Telugu
xxwI3U_7s-I,"काम होगा पूरी गारंटी के साथ ।। वशीकरण , शत्रु बर्बाद , आपके घर मे सुख ही सुख ।। Om Namoh Narayan",42393,Telugu
GN4kB3D7aaM,D4 Junior Vs Senior I EP 85 - Children's Day Special I Mazhavil Manorama,116779,Telugu
tvTRaEFqLgw,15 November 2017-The Hindu Editorial News Paper Analysis- [UPSC/SSC/IBPS] Current affairs,56140,Telugu
Dg21EeUWisc,What a Great Gesture By Ram Charan To Senior Actress | Sam & Chaitu reception | Eagle Media Works,471296,Telugu
iWQ4OwUIiYQ,మన ఇంజనీర్ల టాలెంట్ గురించి మాటల్లో చెప్పలేం మీరే చూడండి😄 | INFINITE VIEW,66755,Telugu
viUWXtRLNgo,Press Start To Play EPISODE 3,110478,Telugu
Otwccw5Yfvg,16 नवम्बर से सूर्य करेंगे इन 4 राशि वालों को धनवान कहीं आप की राशि तो नहीं इन में से एक जानिए Sun,100539,Telugu
8uP0-0IOaxk,WHEN SHE BUYS A BRAND NEW CAR | Sham Idrees,220176,Telugu
eDf-QoNxkk8,"Mission 2018 : 15 November, 2017 The Hindu Daily Editorial Discussion",26745,Telugu
LDx7vOaw5ZU,வள்ளி | VALLI | Sun TV | Tamil Serial | Episode 1426 - 14th November 2017,177944,Telugu
MaR_mrHmo7Q,ದಿನಕ್ಕೆ ಒಂದು ಕಿವಿ ಹಣ್ಣು 15 ದಿನ ತಿಂದರೆ ಏನಾಗುತ್ತೆ ಗೊತ್ತಾ ? | Health Benefits of Kiwi Fruit,34000,Telugu
HhTRGnR9X6I,Yeh Rishta Kya Kehlata Hai | Love In Greece,171580,Telugu
EFkd5ymLfjs,2 பாதாள அறைகள் செக் பண்ணும் போது  பார்த்தது என்ன ஒரு  அதிர்ச்சி  தகவல்,62218,Telugu
mEJA-XqNdZY,Infinix Zero 5 Unboxing | Surprise For You All | Direct From Dubai,116079,Telugu
Jcao2Ci5kLk,ట్రంప్ కూతుర్ని తోలుకొత్తనంటున్న రాజుగాడు ... తిట్టి సంపిన గంగవ్వ || Dethadi News || Tv1,78098,Telugu
wX0P4YuMycA,"CID - सी आ डी - Episode 555 - 14th November, 2017",201143,Telugu
EzWSQl0xKB8,"Lagira Zhala Jee - लगिरा झला जी - Episode 173 - November 14, 2017 - Best Scene",47190,Telugu
wj1IO--18SI,Wedding Season Hacks With Vaseline | Shreya Jain,16148,Telugu
PubzoQK0pR4,1000-கோடியில் விவேக் திருமணம் நடத்திய சசிகலா! அதிர்ச்சியில் ஐ.டி.அதிகாரிகள்! VIVEK...I.T.RAID..!,50844,Telugu
5xYzLjwDoPM,"All in One Super Entertainer Promo | 15th November 2017 | Dhee 10,Jabardasth,Extra Jabardasth",429296,Telugu
fi5GZwNq3gA,నాగచైతన్య తల్లి లక్ష్మి రెండో భర్త సర్ప్రైజ్ గిఫ్ట్ | Lakshmi's Husband SharathVijay Gift To Chaithu,82675,Telugu
BCPFG0GLghA,ఏం జరిగినా సరే ఈ 5 ప్రదేశాలలో దేవుడి పేరు తలచకూడదు |Never Chant God Name At This Place |Mana Telugu,40089,Telugu
vGd-eEsRPKI,कल्याण : मंदिरात गाऊन घालून प्रवेश केल्याचा जाब विचारल्याने महिलेला मारहाण,28142,Telugu
nNhclTpN_w0,Maruvaarthai - Megha Akash Version | Enai Noki Paayum Thota | Dhanush | Gautham Menon | US122,67269,Telugu
BFNxIPfnVOw,Naga Chaitanya Funny Behavior with Mahesh Babu Family @Chaysam Wedding Reception,74715,Telugu
px6R6UFHv0Q,मोदी का घूमा मूड अम्बानी को किया नंगा,113105,Telugu
2XXMMxtcrK0,Anubrata mandal Threatens DSP at Bolpur,37528,Telugu
kTJVJJOTrG0,A College Event l The Baigan Vines,61755,Telugu
8bBfxT71WZ4,सेक्स CD कांड में बड़ा खुलासा भाजपा मंत्री की घटिया करतूत BJP exposed on Hardik Patel CD,141873,Telugu
HMEBI2uWkkY,"ಅಕ್ಕಿ ತೊಳೆದ ನೀರಿನಿಂದ ಹೀಗೆ ಮಾಡಿದರೆ, ಜನ್ಮದಲ್ಲಿ ಕೂದಲು ಉದುರುವುದಿಲ್ಲ & ದಟ್ಟವಾಗು ಬೆಳಿಯುತ್ತದೆ | YOYOKannada",24304,Telugu
iQR4zaj--nU,"Taarak Mehta Ka Ooltah Chashmah - तारक मेहता - Ep 2337 - 14th November, 2017",118592,Telugu
4Mwz2b7HW00,ఈ నెల 18 తారీకు లోపు ఈ వస్తువులు తెచ్చుకుంటే డబ్బే  డబ్బు,23852,Telugu
J6oJvqYaR6U,Bigg Boss 11: Hina Khan COMMENT made Shilpa Shinde CRY | FilmiBeat,82798,Telugu
dsWLVh1zhqk,ನೀಲಾಗೆ ಜಗನ್ ಏಟು ಸಕಾಗುತ್ತಿರಲಿಲ್ಲ ? Kannada health tip's lifestyle Kannada,66457,Telugu
ExBnZv7mYys,England vs Brazil 0-0 - Extended Match Highlights - Friendly 14/11/2017 HD,749448,Telugu
Lib5Vmlu-7w,Vivek Jayaraman: How did he become owner of 500 Crores ?,50358,Telugu
tPd_Luepxz4,100 MCQ Based On GA CAPSULE (PART - 2) FOR IBPS PO MAINS/OICL AO & OTHER BANK EXAMS,15568,Telugu
zXFNwaD11Vs,"18 November - शनि अमावस्या - साल का सबसे बड़ा शनिवार - तुला,सिंह,कर्क की रातोंरात चमक जाएगी किस्मत",23191,Telugu
7V6Z1uh3sqg,The startup | 1 Kg Biriyani | TVF Machi,43202,Telugu
44mVinbQhss,डोली में गोली मार देब गाने पर खेसारी लाल यादव और निधि झा का जबरदस्त स्टेज शो - Hit Stage Show 2017,100052,Telugu
5bFn-JOfRGY,Amyra Dastur in Hindi Dubbed 2017 | Hindi Dubbed Movies 2017 Full Movie,536684,Telugu
QfGyQYzb0og,വിവാഹ കഴിക്കാതെ രഞ്ജിനി ഹരിദാസ് അമ്മയായി ഒപ്പിച്ച പണി | Renjini haridas | Idea Star Singer | Anchor,16981,Telugu
M1_u9gCoCXU,The Liplock | Malayalam Short Movie | Official | 2K |,34873,Telugu
A8zlx53hNbU,Profit And Loss | Part 1 | Maths New Concept (#MNC) | IBPS Clerk PRE 2017,27315,Telugu
MkeIfFJgd1o,"Ghantakhanek sangesuman: Youth TMC Targets Mukul at Kolkata rally, Although Subhrangshu, M",40618,Telugu
1Px_NmoK3Ew,சிம்புவுடன் ரகசியமாக உறவு வைத்த நடிகைகள் | Tamil Cinema News | Kollywood News | Cinema Seithigal,38602,Telugu
k_994Y4j88A,కర్నూలులో అడుగుపెట్టిన జగన్..టిడీపీలో మొదటి వికెట్ ..,59349,Telugu
uBBYweTCAhk,Adar Poonawalla Clean City Initiative (Part 2) | Varun Dhawan Alia Bhatt | A Dharma 2.0 Production,45311,Telugu
YaNtkqkNRaM,"Sembarathi - Episode 21 - November 14, 2017 - Best Scene",79750,Telugu
urOa95MSbA8,Putta Gowri Maduve - 14th November 2017 - ಪುಟ್ಟಗೌರಿ ಮದುವೆ,12140,Telugu
XbSGC9WqyiM,"Travellers VS Backpackers | Sonalee Kulkarni, Lalit Prabhakar, Prajakta Mali | Hampi",16273,Telugu
xIODir3Rz9s,AP Nandi Awards Under Chandrababu's Influence | JR NTR | Mahesh Babu | Balakrishna | indiontvnews,38662,Telugu
QzQNUYbO-nI,Dalapathi New Kannada HD Trailer 2017 | Prem | Kriti Kharbanda  | Charan Raj | Prashanth Raj,98274,Telugu
5v1jiWYSTns,"മീരാ ജാസ്മിന്‍ ഷൂട്ടിങ്ങിനിടെ പൊട്ടിക്കരഞ്ഞു,കാരണം കേട്ടപ്പോള്‍ എല്ലാവരും ഞെട്ടി|Meera Jasmine Cryin",29519,Telugu
XvCBNwjxlCY,Prabhas Helping Tollywood Young Hero,48232,Telugu
gOrGKfn3eTI,Children's Day Special | 90's Kids Vs 2000's Kids | Video Memes,57717,Telugu
Aw3lZMex208,"Noida: Daughters dance during funeral procession of 'Gutka king' Haribhai Lalwani, watch video",36875,Telugu
rdTnZknoBfY,Super thief chor pe mor चोर पे मोर राजस्थानी हरयाणवी कॉमेडी,169002,Telugu
fiZVDksv_hM,Oye  Maradalu Pilla Telugu Short Film 2017 || Directed By Prasanth CH,11337,Telugu
0ZWfwVDP2k4,"'Sex clip' of Hardik Patel goes viral, Patidar leader cries foul",63374,Telugu
yJxOLsgqOuc,9 PM ETV Telugu News | 14th November 2017,96537,Telugu
EoC6GToffGA,ಈ ಹುಡಿಗಿ ಮಾಡಿದ ಕೆಲಸ ಕೇಳಿದರೆ ನಿಮ್ಮ ಹೃದಯಬಡಿತ ಎರಡರಷ್ಟು ಆಗುತ್ತೆ | Top Kannada TV,31594,Telugu
czGoVtyEoH4,"Kapil Sharma’s AWESOME rapid fire on SRK, Karan Johar, Priyanka Chopra, his famous tweets & more",34498,Telugu
k3twDhbG2W8,"Bhavishyavani |15th November, 2017 (Full)",10429,Telugu
gnLGPslfX0c,Types Of LUDO Players | Harsh Beniwal,857515,Telugu
yoraaGd5gvg,Types of Salesman Feat. Harsh Beniwal | RealSHIT,465832,Telugu
_xB2Kry8JOk,BYN : The Broker Code,442329,Telugu
5H4VEdjoA30,Hyper Aadi Vs Kathi Mahesh || Pawan Kalyan Fans || Noix Tv,252751,Telugu
56zxKLA0SuQ,தே... பயலுகளாவா..? - ஏம்மா ஜோதிகா ரசிகர்களா இருக்குறது ஒரு குத்தமா?- வீடியோ,344305,Telugu
o6H2PVojbCM,Jabardasth |  16th November 2017| Full Episode | ETV Telugu,356323,Telugu
5mcBxqAAH5M,TVF Bachelors | Season 2 | Official Trailer,293359,Telugu
4xyM3WzEfBM,Pove Pora | 16th November 2017 | Full Episode 18 | ETV Plus,145810,Telugu
CfLCQ7UV7JE,S3 (Yamudu 3) Movie Scenes - Surya Stuns Anoop Singh And Warns - 2017 Telugu Movie Scenes,226346,Telugu
Le_i6x1Oc4g,Types of People In A College Canteen | MostlySane,244455,Telugu
DehMqK6WKrg,Big News Big Debate - Bandla Ganesh Sensational Comments on Nandi Awards - Rajinikanth TV9,399285,Telugu
pgOe401AYLs,Film Critic Kathi Mahesh criticized Balakrishna on Influence in Nandi Awards Selection | Mahaa News,129356,Telugu
Dref7pB1Bbg,Uppum Mulakum│Flowers│EP# 476,344362,Telugu
daSu5agYchQ,आमचीच लग्न जमनात;बायका कुणी देईनात!छोटा पुढारीचे हेच नवीन भाषण तुफान व्हायरल ! Chota Pudhari VIRAL,315785,Telugu
tyeJ5sQgv9I,"Samantha, NagaChaitanya & Nagarjuna Wishing Akhil Akkineni #HelloTeaser",80969,Telugu
BoGvzZW9aDg,"Kundali Bhagya - कुंडली भाग्य - Episode 92  - November 16, 2017 - Preview",327487,Telugu
io82HGyOf9s,Stop Speak Support,164658,Telugu
r--yffbacS4,చైతు తల్లి వచ్చినప్పుడు తన కోపంపై సమంత వివరణ || Samantha Serious at Reception || YOYO Cine Talkies,163138,Telugu
7ANyO-Fsxo0,No bias in Nandi Awards presentation || Tammareddy - TV9 Today,137704,Telugu
Gt2Xu8_ddSA,లగ్గాల లొల్లి షురూ ... రాజుగాన్ని పరేషాన్ చేస్తున్న గంగవ్వ || Dethadi News || TV1,91188,Telugu
_CpikPu5ojY,സനുഷ തടിച്ചുരുണ്ട് അമ്മച്ചിയായി ഇപ്പോൾ കണ്ടാൽ ഞെട്ടും | Actress Sanusha New Look Like Old Aunty,63804,Telugu
f8XuDoum8Hc,സനുഷ അമ്മച്ചിയായി കോലം കണ്ടവർ ഞെട്ടി | Actress Sanusha Santosh New Look,95416,Telugu
lOZWTBgELag,FUKREY RETURNS | Trailer Reaction w/ Tiffany Mink!,94688,Telugu
BfDC0Yb1Cs4,"30 साल बाद आयी ऐसी शनि अमावस्या, घर घर बरसेगा धन हर मनोकामना होगी पूरी - कुंडली दोष हो जाएंगे दूर",78210,Telugu
xdrzpOIBA4o,OnePlus 5T hands-on,291126,Telugu
VpnNR3z_pAM,Super Dancer - Chapter 2 | Kapil Ki English Class | Sat-Sun 8:00 PM | Promo,49052,Telugu
_q13YscLQIA,16 November 2017-The Hindu Editorial News Paper Analysis- [UPSC/SSC/IBPS] Current affairs,50574,Telugu
jarbO6uNCpw,క‌ర్నూల్లో జ‌గ‌న్.. ఆళ్లగడ్డలో వైసీపీ అభ్యర్ధి ఖ‌రారు..?,59897,Telugu
vzo3Q9VSePM,Bigg Boss Season 11 - Day 45 - 15th November 2017 - बिग बॉस,62993,Telugu
zDfXTcxhq9c,Big News Big Debate - Bunny Vasu in comments on Nandi Awards - Rajinikanth TV9,67376,Telugu
xwA2L2HogYI,போடா தேவி   யா பையன் ஜோதிகாவை காரி துப்பிய sivakumar,64250,Telugu
xx5ur6QKnRY,"FilterCopy | Types Of BFFs | Part 2 | Ft. Himika Bose, Ayush Mehra, Madhu Gudi, Viraj",276313,Telugu
DZRbzVK-98o,जानिए तीनो मैं से किसका घर सबसे महंगा है। Pawan Nirahua Khesari PB News,140794,Telugu
nMN7su1YHKo,"CID - सी आ डी - Episode 1225 - 15th November, 2017",249846,Telugu
xTUauDxLzko,Big News Big Debate || Nandi Awards biased to Balakrishna's Legend || Kathi Mahesh - TV9 LIVE,118284,Telugu
KGUGk0gDAJw,"Jan Gan Man Ki Baat, Episode 150: India’s Health Story And Abul Kalam Azad",92051,Telugu
xLTyB3tMOm0,🔴[Live] Sarabha (Ludhiana) Kabaddi Tournament 16 Nov 2017,127803,Telugu
sEmUj8pm-b4,"16 November, 2017 Prelim Booster News Discussion",18747,Telugu
eT6fvvP5obg,Learning to Dance ft. Mukti Mohan | #ICanDoThat Ep 3,102111,Telugu
cYoyO6_5SGI,வள்ளி | VALLI | Sun TV | Tamil Serial | Episode 1427 - 15th November 2017,167129,Telugu
avWQMj_LhFo,रोहित सरदाना ने अबू आदमी को उसकी असली औकात दिखा दी,122134,Telugu
_xYYPQt4JMY,18 నవంబర్ అమావాస్య రోజు ఈ పరిష్కారం చేస్తే కోటీశ్వరులు | Mana Telugu  |Amavasya |November 18 th,37544,Telugu
z4aeaw3BH8Y,इसी जन्म में अगले जन्म का  इंश्योरेंस - Story by Gurudev Sri Sri Ravi Shankar,10282,Telugu
OEOHYI4pp88,"आलू से सोना निकालने का पूरा सच , राहुल गाँधी के Speech को Edit किया गया l Fake News in India",61604,Telugu
Ilc76vV427c,तुझ्यात जीव रंगला होणार 'बंद'😱😱 झी मराठी वरील मालिकेवर केली केस | VIRAL,36828,Telugu
2eiBztJHjBY,ਅਸੀਂ ਜਥੇਦਾਰਾਂ ਨੂੰ ਸੀਡੀਆਂ ਨਹੀਂ ਭੇਜਣੀਆਂ | Assi Jatherdaran Nu CD's Nahi..| 15.11.2017 | Dhadrianwale,75277,Telugu
r-iL1lxno-0,ఆళ్ళగడ్డ గడ్డపై జగన్ అదిరిపోయే స్కెచ్..!| Huge Response to YS Jagan Padayatra in Allagadda,83969,Telugu
9tLDDJsSb0s,IBPS CLERK PRE | Phrase Replacement | English |  Online Coaching for SBI IBPS Bank PO,20492,Telugu
qyfWXkRCfYY,"Lagira Zhala Jee - लगिरा झला जी - Episode 175  - November 16, 2017 - Preview",46669,Telugu
tkBkZu1u7E8,വാടകരകാരി യുവതിയെ കാണാതായ സംഭവം പുതിയ വഴിത്തിരിവിൽ  | Film News,75954,Telugu
GdwPd8JLRCA,Hina Khan To Be ELIMINATED This Week | MAJOR TWIST | Bigg Boss 11,123292,Telugu
meX1HkC-vKs,ScoopWhoop: When Someone Questions Your Aukaat,41929,Telugu
0gKk_JQkMIY,கிருஷ்ணப்ரியா என்னும் நான்... கனவை நனவாக்க கிடைத்த வருமான வரி சோதனை!- வீடியோ,56117,Telugu
GBVJbKSNlQQ,Undha Ledha Trailer || Undha Ledha  Theatrical Trailer || Telugu Movie Trailer || 5n media,136107,Telugu
PuzzJJ785dc,Exclusive: Mewar Royal Trivikrama Kumari Jamwal On Padmavati Row,49404,Telugu
MOM3DHzp5Y4,"Taarak Mehta Ka Ooltah Chashmah - तारक मेहता - Ep 2338 - 15th November, 2017",170177,Telugu
pfoeW5IVYAE,"Thittam Poattu Thirudura Kootam Official Trailer | Kayal Chandran, Radhakrishnan Parthiban",26795,Telugu
iRzCg9eY9pk,We are Educated..Not illiterates ! | TTV Dhinakaran Exclusive Interview,145024,Telugu
BJ1Tlhkl2Is,వేళ్ళాడే పొట్టని పిండి పిండి చేసే అద్బుత చిట్కా || Get Flat Belly In Just  7 Days,40513,Telugu
8wbrVyWBYr8,The Flash 4x07 Extended Promo Therefore I Am (HD) Season 4 Episode 7 Extended Promo,253729,Telugu
YXSbUKHg2to,"Jinder Mahal vows to come after WWE Champion AJ Styles: SmackDown LIVE, Nov. 14, 2017",389636,Telugu
SEfbUD0PZ-k,हार्दिक की सीडी वाली लड़की पर खुलासा/ABHISHAR SHARMA ON HARDIK CD,46826,Telugu
FOJFv1HOQLY,शनि अमावस्या 18 नवम्बर को बस एक माचिस रातोरात चमका देगे किस्मत इतना आयेगा पैसा की संभाल नही पाओगे,36705,Telugu
F3R5gCnaKt8,Sai Tera Shirdi Ka Jawab Nahi - Saibaba Songs - Saibaba Bhajan By Anil Bawara,25461,Telugu
aJleFt0EV7I,సింగర్ మధు ప్రియ కు ఎంత పెద్ద కొడుకు వున్నాడో చూస్తే ఆశ్చర్యపోవాల్సిందే,29822,Telugu
ZwciKVhBZfE,Bigg Boss 11: Gauhar Khan CALLS Akash Dadlani STUPID over FIGHT with Vikas - Shilpa | FilmiBeat,41040,Telugu
dFvyE_-S4JY,'झक मारली आणि महाराष्ट्र भूषण दिला' जेव्हा बाळा साहेबांना दिलेला उपदेश नानां वरच उलटला,165909,Telugu
yYTMQ7GKQVA,ನಟಿ ಜಯಪ್ರದ ಮಗನ ಮದುವೆ ಹೇಗಿತ್ತು ನೋಡಿ | Jayaprada Son's Marriage Rare And Unseen Beautiful Moments |,49999,Telugu
MXGNBurVnb0,Who has the most Nandi Awards in Telugu? | Tollywood Heroes | New Waves,28816,Telugu
17uT4FQt7og,কাঁচড়াপাড়ায় ডাকাত কালীবাড়িতে পুজো দিতে এসে কি বললেন মুকুল রায় ??,43480,Telugu
tkPM0nuPFFk,"Knee Pain Causes, Treatments - Home Remedies - Tamil Health Tips",31856,Telugu
1K-mJLfsaCk,ஜெ. உதவியாளர் பூங்குன்றன் சொன்ன ரகசியம் - டெல்லிக்கு பறந்த தகவல்,16012,Telugu
HXYS-RTe2Js,How To Shop For Weddings & Trousseau | #TheShaadiSaga | Shreya Jain,49501,Telugu
rnDPb5jQdLc,AIRTEL Exposed | 3 Ways How Bharti AIRTEL Fooling its 4G Customers | JIO vs AIRTEL in HINDI,143304,Telugu
3Qqbz4NMTd0,Current Affairs Live 2.0 | 16 Nov 2017 | करंट अफेयर्स लाइव 2.0 | All Competitive Exams,12807,Telugu
LmYqHHXWrVM,DNA: Goons robbing crores from train with just ₹2 busted,68014,Telugu
Kiv73Gbaxr0,Maddelacheruvu Suri Sister Gangula Hemalatha Reddy Full Interview | Talking Politics With iDream#289,46256,Telugu
FCv9vvuGMlY,tv9 కి నాసమాధానం Chirravuri Foundation Telugu Devotional Pooja Tv9 Jayam Ism solution kubera muggu,30539,Telugu
QDsZ3HP3xdk,கோடநாட்டில் 1 மணி நேரம் கர்சன் எஸ்டேட்டில் 90 மணி நேரம்,21852,Telugu
6MAqLTAR6qA,"Sembarathi - Episode 22 - November 15, 2017 - Best Scene",82552,Telugu
vAoYxP1cdQc,Kathi Mahesh Comments On Balakrishna Legend Movie | Nandi Awards | hmtv News,60613,Telugu
6vcFAkNelfY,Types Of Kaam Wali Bai (House Maids) | Captain Nick,194696,Telugu
OGNq72p-zgs,Nandini | Today at 9 PM | Gemini TV,54257,Telugu
qcPWjww3EN4,இவர் கூறுவதை கேளுங்கள்,39441,Telugu
S7VyPNc75m4,ஜோதிகா வசனத்தால் சர்ச்சை - தே... பயலுகளாவா..?,11362,Telugu
ey1SQ-rz22E,22 BEST HOME DECOR IDEAS,686550,Telugu
NTlI8HLVTHU,IELTS LISTENING PRACTICE TEST 2017 WITH ANSWERS | 16.11.2017,17032,Telugu
m4oqHFSqHr0,Anubrata Mandal's justifies his threat to police,32649,Telugu
cFvFRcwpOuk,हा पोलीस राज ठाकरे बद्दल काय बोलला तुम्हीच बघा..,171592,Telugu
S32NP0KPP2A,நரைமுடி இயற்கையாக கருமையாக மாற  natural hair dye in tamil,21540,Telugu
yeij2JKM1mU,The Palti-Khor FRIEND,1252197,Telugu
PFcehzVfIH8,Hyper Aadi clarifies on comments against Kathi Mahesh - TV9 Exclusive,534946,Telugu
9bv11NgyTi8,Hyper Aadi is a cheap comedian || Kathi Mahesh - TV9 Trending,344618,Telugu
zVc-Oe1wZGc,"Thiruttuppayale 2 Trailer | Susi Ganeshan | Bobby Simha, Prasanna, Amala Paul | Vidya Sagar",509664,Telugu
rLwyewjozJs,Modern Swayamwaram | VIVA,345266,Telugu
jfC0sCvtrB8,"Hyper Aadi, Raijing Raju Performance | Jabardasth | 16th November 2017 | ETV  Telugu",1297438,Telugu
8wRYvW8s7n0,Half Boil | Web Series - Episode 8 | Sneak Peek | GO-SU | Madras Central,276576,Telugu
wXVrRZm8mhA,Eruma Saani | Odavum Mudiyadhu Oliyavum Mudiyadhu Title Motion Poster,169483,Telugu
ysOGmCHU6C4,KUNBA DHARME KA || EPISODE: 37 तू लेग्या जीसा ... || Haryanvi Webseries || Mukesh Dahiya Comedy,318267,Telugu
-pRBNnI-9dM,You are Single for a Reason | Aashqeen,370489,Telugu
BwYmaDSXdQY,OnePlus 5T Unboxing and First Look - Giveaway Special 🔥 🔥 🔥,572811,Telugu
olZ2dwyD6R8,Son Of Abish feat. Gursimran Khamba & Jwala Gutta,272736,Telugu
UG9PxlRX2aI,Big News Big Debate || Bandla Ganesh on removing Akkineni Award category - TV9 Now,351762,Telugu
oLz-fSyWcx0,"18 नवम्बर को इन 9 में से करे 1 उपाय रातोरात देखे 200% चमत्कार शनि अमावस्या,शनिवार/AstroMitram",143740,Telugu
PVxtqaZ7CFM,"Deivamagal Episode 1391, 17/11/17",523815,Telugu
EaLI1lfw_wM,"Pove Pora Latest Promo - 23rd November 2017 - Poove Poora Show - Sudheer ,Vishnu Priya",295399,Telugu
lptdYzQQrgU,Theeran Adhigaaram Ondru - 2 Minute Review | Karthi | Fully Filmy,136966,Telugu
84x-etyfzrE,SIT | PKP | THE PENALTY | E 20,230837,Telugu
6cR_0HlApkg,🔴[Live] Khanna (Ludhiana) Kabaddi Tournament  17 Nov 2017,142791,Telugu
iWEUQUVnIlA,War of words between Hyper Aadi & Mahesh Kathi - TV9 Exclusive,54817,Telugu
GZYDBArpHKA,Uppum Mulakum│Flowers│EP# 477,309568,Telugu
DJ_9WRDPWYQ,"OnePlus 5T Unboxing | Price, Specifications, and More",71200,Telugu
OCEtNtpHlDc,அதிர்ச்சி செய்தி: சசிகலாவை ‘’போட்டு’”க் கொடுத்தவர்களுக்கு மரண அடி,84522,Telugu
QaXTOCVe9kM,HYDERABADI PALAAN KA INTERVIEW || Hyderabad Diaries,69927,Telugu
422MZbMcKww,మీ పేరులో మొదటి అక్షరం బట్టి మీ మనస్తత్వం తెలుసుకోండి..! Your Name's FIRST Letter Facts,90287,Telugu
OpmaY3WJyoc,లైవ్ లోనే కత్తి మహేష్ ని అద్దిరిపోయే వార్నింగ్ ఇచ్చిన ఆది || Hyper Aadi Strong Reply to Kathi Mahesh,141445,Telugu
5RSibH30DdM,Bithiri Sathi Searching For Bride | 1 Lakh Marriages In Two Telugu States | Teenmaar News | V6 News,298925,Telugu
uwlIYWMmwLs,"Jan Gan Man Ki Baat, Episode 151: Rafale Deal and Sanitation Coverage in India",107088,Telugu
5sVY2KcTuAI,Ama Ghara Laxmi | Full Ep 478 17th Nov 2017 | Odia Serial – TarangTV,61089,Telugu
t8r-PHbNf94,"BiggBoss 11 नया Captaincy Task Puneesh Sharma, Bandagi Kalra, Luv Tyagi, होगी जबरदस्त टक्करBandagi",61316,Telugu
dfMwWbyCxLk,Swathi Chinukulu | 16th November 2017 | Full Episode No 1312 | ETV Telugu,174536,Telugu
wn04wJoj4T4,Mor Comedy # Mangu Ke Drame # Episode 11 # नई मैडम # Vijay Varma # Haryanvi Comedy # Mor Haryanvi,149087,Telugu
eHfLuSsf50A,Jugraj Rainkh | High Kirdar | MBR | Latest Punjabi Song 2017,76685,Telugu
Prp-E07L_Uc,"CID - सी आ डी - Episode 1226 - 16th November, 2017",267184,Telugu
Ut5Sj36dZUU,RAMAYANAM in Telugu By Vikram Aditya | Unknown Facts About Ramayanam | Vikram Aditya | EP#93,116564,Telugu
nRjvxbDj80k,Ayush Kotwal Challenges The Coaches | The Voice India Kids - Season 2 | Ep 3,134032,Telugu
VXOJPfk5k9o,Official Trailer: Bulbul | Divya Khosla Kumar | Shiv Pandit,1869200,Telugu
ZASCWH7oVPM,அவங்க கேட்டது அந்த சி.டி. மட்டும் தான் .... | Divakaran about IT raid on his premises,70360,Telugu
h6ezOhaegGA,பிரமிக்க வைக்கும் சசிகலாவின் சொத்துமதிப்பு  அதிர்ச்சி ரிப்போர்ட்,69387,Telugu
z5m_noilQno,"ਢੱਡਰੀਆਂ ਵਾਲੇ ਦੇ ਮੁੱਦੇ ਤੇ PU ਦੇ ਵਿਦਿਆਰਥੀ ਆਏ ਅੱਗੇ, ਜਥੇਦਾਰਾਂ ਨੂੰ ਕੀਤੇ ਸਵਾਲ",55606,Telugu
Av5nUQXdGzM,"Lagira Zhala Jee - लगिरा झला जी - Episode 176  - November 17, 2017 - Preview",44582,Telugu
LzZAdzJB_Mk,"हार्दिक का ट्वीट- 'जो निभा ना सका पत्नी से, दूसरों की CD बनवाएगा' !",102157,Telugu
KkUAbgA6d6Q,Dil Buffering | Didn't See That Coming | Episode 8,220998,Telugu
JZgJnC7U8Yc,Anupama Chopra's Movie Review of Tumhari Sulu,33083,Telugu
aUFRpl19OJk,PDT-Mathuradas Ka Vacation - Harsh Beniwal Vines | Filmy Sketch | Comedy | Funny Video | Jokes | Goa,207478,Telugu
hziHYKyZEBU,Theeran Adhigaaram Ondru  Review - Karthi -  Vinoth  - Tamil Talkies,138576,Telugu
I2T_Mxsm9UY,IBPS CLERK PRE | Number Series Tricks | Maths |  Online Coaching for SBI IBPS Bank PO,27538,Telugu
o5GNPXUwj08,"Mission IAS :17 November, 2017 The Hindu Daily Editorial Discussion",29392,Telugu
fNVfgXSHXRQ,17/3 | IND vs SL 1st Test | INDIA | SRILANKA | KOLKATA | 2017 1st Test IND vs SL,138676,Telugu
xWQAuvE5CbE,இந்திய கடலில் ஏதோ பெரிய விபரீதம் நடக்க போகிறது.. உலகெங்கிலும் சராமாரியாக அரங்கேறும் எச்சரிக்கை.?,77833,Telugu
7t066o9PGjE,18 नवम्बर के दिन शनि अमावस्या की सुबह करें लोहे की कटोरी और सरसों के तेल का ये चमत्कारी उपाय,11669,Telugu
lZhpU2sZav8,Theeran Adhigaram Ondru Movie Review | Karthi | Rakul Preet Singh | Vinoth | Gibran,137154,Telugu
VesEFgZt-LM,Hard Kaur(Official Trailer) Delhiwood Studios-White Hill Studios-Rel 15 Dec'17-Latest Punjabi Movie,242321,Telugu
A3lznY84lHk,"ಈ ಟಿಪ್ಸ್ ಪಾಲಿಸಿದರೆ ದೋಸೆಗಳು ಮೃದುವಾಗಿ ಟೇಸ್ಟಿಯಾಗಿ,ಹೋಟೆಲ್ ನಲ್ಲಿ ಮಾಡಿದ ಹಾಗೆ ಬರುತ್ತ Kitchen tips kannada",34601,Telugu
esMhJ-gstkw,Bowling Challenge & Street Falafel l The Baigan Vines,60330,Telugu
HkBsicEJveQ,New OnePlus 5T Hands On Impressions & First Looks,256887,Telugu
yfqXONVbGZQ,ਹਰਸਿਮਰਤ ਬਾਦਲ ਦਾ ਢੱਡਰੀਆਂ ਵਾਲੇ 'ਤੇ ਵੱਡਾ ਹਮਲਾ Harsimrat Badal Ranjit Singh Dhadrianwale The Punjab TV,82958,Telugu
z4EIRvH5YfY,शनि अमावस्या 18 नवम्बर 2017 रात चुपचाप इस जगह जला लें ये 1 दिया और बोलें अपनी मनोकामना I amavasya,27239,Telugu
KIjGEHiORXM,Karan Wahi Wants Hina Khan To Be The WINNER Of Bigg Boss 11 | EXCLUSIVE Interview,85894,Telugu
povWr5ji6Dk,ತನ್ನ ಹೆಂಡ್ತಿ ಮೇಲೆ ಅನುಮಾನಗೊಂಡು ಕ್ಯಾಮೆರಾ ಫಿಕ್ಸ್ ಮಾಡಿದ ಕೊನೆಗೆ ಏನಾಯ್ತು | chandanavana,237841,Telugu
p3TeB1GVVVM,வள்ளி | VALLI | Sun TV | Tamil Serial | Episode 1428 - 16th November 2017,156002,Telugu
48PQ3SGK34U,Kalakkapovadhu Yaaru Season 7 - 18th & 19th November 2017 - Promo 3,23073,Telugu
a1z34DSeGTg,"Theeran Adhigaram Ondru Review : Kashayam with Bosskey | Karthi, Rajul Preet Tamil Movie",86628,Telugu
Ji2s_4DFCIg,Bigg Boss Season 11 - Day 46 - 16th November 2017 - बिग बॉस,36613,Telugu
f8se638KySI,ரெய்டு பற்றி சிபிஐ அதிகாரி  Ex CBI OFFICER ABOUT SASIKALA FAMILY'S IT RAID |  K.RAGOTHAMAN INTERVIEW,96686,Telugu
VhnADBeHgqw,Udan Panam l EPI 55 - ATM at the top of 'Thamarassery Churam'..! l Mazhavil Manorama,66773,Telugu
nDOpAEW2q2w,Pal | Feat. Arijit Singh | Nawazuddin Siddiqui | Monsoon Shootout | Rochak Kohli | Vijay Varma,3117684,Telugu
XxH5yqVr6PE,டி.டி.வி.தினகரனை அதிர்ச்சியடைய வைத்த தீர்ப்பு! சிறை செல்லும்  தங்கை,17891,Telugu
4aO3Uu-pRMs,Time And Work | Part 1 | Maths New Concept (#MNC) | IBPS Clerk PRE 2017,27024,Telugu
rLlzAvlefBQ,Priyank Sharma STRIPS Infront Of Hina Khan | Bigg Boss 11,100564,Telugu
VPcH9OXjzqo,"Dangerous Khiladi 6 (Doosukeltha) 2017 Official Teaser | Vishnu Manchu, Lavanya Tripathi",219815,Telugu
eJWzfE9SbaQ,రేపు అనగా  18-11-2017 రోజున రాగితో ఈ రకంగా చేస్తే కార్తిక మాసంలో కోటి జన్మలా  పుణ్య ఫలితం,30406,Telugu
QrCpa61j8bk,स्पेशल रिपोर्ट : कोल्हापूर : कोल्हापूरच्या बेपत्ता महिला फौजदाराचं गौडबंगाल काय?,45772,Telugu
zMpjexMuKao,"Khakee Movie Super Hit Trailer #1 || Khakee Telugu Movie || Karthi, Rakul Preet || Ghibran",25957,Telugu
d9xBypgiFcI,हार्दिक पटेल के पूर्व साथी अश्विन पटेल ने बोला हार्दिक छोटा नेहरू है पानी की बोतलें बेचता था,82361,Telugu
0iSLe3GJnAU,"Muddha Mandaram - Episode 931  - November 17, 2017 - Preview",67777,Telugu
iaob8uLqt14,എല്ലാവര്‍ക്കും നല്ലതുമാത്രം ചെയ്തുപോന്നിരുന്ന അറ്റ്ലസ് രാമചന്ദ്രന്‍റെയും കുടുംബത്തിന്‍റേയും അവസ്ഥ,102197,Telugu
SpLiViK_TdU,"'காதல்' முருகன், ஐஸ்வர்யா இப்போது என்ன செய்கிறார்கள் | Settai Talkies #1 | Smile Settai",121255,Telugu
Zza3whxhB3A,Bigg Boss 11: Hina Khan to ENTER SECRET ROOM with these WILD CARDS | FilmiBeat,186588,Telugu
nwIYBdA2CU8,Underworld Dawood Ibrahim has a secret connection with PADMAVATI?,25712,Telugu
0ZcqzNh_qqI,"ഇയാളാണ് യഥാര്‍ത്ഥ ജീവിതത്തിലെ കോണ്‍സ്റ്റബിള്‍ സഹദേവന്‍,514 Km ഓടിയെത്തിയത് വെറും 6 മണിക്കുര്‍ കൊണ്ട്",52936,Telugu
lsrarJcq81I,பிரகாஷ் அதிரடி முடிவு சத்யா அதிர்ச்சி | Deivamagal Episode 16/11/,51118,Telugu
f9TOr-Y-QMA,"Bhabi Ji Ghar Par Hain - भाबीजी घर पर हैं - Episode 710 - November 16, 2017 - Best Scene",28066,Telugu
N344CxexIV8,ಶಿವರಾಜ್ ಕುಮಾರ್ ಮಗಳು ನಿವೇದಿತಾ ಸೀರಿಯಲ್ ಕ್ಷೇತ್ರಕ್ಕೆ | Filmibeat  Kannada,58273,Telugu
d5LbnkyVQqA,மிரளவைக்கும் 7 நம்பமுடியாத தற்செயல்கள் | 7 unbelievable coincidence in the world |,43735,Telugu
k1KR-JK39dk,Siva Balaji & Rajeev Kanakala Full Interview || Frankly With TNR #84 || Talking Movies With iDream,37596,Telugu
XmELYApWmCk,Believe In Love,181502,Telugu
nx2r9wUawFU,నంది కాదు నందమూరి అవార్డులు... | Mega Fans Angry on Nandi Awards 2014 - 2016 | YOYO TV Channel,95876,Telugu
TSblrnXKfkE,Kanam - Official Trailer | Vijay | Naga Shaurya | Sai Pallavi | Sam C S | Lyca Productions,844903,Telugu
Lt46fYe7ul4,சற்று முன் சிக்கியது ஜெயலலிதா உயில் | Jayalalitha poes garden இல்லத்தில் முக்கிய ஆவணங்கள் கிடைத்தன,273326,Telugu
zX65xRqH-S4,अब तक का सबसे बड़ा खुलासा | Education System in India | Case Study by Dr Vivek Bindra,270021,Telugu
14Hehc661uc,TOUR PARIDHAPANGAL | IT RAID Troll | Madras Central,712950,Telugu
PrOrmzAiFhI,Sudigaali Sudheer Performance | Extra Jabardasth | 17th November 2017 | ETV Telugu,1136504,Telugu
nK__yBd1z1E,IF CITIES WERE TEACHERS | RishhSome & Sadak Chhap,333663,Telugu
AjqBXw9lT2Y,Patas | 17th November 2017 | Kathi Mahesh | Full Episode 612 | ETV Plus,476636,Telugu
SQTrqeQXsi0,When Girls Prepare For A Trip | Ladies Special | The Timeliners,314983,Telugu
fZuYslUB0X0,Social Activist Devi Vs  Hyper Aadi || pawan kalyan fans || Jabasdasth Aadi || Noix Tv,553268,Telugu
qzk6MgLJ3M8,TSP's Kyun Bane Crorepati ft. Sanjay Mishra | KBC Spoof,484965,Telugu
srVPuA_ME4k,19 नवंबर शनि अमावस्या  सरसो के तेल में देख ले बस अपना चेहरा  रातोरात देखे 200% चमत्कार शनि अमावस्या,87550,Telugu
_xyudTYEglw,S3 (Yamudu 3) Movie Scenes - Surya Collects Anoop Singh Evidence To Arrest - 2017 Telugu Movie Scene,134840,Telugu
sgktTBLNgq4,Aiyaary Sizzle | Neeraj Pandey | Sidharth Malhotra | Manoj Bajpayee | Releases 26th January 2018,110723,Telugu
NeIyUdYfdP0,"Deivamagal Episode 1392, 18/11/17",525857,Telugu
EarnEgB0CO8,Andar ki baat with Be YouNick,253986,Telugu
-0N9r10xb_0,19 नवंबर शनि अमावस्या के अगले दिन बड़ा रविवार बस एक लौंग इतना आयेगा पैसा की संभाल नही पाओगे //चमत्कार,71064,Telugu
dPksin9O1sY,Uppum Mulakum│Flowers│EP# 478,328838,Telugu
qJBbYXneScs,Miss World 2017 Top 10 Announcement,103819,Telugu
Sb-SfaM2PYY,ठाणे:'जेव्हा सत्ता बदलेल तेव्हा केस तुमच्यावरही टाकणार!राज ठाकरे भाषण Raj Thackeray Speech at Thane,150285,Telugu
mdli7Ig115o,Fun Bucket | 107th Episode | Funny Videos | Harsha Annavarapu | Telugu Comedy Web Series,110023,Telugu
U5kgLCKiqtU,"आज 18 नवंबर शनि अमावस्या की रात इन 5 जगहों पर जलाएं दीपक, ऐसी खुलेगी किस्मत आप सोच नही सकते",56180,Telugu
dwq3i92NDMQ,അവതാരകയുടെ നിക്കറിൽ ചിലന്തി കയറി  നിക്കർ ഊരി കളഞ്ഞു അവതാരിക |,156131,Telugu
MKlFmkCtNUc,RAVANA BRAHMA Unknown Facts | Interesting Facts About Ramayanam in Telugu | Vikram Aditya | EP#94,141789,Telugu
WCbfcSnmOn8,സുന്ദരി നടി സംവൃത തടിച്ചത് കണ്ട് ആരാധകർ ഞെട്ടി | Samvrutha Sunil New Look Gone Viral,50621,Telugu
V77J2lRRLLI,Swathi Chinukulu | 18th November 2017 | Full Episode No 1314 | ETV Telugu,81196,Telugu
15HYrLtKn2w,"CID - सी आ डी - Episode 1227 - 17th November, 2017",270323,Telugu
4DkmeKhKtC0,Bigg Boss Season 11 - Day 47 - 17th November 2017 - बिग बॉस,111207,Telugu
QUCI0HQUGbw,"Kundali Bhagya - कुंडली भाग्य - Episode 94  - November 20, 2017 - Preview",188378,Telugu
R_dq3gjymLg,THE CHOICE IS YOURS | BLACK SHEEP | TVF PITCHERS IN TAMIL,89197,Telugu
p7KXTgCvjr4,Bithiri Sathi On Agriculture Work | NITI Aayog Survey On Rural Women | Teenmaar News,191491,Telugu
_EGxDujtQyQ,ఈ రోజు కార్తీక మాస చివరి అమావాస్య ఈ స్తోత్రం వింటే శివుడి అనుగ్రహం పొందుతారు..! Sivudu Stotram,97711,Telugu
2yN04AjT-cs,WHEN YOU HIT A WOMAN | Sham Idrees,187440,Telugu
lrpZSm1eqOY,"राज ठाकरे यांचे ठाणे येथून संपूर्ण Live भाषण भाग २, Raj Thakray live speech from Thane",43559,Telugu
1lqNyhiHKiI,ஜெயலலிதாவின் அறை தவிர சல்லி சல்லியாக சலித்த அதிகாரிகள்-வீடியோ,53989,Telugu
oiZ8p7rMt7I,அம்மா வீட்டில் கட்டு  கட்டாக பணம் நகை சிக்கியது/ வருமான வரித்துறையினர் அதிரடி /அதிமுகவினர் அதிர்ச்சி,36351,Telugu
gLT0q47fKYw,18 November 2017-The Hindu Editorial News Paper Analysis- [UPSC/SSC/IBPS] Current affairs,46247,Telugu
2IKely-eEPU,Rani Padmavati के Jauhar Kund से NMF News की पड़ताल | MUST WATCH !!!,22542,Telugu
HACZRoTvxs4,Bigg Boss 11 Crazy Reactions | Bigg Boss EX Contestants And TV Celebrities Reaction On Bigg Boss 11,263592,Telugu
vuGiHHSJ77Q,அமாவாசை அன்று அனைவரும் கட்டாயம் செய்ய வேண்டியவை...,23024,Telugu
RlX2wG93AMA,அம்மாவின் அறையை சோதனையிட நாங்கள் அனுமதிக்கவில்லை: ஜெயா டிவி சிஇஒ விவேக் | Poes Garden | IT Raid,66247,Telugu
Fbb5mtIxuc0,లెజెండ్ మూవీపై సెన్సెషనల్  కామెంట్స్ | Debate On Nandi Awards Controversy | Kathi Mahesh |10TV,198163,Telugu
L0fNL2f9bds,మళ్లీ వార్తల్లో నిలిచిన వెంకటేష్ కూతురు || Venkatesh Daughter Ashritha #9Roses Media,101847,Telugu
OmfkatEvoiM,"En Aaloda Seruppa Kaanom Movie Review - Dumbest Review | Anandhi, Thamizh | Smile Settai",46888,Telugu
I8epygi1VNg,"Jan Gan Man Ki Baat, Episode 152: Moody's Ratings Upgrade and Media Freedom in India",132252,Telugu
vlf8B35qdww,Theeran Adhigaram Ondru review by prashanth,181493,Telugu
h5XEfrEYcl0,"Aaj Ki Baat with Rajat Sharma | 17th November, 2017",121733,Telugu
pAbwRN2eU_Y,18 नवंबर शनि अमावस्या चुपचाप यहां रखे 5 रुपए इतना आयेगा पैसा की संभाल नही पाओगे- देखें 200% चमत्कार,45194,Telugu
r71I00XmLbM,Manushi Chhillar from Haryana wins Miss World 2017,13450,Telugu
E3lttmoJJlI,"आज है शनि अमावस्या - साल का सबसे बड़ा शनिवार - सरसों के तेल का एक दीपक, चमका देगा किस्मत",53923,Telugu
DSkNMg2b9w0,Manushi Chhillar Crowned Miss World 2017 | Indian Beauty Wins Miss World Crown After 17 Years,21667,Telugu
b0ks6zuBpRI,Tammareddy Bharadwaj about Nandi Awards 2017 | Tammareddy : What's Truth? What's Fake?,55202,Telugu
F-w1aoHZxVs,The Biggest Ever Surprise By Adda247!!!!,11863,Telugu
30SS8jYIDuU,Udan Panam l EPI 56 - 'Ammakkutty of Chooral Mala'..! l Mazhavil Manorama,66514,Telugu
GFNvoGy49Tg,ಬಿಗ್ ಬಾಸ್ ಮನೆ ಬಿಟ್ಟು ಐದನೇ ವಾರ ಆಚೆ ಬಂದ ಸ್ಪರ್ದಿ ನೋಡಿದ್ರೆ ಶಾಕ್ | kannada big boss fifth elimination,61926,Telugu
YUHr4T_60N0,Parasparam General Promo,88497,Telugu
tYsC5FylJNI,வள்ளி | VALLI | Sun TV | Tamil Serial | Episode 1429 - 17th November 2017,172765,Telugu
sHcDkrawVVs,Hina Khan Is A Disappointment Says Ex Bigg Boss Contestants Keith Sequeira And Rochelle Rao,139059,Telugu
734OGrGvK34,Jazz Cinemas: How did Vivek became CEO? | History of Jazz Cinemas,60694,Telugu
EYM_kGPMaI8,ఈ రోజు ఈ కథ విన్నవారికి  అష్ట ఐశ్వర్యాలు | Poli Swargam Story | Karthika Masam | Eagle Media Works,23022,Telugu
9P2A2mbRmj0,डेरा सच्चा सौदा की पूर्व साध्वी सुमिनदर कौर का सबसे बड़ा ख़ुलासा,23350,Telugu
6RkjyIXzErA,"Mission IAS : 18 November, 2017 The Hindu Daily Editorial Discussion",28634,Telugu
squUyFDngx8,OnePlus 5T Smartphone Unboxing & Overview with Camera Samples,203244,Telugu
eR7s3qyhdrA,"फारूक अब्दुल्ला को पाकिस्तान से तमाचा, to go to Pakistan media reaction on Farooq Abdullah",77134,Telugu
5UpXnyq4WAU,Jr NTR Reaction On Nandi Awards Will Shock You | Nandi Award Winners | Tollywood Updates | NewsQube,208820,Telugu
DAVkiCl4AHc,Nandamuri Balakrishna Responds  On Nandi Award | ABN Telugu,105261,Telugu
bwxR_PMuKuk,Hamari Rani Ki Backchodi Dekho (Pranks In India),97930,Telugu
DT3MTn9NsUo,QUESTION OF THE YEAR (QNA) | #AskRawKnee,35023,Telugu
N0aZTygjo_s,Current Affairs Live 2.0 | 18 Nov 2017 | करंट अफेयर्स लाइव 2.0 | All Competitive Exams,14926,Telugu
GFgTQf-1J_Y,Kasam Tere Pyaar Ki Full Episode 17th November 2017 Updates,104636,Telugu
8dvVnoGq8gA,रुबिका ने कांग्रेसी को चिल्लाया कैसे लोग हो क्या देश से नफरत करते moody's rating on India,61988,Telugu
vXPwo3Ck8B4,"LIVE Raj Thackeray Speech at Thane, MNS Sabha 18/11/2017-TV9",44008,Telugu
LuqEs0wRHos,Balayya Reacted On AP Nandi Awards Controversy | Nandamuri Balakrishna | YOYO Cine Talkies,116603,Telugu
aRDrGD04PXY,18 नवंबर शनि अमावस्या इन 6 राशियों की ऐसी किस्मत खुलेगी की ये सोच भी नही सकते,40644,Telugu
lprgKLNWdAg,Kaathu Kaathittu Official Video Song HD | Paipin Chuvattile Pranayam | Neeraj Madhav | Dharmajan,169793,Telugu
tZlDG_ughsw,राम मंदिर पर फिर राजनीति शुरू रविश कुमार का ज़बरदस्त विश्लेषण,69845,Telugu
lHrZY2bA6ts,Theeran Adhigaaram Ondru Review | Karthi | Rakul Preet Singh | Ghibran | Vinoth | Selfie Review,39850,Telugu
WJ65IXee3E4,జగన్‌పై ప్రధాని నిఘా| PMO eye on ys jagan prajasankalpa yatra,81979,Telugu
g4R7MiDUai0,Audiance Counter to Kathi Mahesh |Karthi Kakhi Review | Kathi Mahesh |Aone Celebrity,81450,Telugu
H7ASUQWcyKI,JUST ANOTHER NIGHT OUT..!!,19418,Telugu
FT8k0VVjLek,Renu Desai Gives STRONG COUNTER to Kathi Mahesh | Latest Celebrity Updates | News 90,37063,Telugu
iqY6FEgocgI,"Kalyana Vaibhogam - Episode 146  - November 20, 2017 - Preview",59471,Telugu
mYNsupDKazo,"#505 Airtel 5G, WhatsApp Switch, Oneplus 5T, You Missed, Mi Store, Facebook Creator, Vivo V7",70908,Telugu
prELPu26Hvc,Nallamalupu Bujji Fires On Nandi Award Jury Members | TV5 News,49127,Telugu
YKCXOeY5fQM,Priyadarshan Deka Sings Yaad Aa Raha Hai  Sneak Peek  The Voice India Kids   Season 2  Ep   4,15361,Telugu
_IHniuVOFBU,ಹೆಂಡತಿ ಚಿಕ್ಕಮ್ಮನಿಗೆ ಗುಮ್ಮಿದ್ದು | Kannada health tip's | lifestyle Kannada,113860,Telugu
Uq3zy7ODnQg,Hero Siddharth Extraordinary Answer On His Controversies In TFI | Fantastic | TFPC,50323,Telugu
JgRlhZoELQ0,அறைகள்  செக்  பண்ணும்போது  கிடைத்த  முக்கிய  பொருள்கள்  latest jayalalitha poes garden raid news,15276,Telugu
B1FwxlEUprw,Tumhari Sulu Movie Review by KRK | Bollywood Movie Reviews | Latest Movie Reviews,61039,Telugu
m1PDqdLQMv8,Miss World 2017 Top 5 Question and Answer,2359156,Telugu
Zzs6wTGDD2A,Girliyapa's Truth Or Dare With Husband,334400,Telugu
PgEDv6cUHbg,Naa Show Naa Ishtam |  Mangli | 18th November 2017 | Full Episode 106 | ETV Plus,321376,Telugu
8r9FLxHelRg,Neelanjana Ray Performs On Tere Liye | The Voice India Kids | Episode 3,286244,Telugu
xgGDV5CrdC4,"Jabardasth - జబర్దస్త్ - 23rd November 2017 - Jabardasth 250th Special  - Hyper Aadi,Adhire Abhi",774761,Telugu
QX0E4k5Z_HA,ஜெ அறையை திறக்க முடியவில்லை:காரணம் இதுதான் Jaya's door could not open:Reason is this,124065,Telugu
YZ5txqs-1mc,RK Open Debate With Tollywood Celebrities Over Nandi Awards Controversy | Part 1 | ABN Telugu,223473,Telugu
GFCe3L4g2NM,Kathi Mahesh Shocking Comments On Balakrishna LEGEND Won 9 NANDI AWARDS,143099,Telugu
WUrhLdaY0do,Hyper Aadi Vs Kathi Mahesh || Kiraak RP sensational comments - TV9 NOW,973092,Telugu
5if38K4wbb4,போட்டி போட்ட ஜூலி காரி துப்பிய Kala master !,134238,Telugu
O7SyrJCf2ck,Jr NTR and Ram Charan in SS Rajamouli multi starrer? - TV9 Entertainment,101298,Telugu
YoGfzrxCQoo,Genes | 25th November 2017 | Latest Promo,483133,Telugu
Q0YfHwPoQLw,Jawaan Telugu Movie Songs | Bangaru Song Trailer | Sai Dharam Tej | Mehreen | Thaman S | BVS Ravi,87096,Telugu
53drM6OPyXU,ठाणे : मनसे अध्यक्ष राज ठाकरेंचं UNCUT भाषण,115579,Telugu
uNiHqAbM4Zo,Review On Bigg Boss 11: DANGAL Between Hina Khan And Shilpa Shinde! Part 3,127052,Telugu
cCO_G-L7bpA,వామ్మ్మో విశాఖ లోకి గ్రహాంతరవాసులు వచ్చాయి చూస్తే షాక్ అవుతారు|| MY TUBE TELUGU,195129,Telugu
KtQGYCrTxWI,"CID - सी आ डी - Episode 1228 - 18th November, 2017",209200,Telugu
8NHxiPrukS0,The Biggest Surprise by Adda247 is Here | Get Bank PRIME for Rs. 999,29279,Telugu
a2Q_XBVW16A,Durga | Full Ep 919 18th Nov 2017 | Odia Serial - TarangTV,82467,Telugu
xHLPSa78o74,Poes Garden என்ன கோயிலா? Pazha Karuppaiah | Mega IT Raids Jayalalithaa's Residence | Sasikala Family,83419,Telugu
BbF4mQtyCLU,🔴[Live] Dhura (Sangrur) Kabaddi Tournament 18 Nov 2017,231198,Telugu
NqLO0KwkRNg,"Sai Dharam Tej Excellent Speech @ Jawaan Movie Pre Release Event || BVS Ravi , Mehreen Pirzada",71566,Telugu
sqwfgvhDaRI,బిచ్చగాళ్ళాను  పట్టిచ్చి డబ్బు సంపాదిస్తానంటున్న రాజుగాడు .. కోపానిక్చిన గంగవ్వ || Dethadi Gangavva,111100,Telugu
tcnfyjdp0PA,WORK LESS PROFIT MORE BUSINESS (HINDI) - E MYTH ANIMATED BOOK,64202,Telugu
6VTkUDQMzx8,RANA in BACK - राखी सावंत को उपदेश राणा का संदेश - फिल्म पद्मावती को लेकर,65312,Telugu
b4iO9QSPNso,Weekly Rasi Phalalu 2017 November 19th - November 25th  2017,28398,Telugu
pKqow0ggNiQ,Hilarious Vine Combo 7 || Hyderabadi Comedy || Warangal Diaries,45146,Telugu
CkiePYEjIjk,From Priyanka chopra to Manushi chillar Miss world from India 2017,220786,Telugu
ZLHWcpH6qx0,KABOKLEI ENAOCHA On Manung Hutna 18 November 2017,23438,Telugu
WlQS7RPTO6U,Thatteem Mutteem I Ep 266 - World Men's day...!! I Mazhavil Manorama,69878,Telugu
VhSiLkpuWJE,ലൈംഗിക അവയവങ്ങളെ  ഉത്തേജിപ്പിക്കുന്ന വയാഗ്ര പ്രകൃതിദത്തമായി ഉണ്ടാക്കാം,62274,Telugu
giJwDCUinns,హైపర్ ఆది టీవీ9 ఇంటర్వ్యూ పై నాగబాబు ఏమన్నాడంటే !! | NagaBabu Reaction On Hyper Aadi Vs Mahesh Kathi,63493,Telugu
HclxVbTn0jo,The Big Fight: The Big Row Over Padmavati,39020,Telugu
8K9MEtGfS3I,"Manushi Chhillar (Miss World 2017) Lifestyle, Boyfriends, House, Education, Family and Biography",123761,Telugu
u81TSWKd8Wg,Vedha Illam IT Raid Atrocities | Deepa - TTV - Jayakumar | Video Memes,45531,Telugu
hMZTEJed4qo,"19 November, 2017  Prelim Booster News Discussion",17671,Telugu
aOuIUS4BnQI,India's Manushi Chillar Wins Miss World 2017,33636,Telugu
qzq8mZGbJos,लगातार 7 दिनो तक रात को सोने से पहले थोड़ा सा गुड़ खाएं और देखें इसका कमाल benefits of jaggary,62256,Telugu
kDVye4KnjRU,ലാൽമാജിക്ക് കണ്ട് സൽമാൻഖാനും കണ്ണുതള്ളി | Mohanlal | Salman Khan | ISL Inauguration at Kochi,81910,Telugu
SFjHDaVXL0Q,टेस्ट जीतने के लिए श्रीलंका की बेईमानी.. कैमरे में कैद हुई करतूत,126419,Telugu
gAcs_Kxqd-g,Naachiyaar Teaser Issue| ஜோதிகாவை ஒதுக்கி வைத்த குடும்பம் சூர்யா என்ன செய்தார் தெரியுமா,46401,Telugu
lGHQQOx2eMA,"Lagira Zhala Jee - लगिरा झला जी - Episode 177 - November 18, 2017 - Best Scene",65690,Telugu
bX4lYE_fxjE,AgniParitchai:வீடியோ கேசட் வாடகைக்கு கொடுத்த சசிகலா குடும்பத்திற்கு இவ்வளவு சொத்துகள் வந்தது எப்படி?,84043,Telugu
4yryFBQC0DE,"वरिष्ठ पत्रकार वेद प्रताप वैदिक ने देखी 'पद्मावती',कहा,'फिल्म में कुछ भी आपत्तिजनक नहीं '",20759,Telugu
CfgwsIXO-S8,Speed Test Discussion | ST NO. 130 | Maths | IBPS Clerk PRE 2017,31270,Telugu
x5zFyEeFLYQ,"Taarak Mehta Ka Ooltah Chashmah - तारक मेहता - Ep 2340 - 17th November, 2017",102324,Telugu
R4Jk8aqpY7w,Pawan Kalyan Strong Comments On Nandi Awards - Vaartha Vaani,26782,Telugu
4r4rErKcQeU,ANUGRAH TV- 19-11-2017 Sunday Meeting Live Stream,12808,Telugu
b4f4QhBkD7A,Bure Kaam Ka Bura Anjaam || Kiraak Hyderabadiz Funny Video || Kiraak Comedy,66032,Telugu
TTtGCLyCXjo,కుమార్తెలతో తెలుగు హీరోలు | Tollywood Heros And Their Daughters | Film Report,14606,Telugu
FVM9wklD73A,జగన్ ని తిట్టిన ఆనం వివేకానంద పరిస్థితి ఎలా ఉన్నదో చూడండి Anam vivekananda reddy  | Cinema Politics,57575,Telugu
jFFkAYxFwTY,पद्मावती विवाद पर ये क्या बोल गए अखिलेश यादव,54254,Telugu
cp4D-t5IqMw,ಜೋರಾಗಿ ಹೊಡಿಯೋ ನನ ರಾಜಾ ? 2 Kannada health tip's | lifestyle Kannada,53967,Telugu
6iYUCAHPKlo,షాకింగ్: పెళ్ళికి ముందే తల్లి కాబోతున్న సాయి పల్లవి   రీజన్ ఇదే  ! || Omfut,25951,Telugu
auvvez3zxxA,"Muddha Mandaram - Episode 933  - November 20, 2017 - Preview",113922,Telugu
vtonIUVsABQ,"BIGGBOSS 11 18 November 2017 Day 48 Arshi व Shilpa आपस में बात करते आए नजर, Hina पर किया गन्दा वार",40956,Telugu
D9IZgUSm4WQ,"29 November-इन 5 राशियों को मिलेगी बड़ी खुशखबरी,30 नवंबर को होगा भाग्य बुलंद,रातोरात देखे चमत्कार।",27752,Telugu
nmKS2r6pXBA,"Bhabi Ji Ghar Par Hain - भाबीजी घर पर हैं - Episode 711  - November 17, 2017 - Webisode",117177,Telugu
iE_AHSiQQvQ,ಸಿದ್ಧರಾಮಯ್ಯ ಹೊಸ ಮಾಸ್ಟರ್ ಪ್ಲಾನ್ | ಕರ್ನಾಟಕದಲ್ಲಿ ಬಾರ್ ಗಳು ಬಂದ್  | Oneindia Kannada,47859,Telugu
vy42ssvz8Js,Taal Thok Ke: Reason behind dispute over Padmavati | पद्मावती के खिलाफ विवाद क्यों?,35178,Telugu
OWYvI898PQE,तुला राशि वालों के लिए 19 नवंबर - 25 नवंबर का राशिफल,17352,Telugu
iq9iV_p99ug,The Great Indian Laughter Challenge | Funny Wedding Stories,32228,Telugu
dXO8sV8w-b8,(18/11/2017) Kelvikkenna Bathil | Exclusive Interview with Actor Prakash Raj  | Thanthi TV,89975,Telugu
Pm2OzGamZa8,Salman Khan IGNORES Katrina Kaif & Leaves With EX Girlfriend Iulia Vantur,56288,Telugu
dvtetdiY-2M,"Padmavati debate: Karni Sena founder answers questions, says 1 dec ko Bharat Bandh hoga",43939,Telugu
UeJZhji9Eek,Best Of SRJ - Shahrukh Khan || Shudh Desi Endings,61017,Telugu
57OIa0UO0Uw,Sunil Grover’s FUNNY Reaction On Kapil Sharma’s Firangi Movie,22744,Telugu
z4hwv828ny4,ஹார்டு டிஸ்க்கில் லம்ப்பாக சிக்கிய  சசி  பினாமிகள் பட்டியல் பகீர் தகவல்,11115,Telugu
RVpnz8mbVDI,Jaisi Karni Waisi Bharni - | Lalit Shokeen Films |,354747,Telugu
CfZSYm-mFgI,Bomma Adhirindhi Song Trailer | Jawaan Telugu Movie Songs | Sai Dharam Tej | Mehreen | Thaman S,265324,Telugu
7mfyIUI0EVs,கலா மாஸ்டருடன் நடனம் அசிங்கப்பட்ட ஜூலி!!,232042,Telugu
7QG_CJGVxc4,জেঠীর অকাল প্রয়াণে একি অবস্থা রাখির|rakhi bandhan serial actress rita koiral|kritika chatterjee,124426,Telugu
BjQaJPCpTso,Priyadarshan Deka Performs on Yaad Aa Raha Hai | The Voice India Kids | Episode 4,303964,Telugu
bEump0zeN1c,"Extra Jabardasth Promo | 24th November 2017 |Extra Jabardasth Latest Promo | Rashmi,Sudigali Sudheer",824786,Telugu
rewrhR1sKx8,Song Teaser: Ik Kahani | Gajendra Verma | Vikram Singh | Ft. Halina K,154428,Telugu
xsbLtHql4g8,Mersal - Aalaporan Thamizhan Tamil Video | Vijay | A.R. Rahman,1722855,Telugu
fFk2cIgDLnw,क्या आपको पता है की मोमबती को देखने से क्या-क्या होता है ? | Benefits of Trataka - Change Your Life,133321,Telugu
yNIEkWQkPu4,Naa Peru Meenakshi | 20th November 2017 | Full Episode No 883 | ETV Telugu,144182,Telugu
jjn26SndxBM,சந்திரலேகா | Chandralekha | Sun TV | Tamil Serial | Episode 944 Promo,112301,Telugu
Fq9hla8ugX4,ఐస్ క్రీమ్ కోసం గంగవ్వని సతాయించిన రాజుగాడు || Dethadi News || Dethadu Gangavva,161754,Telugu
iJx1nU2ju-M,Practical Exam |  Random Videos #3 | Black Sheep,106840,Telugu
dh2IPikoM7k,Condom | Comedy | Message,29665,Telugu
fNLIUQVyQmQ,Kathi Mahesh Speech @ Mental Madhilo Movie Pre Release Event | TFPC,89043,Telugu
YFB6IOTEN7M,నాగార్జున సోదరికి అతనికి ఉన్న సంబంధం ఏంటో తెలిస్తే షాక్ | Nagarjuna Sister naga Susheela Facts,53156,Telugu
5y7AJm8WbDs,ஜெ.வீட்டில் கைப்பற்றப்பட்ட கம்பியூட்டரில் நாங்கள் தேடிவந்த ஆதாரங்கள் கிடைத்துவிட்டன  மேலிடத்தின் சதி,66892,Telugu
lplrTS5ONlg,5th day IND vs SL 1st test: Shami gets angry on Dikwela at Kolkata | Headlines Sports,208794,Telugu
IoW3IyPiVLc,#சின்னதம்பி - 20th to 24th November 2017 - Promo,116962,Telugu
hMZP19GEZmQ,Benafsha Soonawalla ABUSES Hina Khan | Bigg Boss 11 | EXCLUSIVE Interview,107338,Telugu
7jBuObyGyVk,Reasons Behind Why Comedian Brahmanadam Earned Money more Than Megastar,84433,Telugu
oYmaZa5UyUM,Arjun Reddy Full Video Songs | Madhurame Full Video Song 4K | Vijay Deverakonda | Shalini Pandey,229325,Telugu
_Jq2RX3KQQk,Ama Ghara Laxmi & Ranee | Maha Adhaya | Full Ep 20th Nov 2017 | Odia Serial - TarangTV,48063,Telugu
UYDjM7E85GE,"Padmavati पर Deepika ने खोला मुंह, कहा- Film में Ranveer के साथ कोई Scene नहीं",80449,Telugu
wkIXZWRBxXc,MY CHEATING GIRLFRIEND - | Elvish Yadav |,619501,Telugu
abdwSCHnrjI,20 November 2017-The Hindu Editorial News Paper Analysis- [UPSC/SSC/IBPS] Current affairs,50437,Telugu
fdXQAvNVFfc,పవన్ కళ్యాణ్ లండన్ నుంచి రాగానే ఎవరిని కలిసారో తెలుసా ? | Whom Met Pawan After Coming From London ?,120453,Telugu
HGCG781JWZg,"Mission IAS : 20 November, 2017 The Hindu Daily Editorial Discussion",27260,Telugu
7D79nbOz3wo,"Jacqueline Crying in Kalakkal Comedy Show Because of Vijay-சில்மிஷம் செய்த விஜய், கதறி அழுத ஜாக்லின்",770589,Telugu
q-iDX07jK60,ಪುಟ್ಟ ಗೌರಿ ತಿಂಗಳ ಸಂಬಳ ಕೇಳಿದರೆ ತಲೆ ತಿರುಗುತ್ತೆ | putta gowri madve kannada serial,30996,Telugu
s8wTyQnUq_M,ഒരു സെൽഫി എടുത്തപ്പോൾ ആദിലിനു കിട്ടിയത് ഒരു കിടിലം കാമുകിയെ !!,118449,Telugu
7UiA0ky8afg,ఇలాంటి వింతైన టెక్నాలజీ మీరు ఎప్పుడైనా చూసారా? | INFINITE VIEW,48785,Telugu
dxwQXzAIXKk,"Tech Talks #352 - Vivo V7, Xiaomi i Device, Facebook Watch, Tesla Powerbank, Dual SIM iPhone",175044,Telugu
BMRhVNC1GOM,குடிபோதைக்கு அடிமையாகி மனநலம் பாதிக்கப்பட்டு அனாதையாக திரியும் நடிகை சோனியா அகர்வால் | Kollywood,56996,Telugu
Juh9mFsGWZg,Score 30 Marks In 20 Minutes | Maths New Concept (#MNC) | IBPS Clerk PRE 2017,39973,Telugu
Klhx7PnolZI,Marimayam | Ep 327 - Medicine for hiccup I Mazhavil Manorama,42898,Telugu
bpHw9kWH4bM,"Raw Women's Champion Alexa Bliss is despondent after her loss: Exclusive, Nov. 19, 2017",285245,Telugu
cdQSWyefDUg,Commencement of International Veda Conference at Prasanthi Nilayam - 20 Nov 2017,16968,Telugu
rca4AJ-Vrdc,Anbumani Ramdoss (Part 1) - தமிழகத்தில்  ஆம்பளையே இல்லையா?  Badhil Kelvigal | Put Chutney,78542,Telugu
FYFiubhNlaY,Aishwarya Rai’s CUTE Moments With Aaradhya At Late Father Krishnaraj's Birth Anniversary,72038,Telugu
PJBQd-Nweeo,"Hina VS Vikas, Shilpa & Sapna UGLY FIGHT | Bigg Boss 11 - Day 49 | 20 November 2017 Episode Update",80664,Telugu
E1besnW-Oww,OnePlus 5T vs iPhone X SPEED Test!,328797,Telugu
l9OhLH_o-Q0,"ஜெயலலிதா வீடியோ சிக்கியது !? சிக்கியது ஹார்டு டிஸ்க்  ! Poes Garden, Sasikala",73188,Telugu
0um0fXcBPNY,Raja Rani Serial Today 20-11-2017 Episode - 125,106257,Telugu
UF6Ott3X-g4,Captain Vijayakanth - Madai Thiranthu 100th Special Interview,141614,Telugu
zoSbFxs56Q8,Weekly Reliv | Taarak Mehta Ka Ooltah Chashmah |13th November to 17th November 2017 |Ep 2336 to 2340,278736,Telugu
EkoJt-eXAA0,"BiggBoss 11 Priyank Hina पर Benafsha का चौंकाने वाला बयान.बताया Favourite TOP 3 Shilpa, Hiten, Vikas",84583,Telugu
pFol9N2CQAM,Shrimad Bhagwat Katha || Day - 2 || Ahmedabad,18483,Telugu
vdOQw9NJJWU,బాలయ్య చేసిన పనికి కన్నీళ్లు పెట్టుకున్న ఉదయభాను ...అసలు ఏం జరిగింది | Udaya Bhanu about Balakrishna,139755,Telugu
VpPAC1hvVJU,Jabardasth Kiraak RP Strong Warning to Kathi Mahesh  | కిరాక్ ఆర్ పీ పంచులు | News 90,37577,Telugu
gz6QKWPpMIU,Ram Mandir के नाम पर किया 1400 सौ करोड़ का घोटाला | Yogi Ne Kiya Ram Mandir Ke Naam Par 1400 Coror Ka,57396,Telugu
VAuF8PRCY58,Lag Jaa Gale | Cover | Shweta Mohan Feat. Stephen | Tribute To Lata Mangeshkars 75th Year I HD Video,184004,Telugu
VTkFfX_t9kM,கலா மாஸ்டரிடம் அசிங்கப்பட்ட ஜூலி|Bigg Boss Tamil Julie|Julie Insulted By kalaingar Tv,85321,Telugu
GubpY7QotGY,"#506 iPhone Dual Sim, Vivo V7, Aadhar OTP to SIM, Padmavati, Note 5, ROG Strix, Op3 8.0, Vivo V7",64344,Telugu
7IJD2Y35Vcs,నాగార్జున - ఆర్జీవీ చిత్రం ప్రారంభం | Nagarjuna and Ram Gopal Varma New Movie Opening | TV5 News,34244,Telugu
XVqU5EtjAtA,NAGAKANYAKA 2 | Today at 8 PM | Surya TV,8632,Telugu
x3O_aBWrqFc,Shah Bhai Wedding Planner | Hyderabadi Comedy | Kantri Guyz,18355,Telugu
QjLXhkjljbc,9 PM | ETV Telugu News | 20th November 2017,78791,Telugu
7ScAjZRJQSA,RANGBIRANGI | AVALANDA CHANDA VIDEO SONG| KADRI MANIKANTH | MALLIKARJUN MUTTALAGERI | SHANTHAKUMAR,17852,Telugu
kbLwpZU_xjk,জেনে নিন সাত ভাই চম্পা ধারাবাহিকের সাত রানির আসল পরিচয়! Meet the Seven Queens of saat bhai champa,11816,Telugu
xpPDYkJbi08,हमलोग : फिल्‍म 'पद्मावती' पर खिंची तलवारें,19495,Telugu
RFXA9dhxt6g,IT Raid: Jaya TV & Namadhu MGR are going to be sealed ?,57523,Telugu
gu_cSXf1zGo,Official Trailer: Sallu Ki Shaadi | Movie Releasing on 8th December,700458,Telugu
ywrCdTQqOu0,Kathi Mahesh Says JAI PAWAN KALYAN @ Mental Madhilo Movie Pre Release Event | TFPC,333565,Telugu
gXiJM445mYM,"Braun Strowman warns everyone about the repercussions of double-crossing him: Nov. 19, 2017",360407,Telugu
AzaQlmMFtG0,Actress Bhavana's ANGELIC ENTRY at Jyothi Krishna wedding - Celebrities,108314,Telugu
cQhv1m0ULSo,Who is Padmavati ? Complete Info Here ! | History of Rani Padmavati ! | Deepika Padukone,17297,Telugu
FpPNdAyqrJs,Benafsha Soonawalla ने खोले BIGG BOSS के घर के चौका देने वाले राज | Benafsha’s Exclusive Interview,273793,Telugu
xDJCriMpLWI,Vandrani Dharpakad ||Dhirubhai Sarvaiya ||New Gujarati Jokes 2017,47859,Telugu
0VlKmwIZxDI,2.5 லட்சம் கோடி சொத்து |Tamil News|Tamil Latest News|Sasikala News|,23212,Telugu
LuswB7sAvyo,Chalak BoyFriend- Amit Bhadana,2952150,Telugu
Ehgj5ZPCS04,Tum So Gaye The Nah? - Zakir Khan,549422,Telugu
KSD5Gn5s7wE,Semma Botha Aagathey - Official Trailer | Atharvaa | Yuvan Shankar Raja | Badri Venkatesh,312817,Telugu
Zyfhxlaeihg,Date Spoilerz ft. Ashish Chanchlani | The Timeliners,849441,Telugu
zQD5NLOQWoE,"Visiri - Official Trailer | Vetri Mahalingam | Ram Saravana, Raaj Suriya | Ramona Stephani",241769,Telugu
Ie_su59U1Tk,Balle Balle - Money Aujla || Latest Punjabi Songs 2017 || Pav Dharia || Kumar Records,244350,Telugu
U3vOQIOTa9I,சற்று முன் லீக் ஆன இரட்டை இலை சின்னம் குறித்த தீர்ப்பு,372786,Telugu
iXaiTgxQyXY,Oye Firangi | The Kapil Sharma Show Season 2 Coming Soon | 25th November At 9 PM | Promo,135477,Telugu
lAgw1ptL3Yo,మా పాప మెడికల్ సీట్ కోసం చిరంజీవి గారి ఇంటికి వెళ్తే ఆయన అన్న మాట - Rajasekhar | Frankly With TNR,499706,Telugu
sNbGY2GYFlI,ये 2 पत्तियां चेहरे को कभी बूढ़ा नहीं होने देंगी//,403099,Telugu
nPkBVb9Rf7U,Bithiri Sathi Turns As Student | World Telugu Conference | Teenmaar News | V6 News,232520,Telugu
Hv03nRrmkMM,Ranveer Singh Reply To Karni Sena | Ranveer Singh Reaction On Padmavati Controversy,455787,Telugu
_lJ8TDEX_jM,Uppum Mulakum│Flowers│EP# 480,369771,Telugu
BOw5RtQGbYY,College vs Office Life || Mahathalli,180001,Telugu
PXXy6C60SUI,Dirty Mind Hindi Test - The BOB Challenge 3 - Sid,145915,Telugu
sjL64hmQeYU,Smriti Irani ने शाहरुख़ खान को ऐसे बताया की Modi सरकार कितनी tolerant है. शाहरुख़ खान के होश उड़ गए,212024,Telugu
SwSnoB3Wgr4,"Konchem Touch Lo Unte Chepta Season 3 - Reventh, Lipisika, Ramya Behara Promo - Pradeep Machiraju",311546,Telugu
NxQaVoDhiNs,சாலையில் மீன் விற்றால் சுனாமி வரும் | Tv Potti Epi 05 | Black Sheep,121266,Telugu
XvkVErtEfjM,Naa Peru Meenakshi | 22nd November 2017 | Full Episode No 885 | ETV Telugu,146533,Telugu
ubAZZ-FvHNA,Debate on #Posani Krishna Murali Comments on Nandi Awards | 10TV,147654,Telugu
Zx67ZfaeSaQ,కోడి గుడ్డు కోసం బిత్తిరిగాడైనా రాజుగాడు .. పరేషాన్ల పడ్డ  గంగవ్వ || Dethadi Gangavva || TV1,243470,Telugu
Iilm9IeFGho,kids special शरारती बच्चे परेशान मास्टर राजस्थानी हरयानवी कोमेडी,137104,Telugu
gymzCLP7tNQ,"Kundali Bhagya - कुंडली भाग्य - Episode 96  - November 22, 2017 - Preview",276530,Telugu
LeY_oo4Yprg,"Taarak Mehta Ka Ooltah Chashmah - तारक मेहता - Ep 2342 - 21st November, 2017",120127,Telugu
Q5i8x7ryIjg,"आज का राशिफल 22 नवंबर 2017,बुधवार।बुध चतुर्थी के दिन 5 राशियों को...?।Aaj Ka Rashifal/AstroMitram",93785,Telugu
2UeYokxy5vg,Dhanush Leaked Video !!! | Settai Talkies #2 | Smile Settai,87988,Telugu
1lwI9JJh84Y,Even Ajith was affected like this : Suseenthiran Speech | Sasikumar cousin Ashok Death,90286,Telugu
28tzhXU_kI8,"Talk to the Pant (W. Sahil Shah): Depression, Religion, Passion & Less",83379,Telugu
1HP2UKtvRXs,Yes or No | 25th November 2017 - Promo 1,121773,Telugu
1T2ISZ7s23U,TRS Youth Leader Srinivas Reddy 3rd Wife Devi Face to Face | Raj News Telugu,85524,Telugu
AQ9HkEJ6shU,Patas | 22nd November 2017 | Full Episode 616 | ETV Plus,112813,Telugu
vQXEG71PJo0,Posani Sensational Press Meet on Nandi Awards Controversy | Posani Krishna Murali | NewsMax Telugu,56586,Telugu
ZnaLe0NHGFg,TSP's Bonnet Pe Charcha ft Harsh Beniwal | E03 - Gym vs Yoga,291027,Telugu
I5XdwBzlFgw,D4 Junior Vs Senior I EP 88 -  Meet the final 8 I Mazhavil Manorama,100744,Telugu
icFU7qiRGHE,Top 100 | Error Detection |  English Power Rangers (EPR) | IBPS Clerk PRE 2017,44790,Telugu
9JdcGeJkntc,Madras Central Mashup | Madras Central,361281,Telugu
lMll5K9-cB8,Ama Ghara Laxmi & Ranee | Maha Adhaya | Full Ep 21st Nov 2017 | Odia Serial - TarangTV,63398,Telugu
TjGbyr6UwQw,Anupama Married! Who is Her Husband?,81806,Telugu
PxSup7h97m0,Mana Mugguri Love Story Episode 3 | Tejaswi Madivada | Navdeep | Adith Arun | YuppTV Originals,350175,Telugu
EPQu-5oz-jA,Kalyanam - Conditions Apply | Web Series Teaser | Mirchi Senthil & Sreeja,22165,Telugu
EpgpSJDW4dI,"Jan Gan Man Ki Baat, Episode 154: Meme On PM Modi and Swachh Bharat Abhiyan",88873,Telugu
fMmFZG8PQuY,Bigg Boss Season 11 - Day 51 - 21st November 2017 - बिग बॉस,75052,Telugu
R7JsP-xj0d8,History of Rani Padmavati - रानी पदमावती का इतिहास जानिए - by Dr Mahipal Singh Rathore,42725,Telugu
a2thOOVs574,KENNY SEBASTIAN: DATING RULES INDIAN GUYS NEED TO FOLLOW | Reaction w/ Angela!,96800,Telugu
dsN8trUQdbo,Posani Krishna Murali FIRES on Nara Lokesh | Nandi Awards 2017 Controversy | Telugu Filmnagar,99064,Telugu
0GLpvKLcdIU,MY FARM...MY FULZ !,90501,Telugu
uSxxrmF1c7w,"Mission IAS 2018 : 22 November, 2017 The Hindu Daily Editorial Discussion",28148,Telugu
F4AEdWCB37o,The 3 Big Mistakes of PADMAWATI :  The Inside Story,186298,Telugu
2zv8gaaAxmk,वरिष्ठ पत्रकार शेष नारायण सिंह ने भाजपाई नेता की खाल लाइव डिबेट में उधेड़ी Heated debate on Padmavati,97606,Telugu
D226FaPUQUM,"तुलसी के पौधे के पास लगा लें यह चमत्कारी पौधा, चुंबक की तरह पैसे को खींचता है ये पौधा Tulsi- YouTube",33234,Telugu
7fc5JGA4MCc,"Tech Talks #354 - Redmi Note 5, Apple Car, Drones in India, UC Browser Back, Android Location",208735,Telugu
eIuI45PEIa0,When You Hate FAZAL-UD-DIN | Sham Idrees,346780,Telugu
lWw7u_MzsKQ,MP Mallareddy meets Sangeetha and supports her || Sangeeta vs devi|| Noix life,19765,Telugu
W4ltACLykp8,How Girls Prepare for Date | Girl Formula | Chai Bisket,91132,Telugu
kSSseY4sE7A,రాధాకృష్ణ పై రెచ్చిపోయిన పోసాని ...Posani Krishna Murali Comments On ABN MD Radha Krishna..,143064,Telugu
CXWGx8d4xKM,അമ്മ സീരിയലിലെ ചിന്നുവിനെ ഇപ്പോൾ കണ്ടാൽ ഞെട്ടും  | Malavika | Malayalam Serials |,68611,Telugu
8HR0XFBK6Ec,"Phulpakhru - फुलपाखरु - Episode 165 - November 22, 2017 - Preview",51870,Telugu
v3vh0L0NqFY,ಗುಟ್ಟಾಗಿ ಮದುವೆ ಆಗಿರೋ ಅನುಪಮಾ ಗೌಡ | Bigg Boss Kannada 5  | Bigg Boss Kannada Season 5 Contestants,103783,Telugu
MFLxHtrId2Y,Why birds fly in V shape?,48049,Telugu
Gw_0YTSblOc,அசோக்குமாரின் தற்கொலை வேதனை அளிக்கிறது: சசி குமார் | அமீர் பேட்டி | Sasikumar | Ameer | Ashok Kumar,82566,Telugu
oj7njkkQ6Nw,IBPS CLERK PRE | Phrase Replacement | English | Online Coaching SBI IBPS Bank PO,26696,Telugu
pNl8xXkPJeA,Telugu TV Serial Top 10 Actresses and their Real Life Husbands |Tollywood Life,422480,Telugu
eRvFPKbQi04,Theeran - Real Bawaria Gang as brutal as in film? - Jangid IPS Reveals MT 101,98825,Telugu
iIcmFJAy7NQ,வள்ளி | VALLI | Sun TV | Tamil Serial | Episode 1431 - 21st November 2017,162222,Telugu
1BPmz8tBXyA,Justice League Spoof Motion Poster || Shudh Desi Endings,41141,Telugu
mqcQWAXUbZk,Anbumani Ramadoss (Part 2) - தகுதியில்லாத தரகர் எடப்பாடி | Badhil kelvigal | Put Chutney,74570,Telugu
H7OKwy1l0Jk,சிக்கிய பென்டிரைவ்!! ஜெ.வின்  கடைசி நிமிடம்!! சசிகலாவின் 1500 கோடி!!,90375,Telugu
RRfn1dRvchI,गुजरात के दंगों पर बुज़ुर्गों के बोल | The Lallantop,61991,Telugu
p32g56xXJuA,7 AM ETV Telugu News | 22nd November 2017,85480,Telugu
hIkn0ecQPxI,Aishwarya Rai CRIES & Lashes Out As Paparazzi Harass Daughter Aradhya Bachchan Full Video,719515,Telugu
2QceSebTfJc,ಮನೆ ಮಾರಿ ಹೆಂಡತಿಯನ್ನು ಓದಿಸಿದ ಕೊನೆಗೆ ಆಕೆ ಮಾಡಿದ್ದೇನು ಗೊತ್ತಾ | chandanavana,40660,Telugu
vw2CS_Ahpd8,Prohibition and NRI | Ashudh Gujarati | Stand Up Comedy by Manan Desai,65962,Telugu
TmGpjoTv4JI,Fraud husband Srinivas Reddy || Will Sangeetha get justice? - TV9,85976,Telugu
NZ5nZlsfbTc,Shrimad Bhagwat Katha || Day - 4 || Ahmedabad || 19-26 November 2017,23645,Telugu
3MXYmjUhsyo,Fun Bucket JUNIORS | Silver Jubilee Episode 25 | Kids Funny Videos | Comedy Web Series,32202,Telugu
b8Was1fayz0,Bholu all funny scenes || ROCKY MENTAL || New Punjabi Movie 2017,194665,Telugu
UIxlW9aySJw,3 Gante 30 Dina 30 Second Official HD Teaser I Madhusudhan | Arun Gowda | Kavya Shetty | V Sridhar,22114,Telugu
QPQnmtPYl8w,Review On Bigg Boss 11: Hina Khan ACCUSED In Bigg Boss Court! Part 1,83847,Telugu
M-TjQeyHrs8,"Lagira Zhala Jee - लगिरा झला जी - Episode 179  - November 21, 2017 - Webisode",29720,Telugu
kq5kkfvlOmY,ദിലീപിന്റെ ജാമ്യം റദ്ദാക്കുമോ? | EDITOR'S HOUR_Reporter Live,45520,Telugu
lMDd9WfnAN8,CRUSH (Teaser) | NISHANT Ft. KANIKA MANN | Latest Punjabi Songs 2017 | AMAR AUDIO,24713,Telugu
bkQ13bIMV2k,Fiqramand Padosi / Shadi pr Charcha / Irahul Vohra,59733,Telugu
i4gPI-IXSjU,How To Register G.S 7300 (English) On eBook App,37629,Telugu
HJZEp4s8sKI,"Posani Krishna Murali Sensational Comments On Lokesh, Chandra Babu Naidu | Nandi Awards Controversy",46925,Telugu
Fd8pZ8hakM0,Yamaha FZ25 : The Good and The Bad : PowerDrift,86796,Telugu
jQW0apSNm14,"Bryan answers Owens' pleas with a match against Orton next week: SmackDown LIVE, Nov 21, 2017",484715,Telugu
Sxv6FELNBNA,హైపర్ ఆది ని ఇంటికి పిలిచిన పవన్ కళ్యాణ్ ఎం చెప్పాడో తెలుసా || Pawan Kalyan  #9Roses Media,139406,Telugu
rGFrM0VV-xk,"Muddha Mandaram - Episode 934  - November 21, 2017 - Preview",169460,Telugu
guZJF32nMcw,Jani Master​ gets furious...Find out why??  #NeethoneDance Sat & Sun at 9 PM #OPPO,160351,Telugu
iIzRYZyrg8U,🔴[Live]Kandhala Jattan (Hoshiarpur) Kabaddi Tournament 22 Nov 2017,200467,Telugu
Q-4j_G1bDd8,Chuntani Lade Bachudo|| Dhirubhai Sarvaiya ||New Gujarati Jokes 2017 ||Full HD Video,46106,Telugu
tWMr935bAPc,నవెంబర్ 23 న ఈ విదంగా పూజా చేస్తే మీరు కుబేరులే | November 23 Thursday Lakshmidevi Puja| Mana Telugu,27862,Telugu
PRmkLLhEsOc,தனது தற்கொலைக்கு ஃபைனான்சியர் அன்புச்செழியனே காரணம் : அசோக்குமாரின் கடிதம்,26950,Telugu
61SJiJmu98s,மெர்சல்'ஐ பின்னுக்கு தள்ளிய தீரன் | Theeran Adhigaaram Ondru Box Office | Karthi | Thalapathy 62,51137,Telugu
v2cytZa1nXw,ਹੁਣ ਨਹੀਂ ਨਿਕਲਣਗੇ ਬਾਦਲਾਂ ਦੀ ਜੇਬ 'ਚੋਂ ਜਥੇਦਾਰ ਤੇ ਪ੍ਰਧਾਨ !,53994,Telugu
hj40PpRtpK4,Deepika Padukone bags the most popular actress on Social Media and Summit Award,65586,Telugu
XtxVwJ7e9Lg,Optional Subject and how to go about your preparation in the light of Baswan committee Report,13221,Telugu
bSN0cvIu3ZQ,శ్రీనివాస్ రెడ్డికి షాకిచ్చిన మూడో భార్య | Srinivas Reddy 3rd Wife Responds | Telugu News | hmtv,53243,Telugu
TInRePpJmaE,"Bhabi Ji Ghar Par Hain - भाबीजी घर पर हैं - Episode 712  - November 20, 2017 - Webisode",100271,Telugu
Ty9yzhgT2mc,"FilterCopy | If Straight People Were Treated Like Gay People | Ft. Aisha, Banerjee and Surbhi Bagga",278114,Telugu
XsRkmh2CdvU,Akila Priya Praises Deepika Padukone | Social Media Summit & Awards | Amaravathi | iNews,44978,Telugu
8jlXye49ib0,"Theeran Movie Friday Facts with Shah Ra | Karthi, Rakul Preet Singh | Friday Facts",55087,Telugu
wKkmHM8IFbc,7 AWESOME LIFE HACKS!,177233,Telugu
OszEm9NmhIw,Bigg Boss 11 : 5 Mistake's Of Hina Khan in Bigg Boss House,150651,Telugu
YKSOC__UU2o,Posani Krishna Murali Comments On Nandi Awards | Posani Praises CM KCR and Telangana | Telugu Adda,32758,Telugu
WZb68DCtSCw,Why Do Boys Love Girls With CURVES ? Comedy Video | IQ Test | PART 1 | Quick Reaction Team,76262,Telugu
SaWfkrDrC_w,ஜெயலலிதா கடந்த ஆண்டு டிசம்பர் 5ந் தேதிக்கு முன்னதாக உயிரிழந்து இருக்கலாம் - திமுக மருத்துவர் தகவல்,128426,Telugu
Vqn-oc7phdc,"Ravish Kumar Prime Time , जज बृजगोपाल हरिकिशन - Sohrabuddin Story by Carvan , 22 November 2017",76583,Telugu
7mqEA_7DK60,ये ४ लोग कभी आमिर नहीं बन सकते...रामचरितमानस,926696,Telugu
e1sJzAkI318,"Bhavishyavani | 22nd November, 2017",13055,Telugu
W8HAcuARR7s,अहमदाबाद कथा में पहले ही दिन पद्मावती फ़िल्म पर बरसे - देवकीनंदन ठाकुर जी महाराज,47641,Telugu
1lRQZEXNq6Y,Daily Promise and Prayer by Bro. P. Satish Kumar from Calvary Temple - 22.11.2017,15192,Telugu
3ufQ1PtCThg,சொத்து சசிக்கு பாவங்கள் ஜெயாவுக்கு | Pala Karuppaiah Interview About Sasikala Family's IT Raid,58101,Telugu
9_Pq2sTzCZM,PM मोदी पर सबसे बड़ा LIVE,40163,Telugu
p5ynBmP466M,"#507 Indigo Rocks, iPhoneX Fire, iPhoneSe, FB Save Life, Amazon Sim, Vivoactive3, Honor V10",51413,Telugu
9vHzfUkSEsk,"Masterpiece Official Teaser | Mammootty ,Unni Mukundan , Santhosh Pandit, Poonam Bajva",766469,Telugu
KQb4d9N-sQw,"Fukrapanti Students Do In Classroom Ft. Hunny, Choocha & Lali",1642514,Telugu
7qxtaZ7xa_A,BYN : Home Alone,614773,Telugu
KLMnGtoq5Oo,Jabardasth | 30th November 2017 | Latest Promo,533830,Telugu
JLi4NGNQIkE,Road Trip With Annoying Girlfriend - Vine By Funk You,219938,Telugu
v70b6o6bk3s,Picking Up Girl with Luxurious Car | Aashqeen,334101,Telugu
4b07d_ihmB0,"Deivamagal Episode 1396, 23/11/17",620555,Telugu
2HB-W2hpQWM,Naa Peru Meenakshi | 23rd November 2017 | Full Episode No 886 | ETV Telugu,133570,Telugu
0p0VtcirXgE,Queen Malayalam Movie - Mech Anthem | Making Video | Dijo Jose Antony,69677,Telugu
eQcJpa_QHWU,Uppum Mulakum│Flowers│EP# 481,362837,Telugu
FZqDrDV8C4w,"Kundali Bhagya - कुंडली भाग्य - Episode 97  - November 23, 2017 - Preview",491693,Telugu
VjDrNseQ_P4,கடை வைத்து இருப்பவர்கள் கண்டிப்பாக பார்க்க வேண்டிய காணொளி,217570,Telugu
0Dt_ul7dpT8,इस वीडियो से बढ़ेगा आपका Bank Balance & Health Balance | क्रांतिकारी वीडियो | Dr Vivek Bindra,150781,Telugu
JWkUrw1oh4I,Shocking News ! Secret & Mystery inside Jaya's pendrive,103394,Telugu
gqhQJiFQ2bM,श्वेता सिंह का  पाटीदारों पर सबसे बड़ा सर्वे आम आदमियों से पूछा हार्दिक के साथ हो या नहीं,193081,Telugu
4kjA1X1TSSA,Kuladheivam SUN TV Episode - 780 (23-11-17),152681,Telugu
kRfBT4SDP28,Akash Dadlani To QUIT Bigg Boss 11? | Bigg Boss 11 Day 53 | 23rd November 2017 Full Episode Update,132692,Telugu
VMWRMe8xIXY,மதுசூதனன் அணி.. டெக்னிக்கலாக புள்ளி வைத்த தேர்தல் ஆணையம்!- வீடியோ,52903,Telugu
O-Wt0_7Jd80,Jayammu Nischayammu Raa Movie Scenes - Posani Stops Poorna's Marriage,50266,Telugu
brx5e9MZlUg,D4 Junior Vs Senior I EP 89 - Neerav's cute gift to Alina I Mazhavil Manorama,149244,Telugu
ClsuqUrEy_E,TALK SHOW | GUJARAT ELECTION | DUDE SERIOUSLY,71937,Telugu
xhCRRthTs7I,யார் இந்த கந்துவட்டி அன்புச்செழியன்...? | Anbusezhiyan | Usury Interest | Film Industry,71447,Telugu
ezl84JvucJQ,92nd Birthday Celebrations of Bhagawan Sri Sathya Sai Baba at Prasanthi Nilayam - 23 Nov 2017 -Part1,34498,Telugu
m3MIkt8lxjA,Naa Peru Thanksgiving || Chicago Subbarao,68877,Telugu
uxucV_iwovA,Review Of Bigg Boss 11: Who Will Become The NEXT CAPTAIN? Part 3,119880,Telugu
_-oxAlQXv20,Durga | Full Ep 922 22nd Nov 2017 | Odia Serial - TarangTV,99045,Telugu
FpJmNRnkD4U,Bigg Boss Season 11 - Day 52 - 22nd November 2017 - बिग बॉस,66830,Telugu
uuNivTp52vQ,Manushi Chhillar: I m so happy that I made everyone so proud,347032,Telugu
fbKGDZ7V5kg,Panju Mittai - Official Tamil Trailer | D. Imman | Ma Ka Pa Anand,73668,Telugu
4F7BcfhTFuE,வள்ளி | VALLI | Sun TV | Tamil Serial | Episode 1432 - 22nd November 2017,162355,Telugu
5ugKfHgsmYw,陸自ヘリ、垂直に落下＝路上の車が撮影,188085,Japanese
ohObafdd34Y,イッテQ お祭り男宮川×手越 巨大ブランコ②,90929,Japanese
aBr2kKAHN6M,Live Views of Starman,6408303,Japanese
5wNnwChvmsQ,東京ディズニーリゾートの元キャストが暴露した秘密5選,96255,Japanese
B7J47qFvdsk,榮倉奈々、衝撃の死んだふり！映画『家に帰ると妻が必ず死んだふりをしています。』特報,108408,Japanese
OIDfjdGERr8,有賀さつきさんの死因を元夫・和田圭が会見前に漏らし一同涙の嵐・・・,193593,Japanese
KqtWo-4A0LU,坂上忍 やくみつるに「大激怒！」バイキング 2018年2月6日 20180206,55465,Japanese
MPQaySneSUc,直撃LIVE グッディ! 2018年2月6日 180206,66272,Japanese
zIhc0rXajCk,ゆにばーす　漫才「あれ何」,57820,Japanese
FVPmVIfl3-o,究極の激ウマ丼の作り方。,105112,Japanese
CcWHJuzPUKY,シャンシャン238日齢（2）2018年2月5日撮影,76621,Japanese
nvSvrGUaRL0,【DHC】2/6(火) 百田尚樹×和田政宗×居島一平【スカイプゲスト：我那覇真子】,245032,Japanese
GbHQfKUVEqk,二階堂ふみが大ファン！？ガンバレルーヤの女優さんシリーズｗｗｗ（小雪、多部未華子）,37906,Japanese
TC-ipmLi9PA,【バレンタイン】材料たったの2つで絶品ガトーショコラを作る!【赤髪のとも】,120824,Japanese
UQVs2qDBe10,警察から逃げる,1649451,Japanese
cXopRwPxg2M,【ゆっくり茶番】恵方巻の復讐,23572,Japanese
bFrhcY9exgo,福井県の大雪！ 8号線なう。2018年2月6日,34020,Japanese
bvgF6esNfeQ,有賀さつきの死因に”ある病気”の可能性が浮上！ 数々の証言から浮かび上がるその病気とは…？【ザ・芸能界】,121271,Japanese
ylojY8-BfWU,業務用スーパーのおすすめ品でアレンジご飯【kattyanneru】,51006,Japanese
zr99xwEg6Pg,哀悼『有賀さつき』さん 最後のTV番組～訃報報道番組～速報！,98294,Japanese
u1LbK98Yphs,有賀さつきの事件に対し、元旦那が放った「ある一言」にファンから涙の嵐…【mayu】,43853,Japanese
29Gd024WhDA,モーニングコーヒー20th Anniversary Ver. / モーニング娘。'18,28545,Japanese
iP3symHIsUs,ヌメロン第4回大会予選 土田晃之 VS 中田敦彦,18025,Japanese
0aH2JyPKkcQ,2018年 全日本ラリー選手権 第１戦 嬬恋・群馬,12637,Japanese
B_v4nRnOs4A,月曜から夜ふかし 2018年2月5日,91931,Japanese
pVxOVlm_lE8,Marvel Studios’ Avengers: Infinity War - Big Game Spot,12908071,Japanese
_C1pZ0KL0MM,【月曜から夜ふかし】過激で有名な沖縄の成人式を調査,60140,Japanese
6sexVZpv5RI,【アクアリウム】サテライト全部買ってみた,9854,Japanese
vmd4px8348Y,DVD『モーニング娘。’17 クリスマスFCイベント ～プレモニ。2～』,23903,Japanese
kKt7R582Umk,ゲスト2月6日 マーケットアナリスト　荒野 浩さん,12463,Japanese
9D2iNVZ9kJk,無許可撮影？2018年もジャッカルブースが熱いバイ！メガポンパドール、川島スィッシャー、マーモプロップ、ハタチュー、スピンガヴァチョフロッグ紹介！,5815,Japanese
pw4BYR6njRI,🌏《線香代問題に触れるも “御党代表と同じ” 言われすぐ引き下がる》今井雅人・希望の党【国会中継 衆議院 予算委員会】平成30年 2月6日,10352,Japanese
wbSwFU6tY1c,Falcon Heavy Test Flight,14816949,Japanese
48bqj6TqVms,福井の大雪・立ち往生2日目の朝 2018.2.7,136365,Japanese
k8Bt_phVS5Y,24ｈコスメ 2018年春ＴＶＣＭ/平手友梨奈　ロングバージョン,137962,Japanese
oXd60ArCFrE,【悲報】てつやの愛車BMWが大破してしまいました…,1306752,Japanese
4WFStwCSdqM,乃木坂46白石麻衣、西野七瀬らがクールな男装姿に！メンズスーツ着こなしダンスも　 「はるやま/P.S.FA フレッシャーズキャンペーン」新CMが公開,444621,Japanese
Iaafx-x9T6E,【海外の反応】平昌五輪・開会式のリハーサルに参加した感想が衝撃的で興味深い件！→「周りの子供が次々と泣き出した」（すごいぞJAPAN!）,53781,Japanese
H9KIeijkNTc,すぐキレるポメラニアン55 ふて寝するポメラニアン,79505,Japanese
h5isK6A2giQ,【DHC】2/7(水) 藤井厳喜×井上和彦×居島一平【虎ノ門ニュース】,207610,Japanese
J156zfTzMTM,菅田将暉＆山﨑賢人 新MVの急接近シーン＊冷静にダメ出し,223565,Japanese
4lISApbG9Ek,小池徹平・加藤和樹のロナンが帰ってくる！ ミュージカル「1789」製作発表レポート,34854,Japanese
y4Id2KGDbb8,アイドリッシュセブン Vibrato - OFFICIAL TRAILER,88496,Japanese
AlI4Q_Pe3BI,〖AAA〗男子メンバー(時々千晃ちゃん)→宇野ちゃんへの優しさ,7113,Japanese
palw25wDVnA,まさかの展開！集まって来る猫たちは何をしてた？皆さんもお考え下さい,13608,Japanese
_vXYt1zQLqA,バイキング 2018年2月7日 180207,21744,Japanese
9vfxkTTSKJ4,移ろい行く凝塊 521,10467,Japanese
V1YAomM4_G4,【UVレジン 100均】花と蝶のモチーフ入れて球体作ってみたら…   resin,10616,Japanese
9H3LBeqxT8c,イッテＱ  相変わらず奇跡の大島ｗｗｗマジうけるｗｗｗ,118337,Japanese
dol3ryJcsio,ジョンレノ、東京湾に沈む。,127915,Japanese
VAL1khzhGQw,Golden State Warriors vs Oklahoma City Thunder Full Game Highlights / Feb 6 / 2017-18 NBA Season,2314506,Japanese
D3UgKhoZbSI,カメラ三脚を手に入れた飼い主に付き合わされるシベリアンハスキー,61152,Japanese
8TGSLIjeKnw,2018年2月7日 ザ・ボイス 末延吉正,14834,Japanese
HaZzVUBlEGE,雪とまるとはな。-Snow and Maru&Hana.-,57668,Japanese
J_loNEewV8s,レペゼン地球  DJ社長&DJ銀太,25669,Japanese
QghTQMLZvTo,台湾でM6.0地震　ホテルなど複数の建物が倒壊(18/02/07),41437,Japanese
RdveHyJ7kjk,1400人の男性がNo.1に選んだ生チョコ作ってみた!!! パヴェ・ドゥ・ショコラ,63490,Japanese
LTDy5e1W_GU,【暇つぶし 】スライム! 気持ちいい！スライム動画 ❤ SLIME VIDEO #1183,14346,Japanese
Wb2TT6X0CKc,ピーとれ！#41,344412,Japanese
jfeKoBCmBRc,TWICEが新曲「Candy Pop」の振り付け指導とインタビュー！ZIP,95266,Japanese
kpeCmYPB9e8,2/7(中日)松坂大輔の投球・3度目のブルペン入り,132727,Japanese
j4Y_pS5ha3A,【発見】和田竜人さんのものと思われる「北澤尚のFacebook」見つかる！ 意味深な書き込み「マジで少し病むわ」,62836,Japanese
MnQYdnYWCPQ,秋田犬まだ子犬なので戸を開ける能力は無い【akita dog puppy】,122972,Japanese
J5T6Y4YDkGg,【作り方】簡単！オリジナル手帳カバー,7634,Japanese
DHEgmES0HfU,テラスハウス オープニング ニュー ドアーズ 山チャンネル Vol.7「正直に言います、尊敬してます」,72459,Japanese
0ovTFlKXcy0,[SUPERSTAR SMTOWN]東方神起プレイ動画,31013,Japanese
7UQSgAjKYdk,【7th WEEK】 みずき、元恋人に「早く会いたい…」,114223,Japanese
3Xn7nGqiJCU,Why Trump Doesn't Want To Talk To Robert Mueller,957641,Japanese
U7pzUOdzYYk,有賀さつき 病気が判明。独りで病魔と戦った決死の覚悟の理由に涙が止まらない…,223959,Japanese
Fmx-IEa83JU,2018-2-7-01【仮想通貨の投資方法は５つある】視聴者様から家庭用ビデオカメラが届きました。ありがとうございました。仮想通貨投資方法について、概要説明を致します。,7757,Japanese
U9Tkv9FjyNw,星野みなみ年表がおもしろすぎるwwww 乃木坂46,156835,Japanese
NwkoKEOUYaA,猫の噛み癖が治ったと錯覚したあの夜,12442,Japanese
T17xaPhX5dU,2/6!!1日千円!!インを頼りに今日も勝つ!!【競艇エブリディ029】,10068,Japanese
2X6O10gGfzQ,AND MESHのiPhoneX用ケースが新発売！やっと出た人気メッシュデザイン,7198,Japanese
A04PARdtEss,「クソ野郎と美しき世界」特報映像！,33053,Japanese
S-xBo-o6Ky0,乃木坂46 白石麻衣の天狗な態度に炎上 Nogizaka46 Shiraishi Mai,31920,Japanese
ij13ux8rK9k,吉岡里帆、、、可愛すぎるンゴ、、、ごまかしキッス、、、,59100,Japanese
6niuasak0AY,乃木坂46×はるやま、PSFA　フレッシャーズCM　WEB限定ムービー「春イチバンになれ。」篇,26050,Japanese
hNg2uOe28ak,Mr.Children 「here comes my love」Music Short Film,112230,Japanese
VV7LMEbd1Es,アニメ『衛宮さんちの今日のごはん』第二話「鮭ときのこのバターホイル焼き」,343253,Japanese
EBK5N6al6bo,【平昌五輪】「悪夢だ！」外国人選手が開幕前から限界を感じている模様！,230830,Japanese
LTJKYH3OG70,月曜から夜ふかし　勤務時間２２時間ｗｗブラックラーメン屋ｗｗ,293449,Japanese
sC32d0BmcJk,登美丘高校ダンス部OGアサちゃん主演 フレッシャーズダンス『君はすばらしい！』,38067,Japanese
W9g0-vPBkXc,アニメ「タヌキとキツネ」第1話,19255,Japanese
bAjxXtN81n8,ピーター・マイアン①大人気キャラクター『らくだのラディ』の生みの親。家族への愛に満ちたその創作活動を生前の貴重な映像とともにお届けします。【ロバート秋山のクリエイターズ・ファイル#35】,16608,Japanese
UaGK8MCVZyE,カメレオン,113779,Japanese
OaTGK4rZr1g,【岩本沙弓】最新ニュース速報 2018年2月9日,7857,Japanese
ishsnPy0XOU,【特報】NGT48 3rd シングル「春はどこから来るのか？」2018.4.11 release！ / NGT48[公式],53963,Japanese
z0RPAaITyyg,Her Story　実況プレイ,37037,Japanese
B80CK49etK0,イッテＱ 宮川 これだけで宮川の凄さがわかるｗｗｗ 祭り宮川まとめ③,135238,Japanese
Hv18-l6kESg,アイスの中身、土でも食べちゃう説。【ドッキリ】,452195,Japanese
YkGeOCP0JgU,【奇跡】卍の書き順分かる奴0人説検証中にハプニング連発wwwww,108568,Japanese
D3xQ_NS0Hro,クレイジージャーニー  2018年2月7日 180207,292922,Japanese
XJFu0oJwdpw,ワンピース８９４ー日本語のフル  |  ワンピース 894 HD,191091,Japanese
rskvlVMoYZE,【テイルズ オブ ザ レイズ ミラージュ プリズン】2018年2月参戦キャラクター告知PV,6964,Japanese
T6LPSNcsEw4,【TEL人生相談】いまさら感満点　やっぱ養育費ちょーだい,2476,Japanese
oWxN_S8ANGY,ゆず2018「あなたにエールを」篇60秒,18407,Japanese
wIdrjXroKC0,釣ってきたアジとアラカブでシーフードピザを作る！,155479,Japanese
gUukLb9ViRQ,2/8も8時から！竹田恒泰の生放送！「日本のソボクなギモン」第269回※後半はニコ生、FRESH!へ！｜【公式】竹田恒泰チャンネルのライブ ストリーム,35881,Japanese
6qT5wAc3fEY,あ！落ちる！仔猫を助けたアビシニアン【瀬戸のるか日記】Luca kitten rescued,3136,Japanese
_TM_GRv-0FY,【進撃の巨人 漫画】最新 １０２話 後の祭り,7331,Japanese
_tjVER3BDW8,Toge Toge Bon Bons (vegan) ☆ 黒糖シークワーサートゲトゲボンボンの作り方,11028,Japanese
_j2MiTRDkuY,台湾の吉野家【豪華朝定食】牛丼yosinoya,6998,Japanese
3p7W5r4t3As,Aimer 『Ref:rain』(Short Ver.),157029,Japanese
rmON2pSUdqM,インドの揚げパンケーキ マルプアの作り方 / Indian Malpua,88607,Japanese
_-gu6jeUTYk,2018.02.08 ナインティナイン岡村隆史のオールナイトニッポン,14837,Japanese
HHaPe2vOFpM,【DHC】2/9(金) 武田邦彦×須田慎一郎×居島一平【虎ノ門ニュース】,91475,Japanese
eMONEl5YQxQ,EP5 無人島で1つだけ持っていけるとしたら何を持って行きますか？,92767,Japanese
V-Ocqn6itNQ,仮面ライダー響鬼　第16話[公式],17161,Japanese
RbXbsr256j0,【銀魂文字起こし】おそ松さん家のベッド事情に驚愕ｗ【ホラー注意】,25912,Japanese
vUBq5g0wpss,ダウンタウンDX 2018年02月08日 180208,21397,Japanese
04YcnWKdOb0,秋田犬氷食べの邪魔をする雨垂れに歯向かう【akita dog puppy】,112678,Japanese
x2Sp2ARYcSY,2018年度 全日本吹奏楽コンクール課題曲 Ⅳ コンサート･マーチ「虹色の未来へ」,12122,Japanese
pFQvMoJRo2U,ガラタ長友 キレキレ躍動 初勝利に貢献!! コンヤスポル戦タッチ集 Nagatomo 08/02/2018,54059,Japanese
5Jkij23bedk,【ダウンタウンなう】コイツ今日，嫁抱くつもりやぞ,391633,Japanese
YIjcz8xlYjg,BIGBANG JAPAN DOME TOUR 2017 -LAST DANCE- (TEASER_DVD & Blu-ray 3.14 on sale),101246,Japanese
dzxFdtWmjto,VENOM - Official Teaser Trailer (HD),5599238,Japanese
0gIU760wZ7I,貴乃花親方の真実の告白に高木美保と玉川徹で意見が割れる展開に発展！私は最初から疑問に思っていた！,28507,Japanese
LyhoUNm3xwo,【ピアノ】「POP TEAM EPIC」 を弾いてみた 【ポプテピピックOP】,120326,Japanese
DL-KkzTShAc,Death March Kara Hajimaru Isekai Kyousoukyoku Capitulo 5 Sub Español,12073,Japanese
_MfVpGaUhYQ,のせ猫 x みかんの皮帽子　180209,2524,Japanese
WRTJ-1CNrt4,公道走行可のカートを作る part3 フレーム延長,140080,Japanese
TdWHNVpSTlI,2018年2月9日 あさラジ！ 宮家邦彦,9728,Japanese
cnril81nZbQ,ちょっと【辛】餃子２０個　チャーハン　とんこつ【ラーメン】家,2066,Japanese
91ZunNmQpAw,ダースちゃんねる　GUNMA17指導のプロジェクト始動！？,31035,Japanese
UDv1NOiLacA,【三橋貴明】最新ニュース速報 2018年2月9日,5867,Japanese
9U-CRsPd4ME,稲垣吾郎さんインタビュー｜BLOG of the year 2017 最優秀賞,18541,Japanese
bw-5XM5iOdY,iKON - PRIVATE STAGE [RE·-KONNECT],26011,Japanese
Zcz-B4O1VRs,【遺体】と【死体】の違い。学校では教えてくれない隠れた放送用語,118121,Japanese
2xBd8yabhIA,【宮家邦彦】朝のニュース解説 2018年2月9日,4130,Japanese
4uTNVumfm84,Maroon 5 - Wait,2455067,Japanese
CK-3vr2KrYk,2018.02.08 Misawa Sachika,1715,Japanese
xmupkoVfUnQ,Valencia vs Barcelona 0-2 - All Goals & Extended Highlights - La Copa 08/02/2018 HD,3077741,Japanese
TlcWShTICF8,貴乃花親方のテレビ出演に対する、立川志らくの“ご最もな一言”に賞賛の声！「相撲協会は腐ってる」,54903,Japanese
wQtcp2r8U9Q,プライムニュース 最新 2018年2月8日,17433,Japanese
TwoaYQFdvWY,【3.10公開!】『劇場版 ウルトラマンジード つなぐぜ! 願い!!』最新PV 第2弾・ロングver.！ -公式配信-,133724,Japanese
ky4OYOJVtAw,中村悠一【ポプテピピック】杉田智和との5話Bパートは前のやべぇ女性声優を受けてなのでツラかったとぶっちゃけてしまうｗ「同じ内容...後半大変だねぇ、大変だと思うわぁ」,73757,Japanese
aKloNmy1oNo,【⚠️閲注、早食い】【大食い】ペンネアラビアータ（3kg）30分チャレンジ‼️【MAX鈴木】【マックス鈴木】,47210,Japanese
2d0E2WcixgI,【PV】B-PROJECT SPECIAL LIVE,70091,Japanese
QcBcYdZ_RZM,ママは心配性💧お外遊び、水遊び（≧∇≦）シャンシャン 【パンダ】giant panda,12914,Japanese
iORK8aJb058,【海外の反応】平昌五輪・日本選手専用の日本食食堂、その全貌が明らかに！早くも日本人選手が殺到！？（すごいぞJAPAN!）,120011,Japanese
hyglh5FHuPg,＜平昌五輪＞世界中が(ある意味)泣く？君は生き残れるか!?お湯無し･暖房無し･防寒薄っ！チケットずっと発売中！,16261,Japanese
58YKbW8sYOQ,弘中綾香ちゃん🐤カワイイから許される,18297,Japanese
l6wi_c5WOCc,[JBJ - Wonderful day] Special Stage | M COUNTDOWN 180208 EP.557,65290,Japanese
2iOoovejpZ4,かずやの誕生日を祝う友達二人 乃木坂46,71599,Japanese
AiwztlqOJz0,日本人は「特別」ではない！日本人は「異質」なのだ！,9946,Japanese
fjOwPHPJ76E,知識）聖書で禁止してる意外なこといろいろ20180208,9103,Japanese
b2U3DD0gjXA,【衝撃】あなたが知らずに買っているボッタクリ商品６選,81943,Japanese
eZhP62wZb08,John Oliver's Favorite British Winter Olympian Failed Miserably,870553,Japanese
bATd1FQBzD8,Ninja250 (カワサキ/2018) バイク1週間インプレ・レビュー Vol.2 Kawasaki Ninja 250 (2018) 1WEEK REVIEW,13886,Japanese
OsrlAVbaVCk,爪とぎ用のカバンを与えたのに「いらない」というねこ、しおちゃん Theo lost his interest in scratching dad's bag,34655,Japanese
0kR7rIIHNNM,ドリ天 Vol 48 ① 谷口信輝 モテ男のステアリングワーク四十八手,10296,Japanese
Z6bc9_0AHQg,【ポケモンGO】福井は更に大雪！本日EXレイド無理！【現在の現状】,10519,Japanese
x2huO11LEY4,MHW HR104 ライトボウガン TAメイン,7651,Japanese
zhzpS04qzmU,V OPT 192 ⑧ D1ドライバーの愛車は!? MAX織戸,3668,Japanese
QnEU-U7D-4g,クラブフィッティングで計測数値の何を見る？,9105,Japanese
sTbZaCiI-sE,グランドチャンピオン大会　準決勝第一試合,14988,Japanese
MKdC-U4ZkN0,河野太郎が凄すぎる！立憲民主党にブチギレて…『史上最強の外務大臣』になると大宣言！最新の面白い国会中継【アパッチのおたけび】,85283,Japanese
8BYG5ZvHjos,日々の料理をまとめてみた#70　+とりと長い雲,23317,Japanese
_E4cdaRu5y4,Of Course Trump Wants to Throw Himself a Military Parade: The Daily Show,1348724,Japanese
H-jp87Y3ZSY,【絵しりとり】東海オンエアは心で通じ合ってるのか？,593812,Japanese
2uQYJSGukls,【欅坂46】平手友梨奈 笑顔で単独インタビュー！【24h cosme】,206032,Japanese
P6g9k5gaxpM,【衝撃映像】薄黒いモヤが物体に変化する謎  522,8016,Japanese
Tnkdf5gwM7k,The End,75223,Japanese
peM89TH3MWs,左ハンドルの始動をスムーズに行うための注意点,14379,Japanese
bexivMvFVq8,衝撃告白・貴乃花親方『沈黙破り全てを語る』独占≪緊急特番≫注目に,29290,Japanese
oKXWzoawdFE,和牛がDream Amiにガチ告白♡【胸キュン必須】,19128,Japanese
grexbDmBpro,山田涼介は本当はこんなにも可愛いんです(17),28467,Japanese
lTV1Y8Mfgwk,スロットライブ〜スロフェッショナルの流儀〜 #76 前編「実践:エハラマサヒロ/諸積ゲンズブール/湯川舞/政重ゆうき/みさお/サワミオリ/松本バッチ」,55953,Japanese
tYbXvR8Qm28,【正しい投げ方とは？】送球ミスを無くす！キャッチボール基礎練3選,6139,Japanese
qAVeOtQx-4c,パス配布は不具合だった!EXレイド当選法則が修正された模様【ポケモンGO】,47622,Japanese
ZfOjvOcVKhc,ラン展に行ったよ🐾トイプードルのロージー・シェリ・ジェム,8287,Japanese
BDUaO1QCMSg,眞子さま結婚延期の理由と小室圭の本性とは！？,46031,Japanese
limXAUxMFPE,立民・本多平直　イキって香典追及した結果・・・,11112,Japanese
jinurWYblbg,新番組「アイカツフレンズ！」PV,65430,Japanese
7RDK8mShAkk,Aikatsu Stars! ep93 Yume Stage　アイカツスターズ！93話 ゆめ ステージ,41086,Japanese
390U2WHZR_Q,猫とクマさん　楽しそうにプロレス？破壊？♥♥猫との会話を楽しむ動画 Conversation with a talking cat,9316,Japanese
7UrY5jKBwzc,ミュージカル『テニスの王子様』バラエティ・スマッシュ！Vol.3 Blu-ray&DVD CM【弓道編】,5982,Japanese
WvdeXCfNEag,和牛&ハイヒール 爆笑トーク,12696,Japanese
_HRhHxfQmyc,ワンピース 894 Full | One Piece,71431,Japanese
WlDDih-9h44,水曜日のダウンタウン 2018年2月07日 180207,109651,Japanese
NqMZQEhkPn4,【セブンナイツ（Seven Knights）】 セブンナイツ・覚醒スパイク,3772,Japanese
6HVBbPJrs20,阪神タイガース 大山好調３安打！今季に向けて猛アピール！！ベテラン西岡も負けてない！今期チーム第一号！！,12718,Japanese
0DRGuDnJTyo,バイキング 2018年2月8日 180208,21481,Japanese
QJmV4BQs_yg,【BTS日本語字幕】長男とマンネが敗因のゲーム。〜フライパンゲーム、リズム遊び〜,97847,Japanese
vGsQywoE1CA,藍井エイル 『約束』Music Video(YouTube Edit）,148471,Japanese
SqCb6MdbMMQ,人工知能を論破してみた,72596,Japanese
EYYvwMSWrGo,平手　CM化粧発表会で笑顔戻る,92261,Japanese
KTLNqkwWK7Q,Cleveland Cavaliers vs Minnesota Timberwolves Full Game Highlights / Feb 7 / 2017-18 NBA Season,1797679,Japanese
GmPC374gL1c,艦これ　おもしろ漫画 集めてみた  365,9114,Japanese
bZ4bvrNE52M,TUBE 前田亘輝 MV＆ジャケット撮影密着ダイジェスト,3297,Japanese
5ChFBgwXRBQ,米上院公聴会では仮想通貨にポジティブ、果たして相場は底を打ったのか？そして今後は？,5436,Japanese
6fMq-4S2Bhc,"LiSA 『Thrill, Risk, Heartless』-YouTube EDiT ver.-",160971,Japanese
HlxM9XNs4R4,あたし おかあさんだから Full,70551,Japanese
FobsaYaC73k,雪の中・東京マルイ ハイキャパ レースガンでスティールチャレンジ FiveToGoを撃つ,7998,Japanese
3mn5eGng8uQ,🍱《東京新聞・望月衣塑子記者「笑うところでないと思います」》菅義偉 官房長官 記者会見 2018年2月8日午前,9664,Japanese
zdIOiV88lVs,Marvel 映画「デッドプール2」日本版予告 “俺ちゃん、ケーブルに会う” Ver.,147480,Japanese
y7119xDeVAM,"Feb 07, Signing Ceremony for 3 Championships at THE NEW BEGINNING in Osaka",12140,Japanese
psu1430zRsA,コストコで5000円分の韓国料理を食べてみた！！,163743,Japanese
lD3iSD9kg94,お風呂で揃って首を振る子猫たちに癒される,36586,Japanese
OfbtARuVWew,七つの大罪 戒めの復活 第5話「圧倒的暴力」  Nanatsu no Taizai: Imashime no Fukkatsu - 05,50679,Japanese
W8vgIXxJRtc,もしも編集者が自分のことしか考えない奴だったら【虫眼鏡編】,778712,Japanese
G06gCDESJzk,【実験】たこあげの限界の高さを調べたら結構すごいことになった,658695,Japanese
icL2CMKWRuA,平昌オリンピック2018開会式日本入場,148882,Japanese
rEYbXVnAoIw,25th Anniversary History Movie / NAMIE AMURO 〜glorious days〜,28672,Japanese
bmQj-ORcsUU,ダウンタウンなう 2018年2月9日 180209,120032,Japanese
GDmhf5xJ4Qs,【海外の反応】平昌五輪・選手村で外国人選手からあるクレームが多発！こんな仕様では機能しない！→「意図せず睡眠を妨げられている」（すごいぞJAPAN!）,123652,Japanese
DXkHvEVCF14,【レックウザ】Excellentの投げ方を解説！レックウザ簡単ゲットを目指そう！【ポケモンGO】,7411,Japanese
cvMURFcXFlE,【大食い】SUSURU君とハイマウントさんへ【デカ盛り】,131781,Japanese
pL2iEKcpkaE,【欅坂46】6thシングル表題曲 銀河系初解禁！「ガラスを割れ！」【SOL】,171342,Japanese
F1dFrQZV47M,なぜそこで止まる⁈猫の謎行動に困惑する柴犬 Why does cat stop in front of me?,18581,Japanese
TObTS2VF4x4,金曜★ロンドンハーツ　2018年2月9日 2時間スペシャル,18533,Japanese
ZTH24m5FGpA,霊媒師にお願いしてンダホのおじいちゃんを呼んでみた！？,1062516,Japanese
McXcnoOzQkY,金曜ロードSHOW!｢名探偵コナン ベイカー街(ストリート)の亡霊｣[解] 2018年02月09日 180209,79253,Japanese
jPBiSdwn0WM,【欅坂46】6thシングル曲　ガラスを割れ！,164588,Japanese
ioGBaVRmBbY,YouTube闇ニュース2018　大物YouTuber遂にデート中に盗撮され寝顔も、ファンのグッズを捨てるYouTuber？,192933,Japanese
vO1jrCodB7Y,跳び箱とねこ 。-Vaulting box and Maru.-,15810,Japanese
K4nn6HcNmjw,【ポケモンGO】レックウザを高確率で捕獲する方法！,3165,Japanese
1zO5G5b7wY4,「どうしても、まだ続けたい」30km行軍 10時間で全員ゴール!! 2/16(金)『恋んトス season7』【TBS】,17489,Japanese
VucNf2yaB3U,Nogizaka46 (乃木坂46) Arrived Hong Kong Airport 到達香港機場 20180209,117660,Japanese
Dgw4I9xNWys,寝起きのひと撫では欠かせないシベリアンハスキー,25497,Japanese
0AZiilM9KAY,【ファッション】それどこの服？コーデが見たい！等々、リクエストありがとうございます★,9629,Japanese
kp7qer4jm40,速報  レックウザ  ゲットチャレンジ,7771,Japanese
yQ8WUlG377g,【壮絶】ディズニーシーの乗り物って一日で全部乗れるの？,463321,Japanese
ThqM787fU2g,風邪が治りかけの時にプレイすると喉がぶっ壊れるゲーム,229903,Japanese
vZ_TVJGwgKM,艦これ　おもしろ漫画 集めてみた 373,4360,Japanese
IWhoDwKDzfc,SCANDAL NEW ALBUM「HONEY」Trailer,64985,Japanese
COnDaq3fz-c,「FINAL CUT」PR動画・髙木雄也（Hey! Say! JUMP）解説版　第6話予告【60秒】,5789,Japanese
V08ZJhPApb4,シバターの成り上がり回胴録スタート！ライター業界をハーデスで成り上がれ！,41878,Japanese
DIG81rLWP-M,【歌ってみた】Over Soul / 林原めぐみ covered by 恭一郎,99677,Japanese
_LrlUzFFIrQ,教えて！ニュースライブ 正義のミカタ 2018年2月10日 180210 生中継！平昌五輪のナゾ▽米露“冷戦”再び!？ LIVE,25534,Japanese
ZRHwCmz_aNE,EP6 無人島で1つだけ持っていけるとしたら何を持って行きますか？,163885,Japanese
DaAp7p3ZkIs,【ENG SUB全球】《歌手2018》第5期 20180209：KZ谭定安磁性嗓音惊艳四座 Jessie J再现激情霹雳舞 The Singer EP5【湖南卫视官方频道】,445775,Japanese
LACtFriivb4,前髪ありに似合う深田恭子さん風メイク✨イメチェンしたい方に💓,60185,Japanese
V0cZfoIiKaE,NHK放送事故　平昌オリンピック開会式を閉会式に,14159,Japanese
XrkjkEsz77g,全力!脱力タイムズ 2018年2月9日【とろサーモン久保田&石橋杏奈、好きになるわぁの巻】,9960,Japanese
ysZzMUvlyJw,ゴリラが皆さんの質問に何でもお答えします。,5065,Japanese
SG4pAQDt3qk,【オーバーロードⅡ】第6話予告「拾う者、拾われる者」《ノーマルver.》,120191,Japanese
ICaWQtg9i24,雪の日の猫　2018 Snow and cat 2018,5700,Japanese
ssagGh5AZ5M,平昌五輪宇野昌磨！　団体ショートプログラム１位の活躍！,12727,Japanese
bRP-wmdG-fA,GANG PARADE『BREAKING THE ROAD』MUSIC VIDEO,16573,Japanese
J-aR8HdTpS4,だんだん仲良くなっていく子猫,12592,Japanese
HzX5JEUlraI,一般人のiPhoneをブッ壊すドッキリしたらシビアな展開に。。。。。。。,129158,Japanese
J3GgqYKfs-c,恋んトス 2018年2月9日,17205,Japanese
k1Ci-5lr-DA,Mrs. GREEN APPLE - 春愁,124500,Japanese
sbBm5OXL-wU,180209(金)大谷フリー打撃・中村奨成休日・G紅白戦小林2-2＆吉川4-3・松坂ブルペン77球・山田1時間特守　プロ野球キャンプハイライト,239285,Japanese
QsOjU85Xxig,ハンドル、エンジンが２つ…インドネシアのヘンな改造車,2362,Japanese
IIsAzdriw30,これが僕の気持ちMVフルバージョン,215986,Japanese
_IIH0HjUCyY,【今日のいたずら】あの人から電話が… ケータイ貼り付け！#57,95541,Japanese
axabjFfDIJI,バレンタイン直前!! 手作り VS 100均のアイシングパウダーはどっちが使いやすいか検証してみた!!【キャンドゥ】,66242,Japanese
gFxuiqQzj0A,KZ Tandingan Belts Rolling in the Deep | China Singer 2018 High Definition,698233,Japanese
lohJWRrtmaY,【楽曲試聴】「桜の頃(M＠STER VERSION)」(歌：依田芳乃、小早川紗枝、道明寺歌鈴、浜口あやめ、脇山珠美),22376,Japanese
An8PVbLdzdw,LIVE 2018.02.09 お笑いコンビ 【小宮浩信と相田周二】,4421,Japanese
YlijtiJhrAM,【乃木坂46】西野七瀬 桜井玲香@香港 180209【1期生 SHOWROOM】,171595,Japanese
bAOdo98z-ho,ガラスの爪磨きで自爪ピカピカ計画！！,39517,Japanese
1idnH1Qw0yM,【パチンコ店買い取ってみた】第124回第一部最終回1月31日当日,174274,Japanese
ANX98DKD5Ok,평창동계올림픽 개막식 (1),75953,Japanese
xteL6fuFv70,ピョンチャンオリンピック開会式　前半ちょっと,32550,Japanese
orTkp49yo94,アプカミ #104 ハロプロ20周年、モ娘。20周年企画、つばき ボーカルREC映像、アプガ、おかまりんライブ映像ほか　MC：佐保明梨（アプガ）、和田桜子（こぶし） 2/9/2018,32924,Japanese
A6E_tXdnJ_Y,【NHK】日本、3位発進 フィギュア団体（宇野昌磨1位、須崎・木原ペア8位）＜ピョンチャン＞,40088,Japanese
P54g08mZsGk,【激レア】金光大阪吉見一起投手X強力明徳義塾打線の試合結果が意外すぎる事に！？,6007,Japanese
2ZFrPP2bRV0,【大食い】バレー部セットさちよ盛り！？を元バレー部の桝渕祥与（ますぶちさちよ）がペロリ！,30681,Japanese
mNYkYuqXXpI,2018 평창동계올림픽 개막식 하이라이트 (5)-1,299130,Japanese
Xo4cqiXxgtU,【 #goodluckyuzu 】パンダライオン-「君が描くキセキ」/ PANDALION- 「Miracle that you draw」,13999,Japanese
83pCMDL6hUE,グランドチャンピオン大会　決勝戦,21750,Japanese
f5I4zXy5BLg,君、誰？#149(180209)【MC和賀勇介 村山彩希 大川莉央 川本紗矢 千葉恵里】 ナゾを解け！ダマしっ娘ちゃん！,12186,Japanese
acx9kWFklds,【大食い】【チャレンジメニュー】新しいチャレンジメニューの肉玉ジンジャー丼MAX（総重量不明）を食べる‼️【MAX鈴木】【マックス鈴木】,37442,Japanese
9Q9K2iC38jI,山田孝之と顔を交換して大爆笑する白石麻衣,117056,Japanese
YjLlMZy2Ms4,Mrs. GREEN APPLE - 春愁（合唱ver.）by 早稲田実業学校音楽部合唱班,46739,Japanese
AGXkystpisU,【車中泊】最強寒波の夜に真冬の日本海で海鮮キムチ鍋車中泊,96082,Japanese
G-lbFCPqSQg,Deweni Inima | Episode 265 09th February 2018,294388,Japanese
MY_QWpZM7fw,先輩の服装をボロクソ言う内田雄馬と山谷祥生ww,5442,Japanese
bryFPAhUrrQ,スライム作り方！パチパチスポンジスライムの作り方【ASMR】【音フェチ】,23742,Japanese
oYaT2Bh-OoU,【大食い】7種の揚げ物を玉子とじ丼にしてデブ飯食らう！！,23034,Japanese
PyaMXCCoKlM,大食いチャレンジ→steak&gintonicでローストビーフ丼に挑んだ。 Eating Roast beef bowl 【food challenge】,36622,Japanese
ZNboStBis8M,【神回】お湯を張ったお風呂に猫が入っちゃったｗｗｗ,77579,Japanese
D8Soa2sZOpg,【武尊・独占】「逆境の中で優勝することが見ている人のパワーになる」｜K-1GP 2018－K'FESTA.1－ 3/21(水)ひる1時からアベマTVで生中継！,56670,Japanese
WE83yDlL4Oo,PHIM LẬT MẶT 2 FULL - (Phim Hành Động Hài Tết 2018) | Lý Hải Production,3368873,Japanese
UuS5RZBl6y0,【バドミントン】全国経験者なら何使っても最強説‼️,102782,Japanese
pJeJnHnVl20,LIVE: Pacific Rim Cup 2018 | Columbus Crew SC vs Consadole Sapporo,15155,Japanese
7kLO2AB5SPM,about Logan Paul,2768013,Japanese
UmSF7Vc-Cc0,【大食い】【バレンタイン】10人前バレンタインカレーとチョコレートスイーツでHappy Valentine's Day!【ロシアン佐藤】【Russian Sato】,109367,Japanese
Pnvs-bzsFoQ,【衝撃】未来人が残した「2025年の世界地図」がとんでもなくやばい！,15729,Japanese
0aUANlarAng,『ウルトラマンオーブ THE CHRONICLE』 第6話「逃げない心 ハリケーンスラッシュ参上！」 -公式配信-,28177,Japanese
nqCWV0R5ysU,乃木坂46 20th 表題曲 「シンクロニシティ」ロングバージョン,251220,Japanese
xfCs2AOWKno,【日本語字幕 TWICE】末っ子組は見てるだけで癒される,48483,Japanese
kTCgEAmrmh4,つばきファクトリー『春恋歌』(Camellia Factory[A Spring Love Song])(Promotion Edit),41252,Japanese
o0NzQmmlONQ,【バレンタイン】材料3つで簡単絶品生チョコを作る!【赤髪のとも】,87016,Japanese
we_Ejibowuw,【バレンタイン】トースターでオレオチーズケーキの作り方【kattyanneru】,28245,Japanese
Vz1OUnzXiXo,【競馬】京都記念 2018 予想 （バルジュー騎手から驚きのデータを発見！）ヨーコヨソー,14174,Japanese
VXnrxY-l804,「実況パワフルプロ野球2018」オープニングムービー,350732,Japanese
g3u2BWff9UM,【試聴動画】「ラブライブ！サンシャイン!!」TVアニメ2期Blu-ray第4巻特装限定版 封入特典・録り下ろしAqoursオリジナルソングCD④「Beginner's Sailing」,108868,Japanese
oRCsPd485Pc,金曜ナイトドラマ『ホリデイラブ』第4話　予告動画,50653,Japanese
Lji3wgAtFWo,浦和レッズ GGR 名古屋グランパス トレーニングマッチ 2018.2.9,18727,Japanese
fnYoI_k8NJ8,≪ 沖海3 桜 ライト No.3 (前編) ≫ 【 華ぱぱの アツい時間のはじまり 第119話・スーパー海物語 in 沖縄3 桜ライト 】,13310,Japanese
zL3e0xVtfrg,[아라시] 아무 '게' 대잔치,19829,Japanese
e3tfB8rVFEs,【TWICE】TWICEで学ぶ韓国語Part4(日本語字幕),35770,Japanese
fxR481atdX0,モシャモシャ,5690,Japanese
8fS2WUnp5no,【競馬ブック】京都記念 2018 予想【TMトーク】,7774,Japanese
5CuAwgdYnOA,"Quincy Jones Dishes On JFK, MJ, And POTUS",693407,Japanese
Eiz1lBTsWx4,【アヤセン公式】CBR1000RR他、大型バイクの魅力を語り尽くす！【オートバイ】【バイク女子】【女性ライダー】,7939,Japanese
6d-enLu13IY,【DIY】初めての真空成型でチョコレート作ってみた,34953,Japanese
uSe_AetsQ-o,【ずぼら飯】 レンジで簡単 使うのは皿１枚だけ絶品ナポリタン,14474,Japanese
LEFvKYF_www,秋篠宮さまが憤怒！眞子さま結婚延期。小室圭の借金問題がわからなかった理由が明らかに。,40598,Japanese
KgtTyLAjrk0,中日ドラゴンズ　大野奨太、マスクの裏に隠された素顔とは,5531,Japanese
EnZlrucoCBg,ジーニアスフルボトル　クローズマグマナックル　エボルドライバー　エボルトリガー　ラビットエボルボトル　ドラゴンエボルボトル　仮面ライダーマッドローグ　バッドエンジンフルボトル,26004,Japanese
eNGSD_L3Jng,【BTS】虫が気になるグクとグクテテおまけ！♡,16856,Japanese
Pt1gjYcRVpM,ワンピース  8 9 4 話 ネタバレ 0時5分,4583,Japanese
J9r7Agjotj0,シバチャ「……ふごっ！？ふごごごっ！？！？！？！」,95422,Japanese
CGtxxjonYo8,飲食店経営者必見！流行っているお店には必ず○○がある！,5951,Japanese
LOvOqm2TyU4,【コインチェック】質問の回答したよ,3775,Japanese
J_xgQyVzCeE,金子勝×室井佑月：縁故資本主義がバレて嫌気が差し、アベシの支持率急落か？ 大竹紳士交遊録2018年2月9日,5667,Japanese
HYxw9ecfnzE,【バーチャルユーチューバー】新しいバーチャルユーチューバー！！TAR-type0誕生！！,28105,Japanese
T2A6X6b7BEk,ジムニーで車中泊！北の国から…,6320,Japanese
uHc2XcXfoTQ,【明香里とめろちん】マリオネットラヴァーズ 踊ってみた【オリジナル振り付け】,23420,Japanese
LuSh4-cbAOc,【KINGDOM HEARTS III】 テーマソング発表記念Trailer,975975,Japanese
3mf0JocDqFg,『復刻版:空の境界/the Garden of Order -Revival-』告知CM,159576,Japanese
Lae2La7J2qQ,The 7th KAC 決勝大会　[SOUND VOLTEX][beatmania IIDX][BEMANIライブ]/ (2018.2.11),74370,Japanese
AyO4eOq6YNo,無人島で一人助けを待つげんげん,96277,Japanese
saupsetWnRA,診察台に乗せられて人生終わった表情でお手する柴犬　Shibe got on the examination table and became a give up facial expressions.,277005,Japanese
kLCk9VCzXZY,ワイドナショー 2018年02月11日 180211　【平昌五輪！北の美女軍団は？具志堅の愛弟子比嘉大吾＆西川貴教】,41055,Japanese
rZgeQaDzwbc,アニメ「タヌキとキツネ」第3話,56493,Japanese
kv5Ni8cbAAA,【アニメ】いろんな青鬼８,63863,Japanese
9u7ipdxWzmE,【欅坂46】ガラスを割れ！ダンスレッスン動画流出！？【Twitter】,252330,Japanese
n8JDmu9lzkI,水辺で遊んでたら小さな卵を見つけた,176148,Japanese
UjKs1WzAdIg,【料理】花嫁修業は続いてます【低糖質】,27653,Japanese
fBxkNv5ejZ8,マツコ会議　2月10日 OA  「大阪・スタンディング相席店」,65690,Japanese
C6djYW9Z-CQ,"[2018 평창동계올림픽]여자 쇼트트랙 계주 3000m 준결승(Short track women semi final)-넘어졌음에도 짜릿한 역전승 (이유빈, 김예진, 심석희, 최민정)",219090,Japanese
iz2wZZdiBQA,ゴッドタン 2018年2月10日 180210,4880,Japanese
CdWYCuuptoc,クソ野郎と美しき世界 についてのお話！,199731,Japanese
2F2RJpFTn54,180210(土) 長嶋巨人vs.野村ﾎｰｸｽ「豪華OB戦」 (3.4回)【巨人ﾎｰｸｽOB戦】 ／ プロ野球 ハイライト 読売ジャイアンツ,165427,Japanese
lEDHsuBOkYo,雪で冷やしたキンキンのビールとたき火で仕上げる絶品アスパラベーコン!!スキレットから直接食え！！大人のおつまみ！【MEGWIN×大人チャンネル】,180561,Japanese
lAX7dScdgfM,眞子さまと小室圭の婚約が事実上の破談になった”放送できない本当の理由”が明らかに！その理由とは一体？！,59229,Japanese
hBSSc7ozArE,180211 TBS CDTV 트와이스 TWICE cut (後編),166119,Japanese
70PVXUjuM5k,新天地を求めて歩むげんげんたち（お知らせ動画）,78403,Japanese
Fd9Gz7THjyU,豚汁レシピ03,6654,Japanese
u-I9d0phyak,闘会議2018 XFLAG BATTLE STADIUM　2日目【モンスト公式】,328077,Japanese
DShXIaZ7ZN4,アルティメット鬼ごっこの後は鉄棒で遊ぼう♪,337017,Japanese
Vn38HhSdFLI,ドラゴンボール超　第128話予告 「気高い誇り最後まで！ベジータ散る！！」,133803,Japanese
dBq3WfRicV0,岡田斗司夫ゼミ2月4日号「傑作絵本『ノラネコぐんだん』シリーズを紹介とドイツ旅行記おためし版バロック様式とは何か？」,3257,Japanese
OmMxggQii9E,オードリーのオールナイトニッポン 2018.02.10,10541,Japanese
Xhvyy81oEDA,眞子さまと小室圭の結婚延期の”裏事情”を竹田恒泰が暴露し一同驚愕…,46707,Japanese
Fr0cJbApJFk,インドの牛串焼きの作り方,114170,Japanese
1kDEpZePKTM,青山繁晴氏が生激論！ギャラはいらない！2018.2.10,125628,Japanese
F5LkvB8Ugl8,【うたプリ文字起こし】電話に「ラ」の音で出る諏訪部さんと鈴さんが面白すぎるwww,13770,Japanese
k6GW59H9zOs,Shingeki no kyojin 24 REACTION [SUB ESP|ENG] 進撃の巨人- 話を見た海外の反応 / BYN,6499,Japanese
ExcAd0Ouja0,エージェントＷＥＳＴ！ 2018年2月10日 180210,5754,Japanese
JOAZXIdUYmg,海外の反応　「今更狼狽えても・・・」  ペンス副大統領の即時離席に  韓国人が顔面蒼白,6241,Japanese
hkwaFrsB2MQ,【BTS】寝起きテテとからかうグク♡とジンおまけ,27078,Japanese
tQUr05eqJaI,18/02/11馬好王国うまずキングダム「京都記念」福永祐一展開解説＆こじはる3連単予想＆有力馬＆見どころ,7387,Japanese
0uxcSn1_Br4,【ダウンタウンなう】絶対落とすなよぉお前,223413,Japanese
hk5HiboW_aQ,宮野真守「MAMORU MIYANO LIVE TOUR 2017 〜LOVING!〜」Disc1 トレーラー,12844,Japanese
IZtqT1F41jE,大雪の日のインコたち,25544,Japanese
j1eKhRDC27w,"Ơn Giời Cậu Đây Rồi Tập 11 Full: Hòa Minzy nói ăn cơm trước kẻng, Trấn Thành đáp Hari Won đã héo",1081448,Japanese
EEkbqNr7D88,『矢追純一について』,5117,Japanese
PxS6nzOnq2g,18/02/10「新幹線でGOジャグラー」（関東遠征初日）,85147,Japanese
BrnenMvIlB0,[HD] 허긋토 프리큐어! 2화 - 큐어 앙쥬 변신 Hugtto Precure! - cure ange transformation,12125,Japanese
kyq65yUBGOY,【ダリフラ5話】ダーリンの決意に思わず狂喜乱舞してしまうゼロツー,49916,Japanese
zsQj14dF1DM,プロ野球ニュース  2月10日 ⚾️阪神タイガース⚾️小藪千豊が宜野座キャンプ初潜入・福留孝介と爆笑インタビー  / プロ野球 / プロ野球 ハイライト,10884,Japanese
AM7KcJ8Y_1Q,１０キロブリを狙ってたら全身ヌルヌルの巨大魚が釣れた！！,248263,Japanese
LmZHcGUbevc,日本のgifあつめｗ,525796,Japanese
_WgzDGuvNLA,ライブ中にファンが乱入！BIGBANGの対応が神すぎる！,17789,Japanese
a7QFYpXY7M4,【NHK】開会式ノーカット 聖火点灯はキム・ヨナさん！ 聖火台へ炎の移動方法に冨坂アナ思わず叫び＜ピョンチャン＞,89179,Japanese
rTvRS3OewPk,180210(土) 松井秀喜＆王貞治「豪華OB戦」 (1.2回)【巨人ﾎｰｸｽOB戦】 ／ プロ野球 ハイライト 読売ジャイアンツ,561734,Japanese
j2BHzqFnkZE,ダーリン・イン・ザ・フランキス第5話 6,9019,Japanese
VjuJqGEy-SE,ゴッドタン  2018年2月10日 180210,91938,Japanese
zY6x8jwiRQs,平昌五輪 開会式 会場 ほとんど空席だった写真！？,285706,Japanese
ZRChhiLDIXI,魔法使いの嫁 #18 raw,12824,Japanese
Y68-SouvcFc,【平昌五輪】文大統領、強烈な屈辱！ペンス副大統領が韓国料理満載の夕食会への出席拒否！,138100,Japanese
P09_IWmjsLc,[巨人OB]　巨人OBVSソフトバンクOBーダイジェスト,12670,Japanese
2UZ9zXs6AwU,ホリデイラブ #03,29768,Japanese
Q31saQvll5U,Meliodas vs. Galand - Nanatsu no Taizai: Imashime no Fukkatsu AMV -,1322914,Japanese
4914w_WDTPA,平昌オリンピック開幕もグダグダ　注目されるのはモルゲッソヨ像,107544,Japanese
I8wqqsoc7b0,Resumen de Real Madrid vs Real Sociedad (5-2),296617,Japanese
er7JQSwF1Ng,Hòa Minzy điên cực độ với chuyện Ăn Cơm Trước Kẻng | Best Cut Ơn Giời Cậu Rồi 2018,655027,Japanese
xOq8VIkqh1s,[新型ハイラックス] 早くも一部改良！？ 気になる部分を紹介！,5043,Japanese
mXc8nn1rcQI,あの人にバレンタインチョコを渡しました。,196031,Japanese
5PEE1RRTCmM,猫がしゃべりかけてきたので動画を撮ってみました,48836,Japanese
3uiOPrLjv6w,コレならどうだ！iMacを円卓用の回転台に乗せてみた：背面ポート対策,4060,Japanese
v6jrTVr7p7E,【ニュース】安倍総理「ミサイル一発目は甘受しなければならない」【ザ･ファクトニュースセレクト2018.02.10】,12264,Japanese
8EtYcrJpOAE,壊れすぎたゲームと裏の顔...！ - Doki Doki Literature Club! 実況プレイ Part7,129246,Japanese
KOXOiz5s3UI,【ハイライト】C大阪×川崎 FUJI XEROX SUPER CUP 2018 【全ゴールシーン】セレッソ大阪×川崎フロンターレ,77345,Japanese
Ns7TbRDjglM,【百田尚樹】最新ニュース速報 2018年2月11日,7145,Japanese
HL01yp1aNOA,2月10日【中居正広 ON & ON AIR】で、炊飯器やライブを語る！,7202,Japanese
cwBcZFDZDV0,談判官 Negotiator 10 楊冪 黃子韜 CROTON MEGAHIT Official,94814,Japanese
An2909pNCe4,1週間バブリーダンスを練習すれば踊れるようになるの？【検証】,194888,Japanese
oxh4Ol13mYM,草なぎ剛の舞台発表で異常事態発生！,16498,Japanese
wsvyhIt1oRU,里崎智也さんが見る中村奨成の実力は？辛口評価も「本人も周りも焦らないこと」,228283,Japanese
dqGxPtNp_ds,【Off the Hook】 ハイカライブ「テンタクルズ&シオカラーズ」＠幕張メッセ [English subtitles]【Splatoon2】,36285,Japanese
FvqQlPB9TLQ,柴犬小春　【検証】食事の横にラップをしたドッグフードが置かれていたらどうなる！？,37961,Japanese
8oH48fm5-zw,Nanatsu no taizai 2 temporada episódio 5,259180,Japanese
lpMIUuoT000,【たっくーTV関モノマネまとめ】怒涛のミスター都市伝説をご覧あれ,146374,Japanese
7QYkiXyz3Rw,［魔法使いの嫁］またまたチセが大変身！！今度は狼に！！,12806,Japanese
cO7iYh_wdxg,まさかの展開と空からの攻撃…,121426,Japanese
Z-77HRGcMpc,斉木楠雄のΨ難2期1話 フル(2),11301,Japanese
xuXqcvwgVf4,出汁が命！大雑把レシピでおでんを作ってみた how to make Japanese food(ODEN),31027,Japanese
ykvQ2W-f6ak,【公式】フジテレビ『おじゃMAP！！』香取の頭からなぜか大量の砂利が！？,35521,Japanese
zw8KjASn4LA,かれんはmanakaのパンツを見てた？Little Glee Monster初めて会った時の印象,16304,Japanese
_KOKTrd2qbg,【大食い】【デカ盛り】栃木県にあるデカ盛りのとんかつ屋さん‼️【MAX鈴木】【マックス鈴木】,42246,Japanese
IPuXk7ewJvI,アメリカの人気ドラマ『THIS IS US』で学ぶ、使える英語フレーズ！,9560,Japanese
CJXLbwqQeBw,【２月１０日今日の シャンシャン 一家】～ギャラリーの多さにリーリーはびっくり！～【パンダ生活チャンネル】,12694,Japanese
dSPZrUQNEh0,Amazonを名乗る請求業者が本物か本社に確認してみたら神対応過ぎた…,72061,Japanese
uz8TiCVlDzI,ゼロツーは最初からヒロがこうなることを知ってたのか【ダーリン・イン・ザ・フランキス アニメ 5話】Darling in the Fran 05,20094,Japanese
ygI1zVSEeGc,180210(土)藤浪新フォーム分析・GvsSB松井衝撃の一振りOB戦・中畑坂本に禁断質問　プロ野球キャンプ情報,155728,Japanese
u6spWEuTmqY,関ジャニクロニクル 2018年2月10日 18 02 10,27271,Japanese
Bdw7GuAGFcM,【競馬予想】共同通信杯2018,12163,Japanese
_QPCvlvErV4,【競馬予想】 共同通信杯 2018 最終本予想,12549,Japanese
OlALR1PyJmQ,【メンズヘア】AKROSで日本一かっこよくしてくださいと注文してみた,47921,Japanese
fF841b7PSqw,【ROLAND】1日で3000万稼ぐ!!現代ホスト界の帝王の接客  vol.01,25394,Japanese
46TiqS5SSQw,Manchester United vs Newcastle 4-1 Goals and EXT Highlights with English Commentary 2017-18 HD 720p,1100175,Japanese
g6yvrPq669E,"Milwaukee Bucks vs Miami Heat - Full Game Highlights | February 8, 2018 | 2017-18 NBA Season",1281740,Japanese
vz2NIBkGd9U,【大食い】パーキングエリアで旨飯を爆食！！【サービスエリア飯】【保土ヶ谷】,31004,Japanese
snUMLBBYN7g,【Extra Dish】[Home Made] Simple Cheese Risotto Using Rice Cooker!! 2Kg About 3541kcal[Use CC],33903,Japanese
tQwoSx_qqlU,本場横浜女子も認める家系ラーメンをすする 渋谷 横浜家系 侍【飯テロ】SUSURU TV.第828回,101556,Japanese
Z0RbN1jFGPw,青木宣親選手のテーマ【東京ヤクルトスワローズ】,10858,Japanese
FxOf9TKfbig,【爆笑ｗ】女子の皆様、惚れても知らないぜ！byキャメロン【skate3#4】,27575,Japanese
wpyPxrQjXF0,裏ダースちゃんねる　カート裏風景,9387,Japanese
L4TAASWXGUo,【緊急速報】和田竜人さんついに身元判明！三重県四日市の両親が名乗り出る,54007,Japanese
u_zQOXRQF7c,記憶を失ったブロさん　ゆっくり茶番　part1,20640,Japanese
EIybxTJ1KZc,すごいパワー！松井秀喜あわやホームランという打球に観客を沸かせる　巨人×ソフトバンク　OB戦,92128,Japanese
g1wCvEgwH8g,♯86報道特注 偏向メディア、モリカケの次はスパコン、伊藤◯織、野党の執拗な山口追求,68297,Japanese
bAZpsVITwYE,カワウソさくら 欲張りセット 1人オリンピック編 Various otter,52312,Japanese
EzZZwt5GYdg,飼い主に何されても怒らない猫が可愛すぎるｗｗｗ,51958,Japanese
nc6hyDZ7I6U,〖日本語字幕〗セブチ運動会［徒競走］,8610,Japanese
dEJFtUlp-C4,よしもと新喜劇「シゲオとアキコとうどん」,12550,Japanese
hIvcgh3NHk4,メレンゲ 伊野尾慧に恋をするノブコブ吉村さん❷,30610,Japanese
iyL5spmszJ0,【ポケモンGO】福井に最強レックウザ降臨！大豪雪後のレイドに人は来る？,6245,Japanese
ZY-AOwHy4rQ,背よりも高いバンカーでマイコちゃんピンチ！,6979,Japanese
QtlR6eaQnY8,いただきハイジャンプ 2018年2月10日 180210,30573,Japanese
1r509Yt9XLg,謎めいたパラノーマルの実体 523,7930,Japanese
UG5pawib9bk,昔のおもちゃシリーズ 　１円です・・・笑,16985,Japanese
z2NL5dS5DkQ,FX土曜勉強会《101》『第2波のエネルギーを獲れ‼』,6736,Japanese
6hxPQlNYhYA,HOA HẬU THỂ THAO GỌI VỐN SHARK TANK | TẬP 14 [FULL] SHARK TANK VIỆT NAM | VTV 3,391626,Japanese
qpAsybYuCrY,東京ヤクルト 青木宣親 新応援歌 2018年〜,5811,Japanese
Q2e71rS0AmA,欅って、書けない？ 2018年2月11日 180211 乃木坂４６,208658,Japanese
xEZTDtbAbDI,Yura Min Wardrobe Malfunction South Korea Olympic Ice Skating,127271,Japanese
3IZJ5_1hgW8,アニメ「タヌキとキツネ」第4話,59901,Japanese
sNWq6zJfhBg,平昌五輪で安倍首相が韓国人からとんでもない待遇を受けていた【海外の反応】,196751,Japanese
YGAXEHyTab4,[2018평창동계올림픽] 피겨스케이팅 도중 옷이풀려 자유롭게 팔을못쓴 민유라 선수 -대구공돌이,241373,Japanese
ukY5gJ-ZZLc,世界の果てまでイッテQ！　2月11日 180211,93718,Japanese
6VUlPQ0hrnY,雪合戦はここまで進化しているんです、遅れるなよ！？,1627778,Japanese
Q3GL0wkFWUA,新潟の天才女子高生「琴音」音楽チャンプ「明日への手紙」手嶋葵,153786,Japanese
L5aegmxAyto,【DHC】2/12月 青山 繁晴×居島一平【虎ノ門ニュース】,115339,Japanese
8RFyOebRvZ8,【海外の反応】平昌五輪で安倍首相 大人気過ぎww 韓国人 まるでスーパースターだ！,291447,Japanese
fPpHb7uQA9g,Крушение Ан-148 сняла частная Камера,369521,Japanese
N-LunjCIAmk,【カンタ&としみつ】２時間でバブリーダンスどこまで踊れるようになる？,691847,Japanese
9pii9ZwxxyY,秋田犬部屋から脱走して仏間に入るをマスターする【akita dog puppy】,23712,Japanese
4XMSvI77b60,【上念司】最新ニュース速報 2018年2月12日,12095,Japanese
5ZI1R0XFYpE,【無修正】クロマグロのさばき方【銀色のヤツ】,288954,Japanese
zlIkJjPa3Uw,【NHK】ノーカット（実況なし）エース宮原、オリンピック初登場！　フィギュアスケート団体予選　女子シングル・ショートプログラム＜ピョンチャン＞,48009,Japanese
7RbcSEm7ay0,【Full ver.】 米津玄師 / Lemon 〈Cover〉ドラマ「アンナチュラル」主題歌,15491,Japanese
ze4qQICHOws,そんな所が食べられるの！？牛の尻尾入りカレー！！,77212,Japanese
08A73Fh0JUU,眞子様を翻弄した小室圭に秋篠宮様が取った「ある行動」がヤバい！,110632,Japanese
p3nMjP2wKPo,眞子さまと小室圭の婚約が事実上の破談に！放送出来ない本当の理由に驚愕！,206134,Japanese
hmQIC535jBw,[平昌オリンピック] 　五輪開会式でトラブル続出　謎の男が乱入,1910,Japanese
2jRgAexHbDk,Sanji Lying | Luffy Punches Him - One Piece 825,1005518,Japanese
MTpGrsKEExU,Cleveland Cavaliers vs Boston Celtics Full Game Highlights / Feb 11 / 2017-18 NBA Season,1724134,Japanese
jStKu23UfHc,【ダウンタウンなう】今の「どないやねん」の使い方良かったなあ･･･,49826,Japanese
FZSRKmPu10E,One Piece 825 – Luffy Wants To Destroy Big Mom Wedding,451267,Japanese
2Dhs89OLnMU,"【海外の反応】宮原知子,平昌五輪の得点に外国人も困惑も「得点は彼女に関係ない」ワグナーも言及！Satoko MIYAHARA　Pyeongchang Olympics　（和ノ輝キ『ココロ』）",80040,Japanese
1E7UaOrytko,動物病院で激おこ！今月もゴジラ猫リキちゃんは健在☆公園でまったり・おうちでカリカリやけ食いする猫【リキちゃんねる　猫動画】Cat video　キジトラ猫との暮らし,15061,Japanese
gNI0YbcWYgw,レペゼン地球 DJふぉいの深い話,113796,Japanese
5wP1C3gL3NE,【フル】★電影少女★　第６話,3176,Japanese
z2QAaxIDoOI,世界の果てまでイッテQ! 2018年2月11日,7269,Japanese
uIRXG-dKKN8,イッテQ　みやぞんが素潜漁りに挑戦　→　鼻から延々と海水がｗｗｗ,62458,Japanese
k7fbAwMX24o,スプラトゥーン2 テンタクルズamiibo 発売決定!,191821,Japanese
82vPJPzwVAg,プロ野球  / 180211(日) 西武 秋山翔吾「相手チーム三塁コーチにイラっとする」【神送球ベスト3】/ プロ野球ニュース / プロ野球 ハイライト,56699,Japanese
UoDDBCBTsnU,「ドラマ」 賭ケグルイ 第5話 最高の瞬間,6675,Japanese
9g5x8fB8vYg,【平昌五輪】深夜の０時過ぎまで競技を強行！『選手が可哀想』とネットで悲鳴！,4115,Japanese
qLAYuXiia5U,【競馬予想】 クイーンC 2018 本予想 ＋ 雲雀S,15502,Japanese
36kZ8xojIz0,理不尽な先輩と譲らない後輩の結末,606066,Japanese
Yss05usOjt0,【平昌五輪】開会式2018「人面鳥」日本で検索1位→デザイナーコメントwww韓国の反応,5517,Japanese
44pqSKJUdKQ,【チャレンジ】約２０人前　６㎏チャーハンチャレンジ【大食い】,90033,Japanese
xzgP65pvMi4,最新ニュース速報　須田慎一郎　2018年2月12日,5106,Japanese
PtbaWeSgSZk,掃除機への当たりが強すぎる犬と、無関心すぎる猫  Dog and cat reaction to the vacuum cleaner,60568,Japanese
3SyLEgjJu6M,【海外の反応】平昌五輪・海外メディアの風刺画まとめ→韓国「外国人は冷静に見ている」（すごいぞJAPAN!）,18445,Japanese
ejH6BHVYrsY,20180211 スポーツスタジアム魂 松坂大輔独占インタビュー,4772,Japanese
06v8eQuV0uE,【広島カープ】2月11日紅白戦ヒット＆得点シーン,5380,Japanese
2f6zZ7tUp24,【検証】４種類のミッキー全員に出会えるのか？,29252,Japanese
2XchCjE2fy8,香港ライブ前の円陣動画【乃木坂46】,2545,Japanese
E0yBn_3vrYI,豚汁レシピ05,7054,Japanese
HGxvUn_PTH4,最新ももクロＺ　４人でのバレンタインデーライブ　「カップルよりも熱い」,5105,Japanese
qy3iltRcMb0,史上最高値でかつ希少な車トップ10,188715,Japanese
wmV-urzRHLY,【大食い】【食べ放題】かっぱ寿司の食べ放題はお得感満載で天国だった‼️【MAX鈴木】【マックス鈴木】,66315,Japanese
rtLHyMNLnOc,日本ハム 清宮幸太郎 バッティング解禁！大谷翔平 電撃訪問！ 2018.2.12 日本ハムファイターズ情報 プロ野球,3576,Japanese
mFBzxvVUO_o,［学園ベビーシッターズ］ユキちゃん、竜一にお弁当をあげようとするが！？,3859,Japanese
i_cNNDJaFaE,【ゆっくり実況】世界一危ない猫ちゃん！？笑いで腹筋を崩壊させる最強の猫登場！！【ねこが隠れて出てこない】,88342,Japanese
p6XQMkLpHo4,ドンキの激安弁当が爆盛りでビビった！！,149314,Japanese
fmxhzWjW2l8,貴乃花親方を擁護していた立川志らくが“信じられない一言”を放ち驚きの声..「志らくどうしちゃった？」,43589,Japanese
ynJm_HQfyW4,Pilipinas Got Talent 2018 Auditions: The Magnificent Light Artists - Light Painting,878086,Japanese
d9p7oYZfE74,【香川真司は負傷で途中交代&長谷部誠はキャンプテンとして試合出場】,3672,Japanese
Cerx4Z6WbPk,進撃の巨人102話　後の祭り,7916,Japanese
LhfRDkZR6Sw,おしゃれイズム 2018年2月11日,33902,Japanese
T3auXF1BzbE,プリンシパルの君へ｜ジャニーズWEST｜MV解禁,7212,Japanese
gP5rZvsw0eE,【BTS】とにかく癒されるユングク♡,7785,Japanese
64Ceq0ZBl14,"天才軍師 #201 安元洋貴,細谷佳正 ゲスト,日笠陽子（2018年02月11日）ラジオ",5846,Japanese
1l7aLyAIoak,【サッカー】とりかごでキレる奴出るまで終われません！！,89536,Japanese
ySubPoT370I,【TEL人生相談】中川判決　アホは忘れて明るく生きよ,2009,Japanese
ifn2HzQ3CDU,0211 キャンプ情報 石井一久が金本&井口監督と松坂大輔直撃 カメラは見た プロ野球 ハイライト,5352,Japanese
VulzKe1D2m0,「学園ベビーシッターズ」虎太郎くん大ショック！？一体何が？Gakuen Babysitters,17509,Japanese
6Z-FJvF7-gI,保健所から迎えた犬　大好きな人,6231,Japanese
62_ffgKPVJg,2月11日 阪神対横浜 練習試合 ハイライト,152266,Japanese
HCuBeinFJE0,阪神タイガースDeNAとの練習試合、猛虎打線爆発！ロサリオ、糸原、中谷がHR！才木が３回ノーヒット４者連続３振のナイスピッチング！,58227,Japanese
Q4EmEgw5q4Y,【衝撃】5分、30分、60分 歩いた時に起こる身体の変化,83011,Japanese
JcsOlUFFSo4,甘えた鳴き声で飼い主を呼ぶ子猫がかわいい,12188,Japanese
clAPxCtnyZU,やべっちFC デジっち FC東京,46455,Japanese
-9c5ggtC_Uc,【進撃の巨人】102話で気づいた3つのポイント giant consideration,5820,Japanese
_nR9A-SAfOE,[No car no life] SUPER GT+「メーカーチューニングカー徹底検証」,3454,Japanese
bPNLrLEMgE0,【卓球】日本が世界に誇るサーブの名手：福岡春菜(Fukuoka Haruna)【世界で輝いた七色の王子サーブ】,5181,Japanese
0y6JReppJlo,【HUGっと！プリキュア】キュアアンジュ初変身シーン,372572,Japanese
C2gMcjRJYdk,FX報告、ダウ大暴落＆仮想通貨でマイナス5000万円になった。,64384,Japanese
nWyBMvguPsA,クイーンカップ　予想＆調教解説＆参考レース解説　丹下日出夫,14046,Japanese
IICFoFKgOJ4,【真冬のオオカミくんには騙されない❤ #3 本編フル】全員片思い！？スノボデートで真冬の恋に暗雲…ラスト5分で急展開！｜大人気の女子高生恋愛リアリティーショーは毎週日曜よる10時アベマTV放送中,148626,Japanese
0ZwcukuKfmQ,"남녘에서 울린 현송월의 노래, 김영남을 울리다",134430,Japanese
MDieY76_ehc,映画「インクレディブル・ファミリー」特報 第2弾,3924,Japanese
M45-7fcdEgY,月曜から夜ふかし　プロテインで蜘蛛を強化ｗｗ世界で一人しかいないわなｗｗ,239193,Japanese
M41ojhJzMIM,【異次元】30秒見つめると空間が歪む動画がヤバすぎた。。。,88446,Japanese
YLsYTSkIpvk,竹田恒泰氏が結婚延期について放った”ある一言”に一同驚愕...明治天皇の玄孫が語る眞子さまと小室圭さんへの見解とは？,33239,Japanese
xm3qSC7cZ9U,【浦島坂田船歌ってみたツアー】ナンセンス文学【志麻】,33525,Japanese
6J-jKm3scXo,Koombiyo | Episode 50 - (2018-02-11) | ITN,166341,Japanese
gdtrFzZ8lfI,全力!脱力タイムズ & 動画 思わずわらう滝沢カレンの国語の授業,6512,Japanese
KTt6cVSta18,天界の波動  - 選ばれた人しか聞けない話【斎藤一人】,6881,Japanese
o6MLoxBtpmc,羽生結弦　韓国入り、ファンで仁川空港はパニック,62268,Japanese
_NHrL7hkf6o,オーブン無しで作れる簡単!生チョコミニタルト♪,90628,Japanese
f-jFclUfLc4,section3 JC浜〇湖 再訪 ～事務室と別館～【完結編】,7483,Japanese
Ezto087Fuq0,巨大なダンボールに猫たち大興奮！その中身とは…！？,50066,Japanese
c0MDC44ewyA,Southampton vs Liverpool 0-2 - Goals & Highlights (11/02/2018),424500,Japanese
KJ2guel2aRE,【syamu_game】ヒカキンに認知され国会議員が出動する騒ぎに発展,155874,Japanese
cFwBPtzbKMg,嫁さんが初めてレヴォーグを運転しました！,9177,Japanese
gF4okcPGNas,【大食い】麦ご飯おかわり自由のお店で食べまくり！【食べ放題】,13798,Japanese
CPo_NSjSGmE,YURA MIN & GAMELIN ALEXANDER 민유라 & 알렉산더 겜린 @ 2018년 피겨 종합선수권 아댄시니어 SD #01,217989,Japanese
dPMqNCAxpMY,현송월 단장이니 큰 박수를…통일의 꿈 담아 한곡 / 연합뉴스TV (YonhapnewsTV),134931,Japanese
_czJk8cUxV0,KinKi　Kidsのブンブブーン 2018年2月11日,23931,Japanese
mfI27JGlEE8,羽生結弦選手が韓国に到着 　平昌五輪,25931,Japanese
ngambqAukEI,今日の シャンシャン　２月１１日　上野動物園　パンダ  香香,8944,Japanese
s--zFdjlUcY,阪神の助っ人ロサリオ！来日初打席の初球でホームラン wwww,103200,Japanese
HMUflKoFXYk,中居正広の残留理由が判明しSMAP合流時期が明らかに!?草なぎ剛らに伝えた譲れない”ある条件”に一同納得！,10908,Japanese
MzwIrsgCaLc,フタ開けたらｗｗ【ガキ使】,36482,Japanese
da3lGSFm7O4,2018-02-11 乃木坂46の「の」- 樋口日奈・生田絵梨花・山下美月,42972,Japanese
QT67QjdbCn0,意外と知らない!? 燃費がＵＰする裏技10選！　知ってよかった雑学,11130,Japanese
xK387XMa5dQ,FOOT×BRAIN  2018年2月11日 180211 【横浜Ｆ・マリノス～検証オリジナル１０第５弾！】,10439,Japanese
YBIS3hbkQf8,【大食い】パン13枚！激甘とろ〜り！ マシュマロチーズトーストがクセになっちゃう味！【ロシアン佐藤】【Russian Sato】,108904,Japanese
pSMUX2qc0Is,伊野尾慧の可愛さに落ちた人たち,8099,Japanese
GIILcNJO-3E,【Tik Tok】うまい絵集2,17992,Japanese
AjNNUWN1-DY,Dragon Ball Super Episode 128 Extended Preview HD,405352,Japanese
vXQXQrNnwVo,二階堂大和  (IDOLiSH7) / 『Love two you』,70611,Japanese
U8QlglQivpE,ミンユラさんの衣装がはだけるシーン 平昌オリンピック フィギュアスケート ( 민유라 의상 )( costume min yura ),30793,Japanese
BvAX9K4lydY,海外の反応　「凄絶な展開」  米国メディアが平昌開会式に”辛辣なコメント”を連発！,10923,Japanese
A9Ytvx37oAQ,현송월·서현의 깜짝 무대...북한 예술단 공연 감동 속 마무리 / YTN,304586,Japanese
6yJq_m562qI,【バレンタイン】電子レンジでハートラザニアの作り方【kattyanneru】,25208,Japanese
76-KTVPm7XA,TWICE「Candy Pop」Dance Practice ver.,1273490,Japanese
HfyrusYr4i8,【高橋大輔が解説】宮原知子の点数が低い件,16905,Japanese
mOMRUT6YJDk,落合陽一 仮想通貨 2018.2.7「もうクレカにも勝てない」【超一流の思考回路】,15436,Japanese
ijlw017_dQw,ジャンクSPORTS2018年2月11日【神アスリート勢揃い!知られざる守護神の一日▽新企画も】,19536,Japanese
RmDSTQGrveQ,アクシデントから新記録達成!!平昌五輪韓国ショートトラック。,176382,Japanese
Mj_tCaWNM78,[릴레이댄스] 세븐틴(Seventeen) - 고맙다(Thanks),406525,Japanese
7vwlaFTL90Q,ロッド折れそう‼ルアーに変えたらまさかの一撃‼,112016,Japanese
a02oRGLRaUM,【羽生結弦】ついに韓国到着！動いている羽生選手の姿に涙！→「警備員の数が国賓級！」（山本まどか）,12479,Japanese
mNqSetEhB2o,猫ハウス ～ある夜の出来事～ボスが来た！It happened at night,16333,Japanese
H0RP1SroRNU,海外の反応「まるでスーパースター!正直、俺も一緒に写真を撮りたい!!」韓国を訪れた安倍首相が大人気,28423,Japanese
XLXFUS67cow,【汗かきオン・ザ・ビーチ】　ミタパン VS バナナマン・日村,1902,Japanese
ihfTW6DxezI,猫をあのバッグに入れて運搬して放置した結果,19460,Japanese
Op8sLLenBgU,🌈400万回突破感謝記念特別動画💟５部構成💟恋愛編あり～オラクルカードリーディング,6727,Japanese
M1SO1zvkPYI,ドラゴンボールファイターズ プロゲーマーかずのこ 前半ランクマ 後半ふり～だとガチ対戦,20472,Japanese
m5RytGisFcA,クイーンカップ　レース予想　プロ馬券師集団『桜花』,12943,Japanese
w9uju4TchTY,180211(日) 関口氏、張本さんに喝【OB戦】ダル・カブスと合意  ／ プロ野球 ハイライト,41526,Japanese
8FioBnc4MX4,時々うるさい、静かなジェンガゲーム  [seventeent セブチ],11157,Japanese
MNwJmCNWKb4,妄想疾患■ガール　歌ってみたのはメガテラ・ゼロ,41656,Japanese
B90VKc_BBVA,斉木楠雄のΨ難2期2話 フル(2),6588,Japanese
MUeqfISsZM8,Yura MIN & Alexander GAMELIN (KOR) 민유라 & 알렉산더 겜린 | SD | 2018-01-24 4CC Ladies,177544,Japanese
YKW_V1QFHzE,ラーメン200食無料提供！日本人のある行いに台湾の現地は感動と感激の嵐【すごい日本】,56364,Japanese
iP8o309aV-g,サンデー・ジャポン 2018年2月11日,25826,Japanese
_NnYm-z4hGc,痛烈！ 目の覚めるような弾丸ライナー本塁打集,7220,Japanese
N0oMcPbx4ks,2月11日　京都記念　クリンチャー,23093,Japanese
gRBSQvdV4EY,【重大発表】皆様に３人から大切なお知らせがあります。,107782,Japanese
vw5FvzHsFHc,Pop Team Epic Episode 6 Live Reaction Mashup,7246,Japanese
_4s5X_UhPEM,やっぱ八乙女光ってスゲェ面白い奴だって思う(10),45203,Japanese
uftrSWaNMec,【期間限定公開】勇敢戦隊ブレイブフロンティア,90057,Japanese
VG5auMC9I0Q,ミニモニ。ジャンケンぴょん !  / ミニモニ。,155100,Japanese
wYSnrlfjdAc,"#1【生放送】ドンピシャ,ぺちゃんこ,鉄塔,標準のEA SPORTS UFC 3【三人称+1】",73307,Japanese
TJ64ukzrJL4,【驚愕】宮原知子の得点が驚異の低得点！その訳？,142741,Japanese
UkoV2-koBUQ,【超過酷】-10℃の雪山でキャンプにチャレンジ！,250437,Japanese
MB4qNDSJNsI,モーニング娘。２０周年記念スペシャル - 18.02.12,24271,Japanese
9qDeO7cwNpc,【ゆっくり実況】警察に逮捕される！？笑いで腹筋を崩壊させる猫のガチャを引いてみた結果！！【バカゲー】,124153,Japanese
-6L27l3il28,モーニング娘。20周年記念スペシャル,136722,Japanese
qbzy22AP7Js,【NHK】ノーカット　驚異の15歳、ザギトワが魅せた！　フィギュアスケート団体決勝　女子シングル・フリー＜ピョンチャン＞,84426,Japanese
zZyTTBXwd88,『ハッピーシンセサイザ』 踊って歌ってみた！,165799,Japanese
bXmPRSro5kE,稲垣吾郎VS香取慎吾　サントリー　新オールフリー　CM対決！,118528,Japanese
4pyV0G7HeEc,Mirai Nagasu is the first U S  woman to land a triple Axel at the Olympics,1087530,Japanese
PcNbF0FFZ6o,はじける笑顔で雪を楽しむ柴犬 Dog in snow,45270,Japanese
XRBDp347zH8,【長谷川幸洋】最新ニュース速報 2018年2月12日,49317,Japanese
7LsdGlWBgzg,羽生結弦 平昌五輪 初練習 トリプルアクセル成功 ティッシュケース 3回転半 リンク 3か月ぶり 競技会場 2018年2月12日,26916,Japanese
9UHl08MhZS4,【平昌五輪】不備に笑顔で対応していた葛西選手が遂に激怒！その理由とは？,115714,Japanese
niX34ZaS4wY,豚汁レシピ06,21525,Japanese
r7L7pVKUc7w,シャンシャン 、壁と木の間にハマるΣ('◉⌓◉’) 【パンダ】giant panda,11634,Japanese
ThrK2S5kWOU,SCANDAL 『プラットホームシンドローム』,66904,Japanese
ve0HZmQDKbc,柴犬小春　ASMR【実験】苦手なトマトが、大好きな鹿肉に混じっていたらどうなる！？のはずが。Does Koharu like Tomatoes now?!,28134,Japanese
r-uYujAZR9M,ドリ天 Vol 49 ② ドリフトスター誕生!! ②,7752,Japanese
Xce5GhISSDM,【極寒】 北海道でふんどし一丁でお湯をかけ合う奇祭がとんでもないｗｗｗ,45502,Japanese
1ShnDeiqkxU,イヤモニ、マイク、ガオラーなどLittleGleeMonsterが語るミュージックスコップ,15541,Japanese
fqcQ9Ioaoak,【バルミューダ】とうとう高級トースターを買ってしまった！【赤髪のとも】,114334,Japanese
YnHAf5hDuC8,インジョルミトースト（きな粉餅トースト）を作って食べる！【Mukbang/ASMR】,28484,Japanese
OzE_-rQDxwg,【青山繁晴】 日米韓北が場外乱闘！ 上流層しか知らない平昌五輪 の政治利用真実（論客最強ランキング）,13328,Japanese
Sa9yH0PipF0,広島カープ  藤井皓 投手 紅白戦2イニング  2018日南キャンプ最終クール3日目,5708,Japanese
9oT5es2LWrk,堤防アジングで「別の大物」が食いついた‼,89197,Japanese
WZ7RMirDIpw,"【MUKBANG TRIP】 FULL Spicy & Tasty Authentic Hot Pot [HaiDiLao] 36 Servings, About 5000kcal[Use CC]",250293,Japanese
ME5g4bZQCgI,モンスターサワダ逆風切り裂くで120m特大HR！強烈な一振りで球場騒然・・,73281,Japanese
FKYoqJw9td0,長洲 未来、3人目の快挙！トリプルアクセル！2018 Pyeongchang Olympic,24679,Japanese
Z3evx2MBWN0,JCG レインボーシックス シージ(PC) Master Monthly Ops -February-【実況:ふり～だ 解説:きんち】,93704,Japanese
B6GxvgcuYyo,今日の シャンシャン　２月１２日　上野動物園　パンダ  香香,5443,Japanese
Cpyb7Y3L0ck,丸山純奈 from POLU「MajiでKoiする5秒前 (広末涼子)」2018/02/10 バレンタインコンサート 国営讃岐まんのう公園,12895,Japanese
Wm3njw05D30,Kuroko no Basuke Match Moments 06 - Seirin vs Shutoku (Part 1),110346,Japanese
HFTfy33dfzY,[MV] 양요섭(YANG YOSEOP) - 별,143920,Japanese
xxU5dtXqVbo,【超便利】ドアにくっつく猫じゃらしに猫たちが飛び跳ねるｗｗｗ,41906,Japanese
3TcgNBdLC2k,【BTS日本語字幕】ゲーセンで熱くエアホッケーする。〜長男は災難日だった〜,38336,Japanese
mVWJFNr6utY,バレンタイン とろーりハートチーズメンチカツの作り方【kattyanneru】,21573,Japanese
zKKrcwGOhic,【公式】浅草うず九 #5 - 一流芸能人に勝利しろ！ご褒美争奪マッチ！（後編）,4645,Japanese
ySFOsUn7jWE,[MESSAGE FROM.TVXQ!] 2018 S.M. GLOBAL AUDITION,55235,Japanese
fwaw24-ljOE,【カープ】2/12 大瀬良 投手  ランチ特打で打者3人に好投！,5109,Japanese
l-ILd_3x0JY,シャンシャン245日齢( 2) 2018年2月11日撮影,18054,Japanese
F2KxHnD6KoA,【日本語字幕】BTS (防弾少年団) 大合唱でハモるグクとテテ！即興にも関わらずハモリがすごい！【バンタン 翻訳してみた】,4681,Japanese
mPT7fBCZemU,よしもと新喜劇「愛のからくり一芝居」,4967,Japanese
20CKMBMN5S0,今、理想としている事はどうすれば叶いますか？✨方法を中心としたアドバイスを出しました✨,4058,Japanese
BaGD9WDoZGw,《吐槽大会》第二季完整版：[第10期]收官！张靓颖为选秀歌手打call，毛不易《消愁》遭吐槽,131738,Japanese
XWYmNyx8naQ,140キロオーバー出現！クーニンズ入団希望投手スピードガンコンテスト,94210,Japanese
NeLcrUHItnE,本名公開について,130421,Japanese
1c32oj71UYk,色違いチルットを進化させたい！(ポケモンGO）,7826,Japanese
XBK-2_6GQ5g,2/12 中日対ハンファ 練習試合ハイライト”プロ野球 キャンプ情報,9799,Japanese
CT5N2cnAvuw,藤井聡太被害者の会 ＆ 藤井五段エピソード【浦野真彦八段・中村桃子女流初段】【将棋】,22539,Japanese
MeCkrwJR43s,ガキの使い   2018年2月11日  180211,206918,Japanese
iQPnrJ_0CvY,ネ申テレビ 「不眠耐久レース 北原よ永遠に 前編」 2018.02.11,5782,Japanese
9TKP7EkjlWk,プロ野球  / 180211(日) プロ野球 戦力外の裏話【村田修一の引き取り手は‥？】/ プロ野球ニュース / プロ野球 ハイライト,520169,Japanese
2Sv8_ZdDr1I,【I NEED YOU】パートを変えて歌うがユンちゃんの歌い方が強烈すぎて、、、,20083,Japanese
cfohTLuZrWA,第53回 デイリー杯クイーンカップ GⅢ 2018/2/12,6416,Japanese
27qeAEIXcZ0,【平昌オリンピック開会式2018】韓国メディアが低予算（人面鳥など）を誇るも日本が…中国人の反応,14380,Japanese
n88D2fe3_v4,ゲーム実況者わくわくバンド『デンシンタマシイ』MV,57619,Japanese
zUwaQsI-V6k,Sporda Saygı ve Fair Play'in En Güzel Anları • Part 2,2132748,Japanese
dwTJvm2lQbs,ซูเปอร์หม่ำ | เป็ด-โน้ต เชิญยิ้ม  | นัน อนันต์ | 4 พระเอกหมอลำดาวรุ่ง | 11 ก.พ. 61 Full HD,839309,Japanese
oDxpgeFGhQ4,クイズ☆正解は一年後 20171230　16：30ペコチオ、1：03：00枡パン,39310,Japanese
ewo2xATYUQg,【俺ガイルSS】そして元カノと再会する2,2624,Japanese
2XGxPIU-vGw,芸人と芸人志望の生徒がSNSで出会い…　よしログ,3501,Japanese
4t2lTRpOaVk,"Ika-6 Na Utos: ''Sydney, takbo!'' - Geneva",651911,Japanese
cene97fTKJQ,Howfun / 叫媽媽，好難。,314216,Japanese
BIrEFpTMOmo,本田圭佑 技ありゴールを演出!! ベラクルス戦タッチ集 Honda 12/02/2018,75355,Japanese
mDoDBUiChvc,オールフリー 『生きてるっ！』篇 30秒 稲垣吾郎 香取慎吾 サントリー CM,8600,Japanese
XquN_IaUXN8,欅坂46 MV解禁 ガラスを割れ,31495,Japanese
VRMf3WVqhZs,【NHK】ショーン・ホワイト　いきなり高得点！ スノーボード男子ハーフパイプ予選＜ピョンチャン＞,207263,Japanese
smI4U2ZHxEQ,【欅坂46】ガラスを割れ MVmaking ZIP,122662,Japanese
UXa1bG5YFq0,m-flo / No Question (EDIT Ver),57509,Japanese
d5p-tktUUG0,「いぬやしき」予告,32034,Japanese
vZ3it17b2mc,【欅坂46】ガラスを割れ！ カッコよすぎて萎える。,45738,Japanese
RN1UNeiG94E,【8th WEEK】至恩、あの女子を痛烈批判「ダメ女」,165752,Japanese
Tycw_agwZII,欅坂46 ガラスを割れ! MV公開① 20180214,8457,Japanese
wBQ9k9O4REc,【ハイライト】ユベントス×トッテナム「UEFAチャンピオンズリーグ17/18  ラウンド16　1stレグ」,57551,Japanese
c8asDylRpcY,テラスハウス オープニング ニュー ドアーズ 山チャンネル Vol.8「俺がベジータだったらハッキリ言いたい」,72784,Japanese
aIcqoRhTuM0,月曜から夜ふかし 2018年2月12日  180212,270442,Japanese
AtKSBtTnpuA,爆笑問題カーボーイ  2018年02月13日,5078,Japanese
pCGrI1uol1A,"#2【生放送】ドンピシャ,ぺちゃんこ,鉄塔,標準のEA SPORTS UFC 3【三人称+1】",105543,Japanese
nekQ_p22cX0,【賞金100万円】バトスピ エクストリームゲーム #41,4346,Japanese
eNQs1eBujsY,[아라시/嵐] 아라시 금발 컬렉션,56261,Japanese
gFP_Coi71c8,【DHC】2/14(水) ケント・ギルバート×半井小絵×居島一平【虎ノ門ニュース】,71011,Japanese
NlT5iKTO2Dg,落合陽一 お金の使い方、間違えてる人達へ「何で気づかないんだろ」2017.12.6 放送分【超一流の思考回路】,5513,Japanese
A6OuodiGgIs,RYUCHELL(りゅうちぇる） - Hands up!! If you’re Awesome（Music Video）,29654,Japanese
af08-WKMEeM,絢香＆三浦大知 / 「ハートアップ」 Music Video,12218,Japanese
MqTkG4kQ5OY,安室奈美恵 / ジャパネット制作！安室奈美恵グッズ紹介動画！髙田社長が2年ぶりにMC復帰！,221974,Japanese
G6KHzohLVd8,【TWC】うんこちゃん『飯買いに行く配信』【2018/02/13】,7733,Japanese
znmmejSNEYA,スプラトゥーン2 ハイカライブ 闘会議2018,152412,Japanese
JjgDA0kWQbo,中日ドラゴンズ沖縄キャンプ2018　松坂大輔 ✕ 井戸田潤（スピードワゴン） 初対面 プロ野球選手のマネー事情は…,3657,Japanese
fc3khhUfgjA,朝ごはん作ってみた【豚の睾丸の注射器焼肉焼き】,309750,Japanese
8dhlTJ6MXdg,【銀魂文字おこし】どうしたら絵を描くのが上手くなりますか？【さっちゃんのあなたのお悩み始末します#4】,6354,Japanese
_7xZgkB92eQ,【面白すぎ】感電ビリビリ竹内涼真ゲーム!!!!!!!,223042,Japanese
5QH40BSMkPo,バレンタインメイク♡チョコレートデートメイク｜Valentine's Day Makeup♡Chocolate Date Makeup,6945,Japanese
hmrKjDgVpwI,極寒の中ついに渓流の王様を捕獲した！！！,250737,Japanese
cjCnIudMTdw,Overlord II Episode 6 Live Reaction,7760,Japanese
wZZO94hHkkg,【今夜、誕生！音楽チャンプ】「明日への手紙」（手嶌葵） ／琴音（ことね）,309448,Japanese
31FRphGhoyc,【MV】月/WOMCADOLE,11579,Japanese
xSo4BBk_uPY,月曜から夜ふかし　上手く撮れたといいつつこれはひどいｗｗ普通変なもんだけどｗｗ,93969,Japanese
9sj05NuQW84,180213(火) 千賀vs.柳田 初対決！「エース菅野 インスラ映え」野村 初の開幕投手へ ／ プロ野球 ハイライト,28217,Japanese
fUyU3lKzoio,"Hey Buddy, Can You Give Me a Hand?",4785795,Japanese
U3SiHwuATj4,しゃべくり００７ 深イイ最強の独身女ＳＰ超お嬢様密着＆天海祐希と江口のりこ(秘)私生活 -  2018年2月12日放送,53239,Japanese
e25CZhGchss,巨人「長野」何回もサインをもらうファンにキレる （2018-0212）,264856,Japanese
ibjtAEoG81E,【大成功】第一回ファンミーティングの全部見せちゃいます！！,19508,Japanese
knetpe-nJOM,「あいつは人殺しの息子なんです!!」幸せに襲いかかる不安… 2/20(火)『きみが心に棲みついた』#6【TBS】,58427,Japanese
HmcMXeuwgbc,【平昌五輪】競技中なのに天気が予測できずに日本にまたも迷惑をかける事態に！,73034,Japanese
atDftmmvxsk,貴乃花に寺尾が放った一言に一同驚愕！理事候補選での裏事情がやばすぎる...,110343,Japanese
QMoiLyF0jn0,笑わないようにしてください！思わずに笑っちゃうハスキー犬のおもしろハプニング特集,20114,Japanese
1GcGbHRcVt0,【海外の反応】中国代表の屈辱的壊滅に『中国が疑念の眼差しを向ける』破滅的な情勢。韓国の公平性をまるで信じず,5733,Japanese
lhAbQ3SxOPs,ウタエルチャンネルテーマ曲「ヒカルにプロデュースされたかった」【ウタエル】,56726,Japanese
s2wSwJSKR0U,【大食い】２ボウル　ラーメン富士丸西新井大師店【デカ盛り】,70608,Japanese
4UWMXpff9lY,【新番組!!】ノリ打ちバッチこい!!GOLD#3　まりも【まりも × 松本バッチ × 鬼Dイッチー】＜これがノリ打ちの力だ!!!＞,202964,Japanese
d0DyBHIxJwU,羽生結弦 平昌 記者会見　「絶対に勝てる」,43378,Japanese
D3aA_hungks,Overlord II Episode 6 English Sub,281082,Japanese
UN2200Y5ALI,柴犬小春　きゅうりドッキリ！のはずが、きゅうりにハマっちゃった。ASMR　Koharu VS Cucumber！,28737,Japanese
DmtIh84uE3w,目元に泡！！まつげシャンプーだとぉぉぉ！？,41966,Japanese
J_qYwXk43I0,カタオモイ ／ Aimer(cover) by 天月,243635,Japanese
0x7e6rBbRf0,インドの揚げパンの作り方,98852,Japanese
X0qBgyiR6aA,月組公演『カンパニー -努力（レッスン）、情熱（パッション）、そして仲間たち（カンパニー）-』『BADDY（バッディ）－悪党（ヤツ）は月からやって来る－』初日舞台映像,17828,Japanese
iVO-BRF0NxA,眞子様 小室圭さんの”ある裏切り”で『食欲不振』に…結婚延期は無期延期…,27777,Japanese
kZ_2qzvXYQ4,【PV】男２人がバレンタインにチョコを作るwwwwwww,301340,Japanese
xg0-wjp-_DM,5人による完成形『BLAST!』,26614,Japanese
ZJR8IQkRI7Q,【車中泊OK】日本一ダメな道の駅「あゆの里　矢田川」で豪遊してきた,110934,Japanese
UoH756e_bEI,平昌五輪で宮原知子の演技について審判経験者の”ある発言”が的確すぎてヤバい…個人戦に影響か…,24122,Japanese
pV3M_2nKJzM,【大食い】【早食い】ガチな「わんこそばの大会」に挑戦してみた結果、、、【MAX鈴木】【マックス鈴木】,40998,Japanese
reYMMSWL1zA,モーニング娘。20周年記念スペシャル　2月12日,19035,Japanese
IRXrQevmNDo,古代の宇宙人 - スフィンクスの謎 2/4,14556,Japanese
ik06RG1UyW8,TSUKI GA MICHIBIKU ISEKAI DOUCHUU Raw Chapter 21-25 | 月が導く異世界道中 | MangaVideos 2020,13328,Japanese
mgLuTJMJxY8,【2018伊勢】第03夜・近鉄伊勢志摩ライナー＆アーバンライナーグリーン車比較乗車記 / 五十鈴川→松阪→近鉄名古屋,8514,Japanese
fBy09D6GDiw,【家庭的】バレンタイン生放送♡準備中のそら【( )の発音を楽しむ動画】,39713,Japanese
7gILezjXn-M,バブーバブー バブーバブー バブーバブー バブーバブー バブーバブー,104479,Japanese
gcy5C7XpVyU,眞子さまと結婚延期の小室圭が放った一言に秋篠宮様激怒！その理由がやばい,24946,Japanese
A_4lBDdiEr4,チェックのワンピース / back number (cover),109500,Japanese
e4VmGrGGPuU,Juventus vs Tottenham 2-2 - All Goals & Extended Highlights - Champions League 13/02/2018 HD,1414634,Japanese
Ek8GuYtD3nI,【日本の名車レプリカ】日本車を改造して作った日本のスーパーカーレプリカ：タイ編【SuperCar Replica】,23701,Japanese
OgvFvYeF1IY,V OPT 193 ⑧ 2010織戸・廣田のニューマシンは!?,11519,Japanese
YSZyr21c1Bg,斉木楠雄のΨ難 エピソード22,54421,Japanese
y7gfpFzsFt8,"【ダメ、絶対】最近,流行ってる○○○の取引に密着24時『レペゼン地球』",275058,Japanese
5nxIcqYI-uc,昭和時代のエ○本の意外な内容!?【バーチャルYouTuber？ ゆっくり解説？】,12814,Japanese
3YeD_8bLy2A,朝から飼い主の腹の上で喧嘩しだす猫たちにたたき起こされました…,72520,Japanese
4Vgigt3S4d4,Basel vs Manchester City 0-4 All Goals & Highlights 13/02/2018 HD,762808,Japanese
D2N3IyPxW6A,結局、藤井聡太はどのくらい強いの？　～デビューから約1年～,15177,Japanese
v12AFvR4O90,人生の分岐点　より良き未来への最適な決断とは？,8533,Japanese
4hwny607TVU,今度こそレックウザを。（ポケモンGO）,12419,Japanese
aWo-ohozcso,ワイドナショー 2018年2月11日　180211 FULL,20875,Japanese
Lg7Bbjd_zhM,[製品PV]パチスロ 不二子 TYPE A+,11469,Japanese
mK0OycgvugA,今日のアクア,7377,Japanese
FCU3H9UwYIM,【海外の反応】米専門家が平昌五輪は巨額赤字と予想！→韓国「この情報は違う！黒字だと発表されてる！」（すごいぞJAPAN!）,26266,Japanese
SPG3dLr9WDA,斉木楠雄のΨ難第2期第5話セクション2,6454,Japanese
RMfDDNOZySo,＜仮想通貨流出＞コインチェックが会見　業務改善計画を提出（2018年2月13日）,30605,Japanese
FdiUwarhB8o,イッテＱ  宮川  寒すぎて中岡になってしまうｗｗｗｗｗｗｗ,381437,Japanese
q5klYUWF6HA,GU（ジーユー）のイヤリングを簡単に可愛くリメイク Earrings Makeover,9102,Japanese
poOgSIHFLn8,5万発目指せる引きでさらば諭吉【ビッグドリーム】このごみ255養分パチ,134880,Japanese
rbI6yVCvjww,【ポケモンGO】強風ポケ活！ボーマンダ・メタグロスへ大躍進！？【ブースト】,40141,Japanese
vXnzy2RxGn8,"【東京】ゾンダ他 スーパーカー加速サウンド Supercars in Tokyo. Zonda F, XBOW, 812, AMGGTR and more",11044,Japanese
QVWwSjuh3ro,消滅した謎の歴史 528,12633,Japanese
bqirnrtX75g,【簡単2品】お刺身と和えるだけ‼,63701,Japanese
YAzFYxHcTNk,平昌五輪 聖火台 が48時間足らずで焦げた 画像,52637,Japanese
C6nMAS8l_So,【ギター＆カホン】セッションしたらダイヤモンドが進化した!!【赤髪のとも】,88054,Japanese
JhS9zAoojK8,ゲスト2月13日 マーケットアナリスト　荒野 浩さん,9465,Japanese
JOTsWlNrbKk,#18 フェブラリーS2018～自信アリ！前走大敗のあの馬が巻き返す！～,4867,Japanese
hWCwmf3o8oI,阪神タイガースキャンプ ロサリオを古田が解説/鳥谷敬に直撃インタビュー,16637,Japanese
7TpBEtsSP_s,銀魂【Anime moment】Gintama Season 4 Best Moments #14 Full HD (Ep 292-293) - The Two Apes,6242,Japanese
H6nwc1n2-2g,チョコが欲しい猫　ちょっと触らせて～表情が可愛い♥♥猫との会話を楽しむ動画 Conversation with a talking cat,10705,Japanese
ezPPy8kza9c,☆天才天界が孤独な理由☆ただのオイラのつぶやきなんでつまんないですよ〜,7033,Japanese
3O_8GjpLLAk,【MHW＊女性実況】ハンターになりたくて！「モンスターハンターワールド」を実況プレイ！(*''▽'')＃12,8260,Japanese
kMSsowUH21E,【平昌オリンピック2018】男子ハーフパイプ予選   金メダル候補 平野歩夢 選手   2018年2月13日,20144,Japanese
GVowlcYTzZM,ヒドい怪我を負わされ、誰も信用できなかった一匹の野良猫。入れられたケージから伸びる手は、まるで誰かの優しさを求めているかのようだった。【感動する話】,13516,Japanese
fm_3wYb1Qt4,"Feb 10, THE NEW BEGINNING in OSAKA - 3rd match : Post-match comments [English subs]",7975,Japanese
hqosJKx3WdA,ジロークッキング！ラブ川の衝撃の負債額は？,110920,Japanese
3tSIys1Wy7U,アルルカン「exist」MV SPOT,5679,Japanese
UeVoE1Bgb5k,アクロ TRIANGLE LED BRIGHT 300 照明追加から1ヵ月 苔 水草水槽,4506,Japanese
84kXZ4-Ptfg,【俺ガイルSS】八幡｢人類最強になってしまった｣,6407,Japanese
r-kQvtEtw8g,【麻雀】第34期十段戦~ベスト16Ｄ卓~１回戦,5985,Japanese
yoBX4s9IqH0,コストコで買ったものは・・・？,10114,Japanese
clDnibSL8ks,覆面をしたまま横山緑が市議会議員選挙に立候補できるかどうか？立川市選挙管理委員会に問合せしました,8164,Japanese
Za0D-EDpoq8,キャップ投げ　正統派編,5035,Japanese
uvPm1XKuym8,【爆笑】ミュージックステーションで起きたハプニング,60311,Japanese
4xF0rx3CAaw,九島選手 & 丸中選手 スーパープレー!!スマッシュ&ナイスフォロー スパイダーマンばり 増田/九島 対 丸中/長江 全日本インドアソフトテニス選手権大会 2018 2 4 Sun,2938,Japanese
jcVKfSZ1tWg,【レストランふじや】ノスタルジーな格式を感じれるレストラン,9256,Japanese
H5HqA4vusWo,【勝ちに拘る競馬大勝負】2018年2月12日　勝負よりも修行合計〇〇〇万競馬大勝負！？？,6559,Japanese
WeL4hIHm1BI,FXプチ勉強会《アキちゃん流スキャルピング手法》,5383,Japanese
zXlHtyg7UKw,"Juan For All, All For Juan Sugod Bahay | February 13, 2018",155979,Japanese
viUONriHt2o,小室圭が眞子さまの家で驚きの行動に秋篠宮さま驚愕！結婚延期発表前に起きていたことを関係者が暴露...,50639,Japanese
oL6p6s2acR4,"WANTED SA RADYO FULL EPISODE | February 12, 2018",132166,Japanese
mNgstAqU76g,【量子コンピュータにより仮想通貨崩壊?】量子コンピュータ耐性のある通貨は?,4864,Japanese
_uViUeLZQhU,【2018フェブラリーＳ】絶対外せない二大血統‼（レース傾向・参考レース解説）,12739,Japanese
ZSz6FwISNas,斉木くんって潰れた銀杏みたいな体臭だし【斉木楠雄のψ難 2期 アニメ 5話】Saiki Kusuo no Ψ-nan 2 - 05,7994,Japanese
r90hJhOlbf8,【キングちゃん】千鳥ノブ＆三四郎小宮のツッコミ,145548,Japanese
YBpdL9hSac4,Incredibles 2 - Olympics Sneak Peek,1948452,Japanese
mQ0ZW10lPFs,銀メダルの平野選手がショーンホワイトを語る！ZIP 2月15日,160077,Japanese
45OyE9p5XzM,【ゆっくり実況】本物の猫を探せ！？笑いで腹筋を崩壊させる猫ゲームをクリアしてみた結果！！【バカゲー】,57861,Japanese
73IMl6rY2fk,【NHK】平野歩夢が2大会連続銀メダル!!　スノーボード男子ハーフパイプ決勝＜ピョンチャン＞,755887,Japanese
Iy9HGvfk3t8,平野歩夢が笑顔を絶対見せない理由に一同驚愕...平昌五輪でここまでの男は他にいない...,19010,Japanese
9xJLn82Avw0,【平昌五輪】キム・ブタンが表彰式で号泣！理由を聞くととんでもない事実が明らかに！,61203,Japanese
iZus8ipOMVc,平昌五輪 ショーンホワイト vs 平野歩夢、誤審だった！？,118383,Japanese
Xpfp9jwXKks,[아라시/嵐] 니노미야카즈나리 마츠모토준이 되다,7395,Japanese
FZNnY4h5-EM,今日のシャンシャン　最高の香香ちゃんをどうぞ！　２月１５日　上野動物園　香香,4023,Japanese
uCOd7P8LagY,公道走行可のカートを作る part4 シフト＆マフラー,82571,Japanese
g6ip9W2-qGM,クレイジージャーニー2018年2月14日 180214,171829,Japanese
2I7Or4rnPzU,Kei Nishikori vs Evgeny Donskoy NEW YORK 2018 R2 Highlights HD,14753,Japanese
1fnayziyc_s,2018年2月10日 SKE48 全国ツアー (新潟テルサ・1公演目)「ウイニングボール」スペシャルムービー,5386,Japanese
QsS4LCWrS1Q,超簡単！翌日のおでんを炊き込みご飯に大変身【アレンジレシピ】How to cook Japanese boiled rice,11621,Japanese
i3-gmtPilK4,ショーン「アユム、東京五輪で会おう！」,17538,Japanese
icq4NYBAAGo,ふまけんの絡みが面白すぎる😂,3087,Japanese
GmhhPpWk_n8,【ハイライト】レアルマドリード×パリサンジェルマン「UEFAチャンピオンズリーグ17/18  ラウンド16　1stレグ」,308784,Japanese
5CRAQ5DCJ40,ミュージカル『モーツァルト！』製作発表 歌唱披露　山崎育三郎 古川雄大 生田絵梨花 平野綾 木下晴香,7144,Japanese
_1ryDLOonvY,東方神起は喫煙所に逃げてきたんじゃないよ！「華丸・大吉のなんしようと？」ユノとチャンミンの話題,5264,Japanese
fCgGLS5710M,YouTubeから謎の箱が届いたので猫と開封します！！,35371,Japanese
sy983M8R4to,映画『ちはやふる －結び－』主題歌「無限未来」（Perfume）PV,55689,Japanese
8cfpadf1TZE,18ホールを1時間以内にラウンド？！！,4647,Japanese
MIUkd24ajMg,月組公演『カンパニー -努力（レッスン）、情熱（パッション）、そして仲間たち（カンパニー）-』『BADDY（バッディ）－悪党（ヤツ）は月からやって来る－』初日舞台映像（ロング）,18008,Japanese
m5C7AAi1uQc,秋田犬負けられない戦いで飼い主のテクに負ける【akita dog puppy】,39161,Japanese
93tGXjgzXUU,怖い！家の中に何かがいる！猫が怯えて隠れるまでになった,5672,Japanese
9wvD8Icvezk,忘れ去られた「幻のリール」で釣ってみた,37216,Japanese
NuPNh7Evg2w,平昌五輪 平野歩夢とショーン・ホワイトの採点に”疑問の声”が多い理由がヤバい…,7405,Japanese
2RvOuq6UW00,ドラゴンボール ブルマの 新声優決定！「ベジータの新たなる戦い」花王コラボ,19547,Japanese
bQmvvX9WsNM,【大食い】お食事処ぼんち　特大カレー＆餃子【デカ盛り】,19382,Japanese
bWIp5Db_TKI,インドのチキン包み揚げマイダロティの作り方,49187,Japanese
lzLQP25bTBk,Coming 2018 - Pentatonix,228249,Japanese
Wwnj8dHrK0s,職場の人間関係は深めるな！【精神科医・樺沢紫苑】,2031,Japanese
l0jImGsLLXI,山崎育三郎＆古川雄大のヴォルフガングが劇中歌を熱唱！ ミュージカル「モーツァルト！」製作発表レポート,5711,Japanese
UKCOrM4MNwE,ゴミ屋敷片付け一日目、ようやく終了。【宝探し⑦】,4463,Japanese
IFl_Hsa025A,『復刻版:空の境界/the Garden of Order -Revival-』告知CM,13059,Japanese
xkmnPJ0jQYw,Suchmos「808」× Honda VEZEL「もうひとつの日常へ」TVCM 30秒,15265,Japanese
5pam0KYm-z4,賢者の弟子を名乗る賢 第5~8章 [Manga Videos C] [Mangavideos],4426,Japanese
PA4gcl3eYt8,電車でよく見る光景(Doll Movie),15684,Japanese
zzyGHbhCpV4,【平昌五輪】「モルゲッソヨ」前に集合ー！ テレビじゃ流せない韓国珍名所ｗｗ,3413,Japanese
d13iwg92Qzc,ジョンレノにLINEのスタンプを連打し続けた結果…,47767,Japanese
jHb12CO-DW0,Kei Nishikori vs Evgeny Donskoy 2018 New York Highlights,13401,Japanese
cSch6tDB1po,セブンイレブン風 電子レンジでふわもちさくら和むれっとの作り方【kattyanneru】,7404,Japanese
WtqNDSOg99Q,火星調査隊員からの報告 530,3269,Japanese
LOmOEKHSOjk,バレンタインに夢見てはやくそれになりたい！歌ってみたverうらさか詩人,110656,Japanese
4qypyMPY0DA,【BTS】テテvsジミンちゃんがかっこよすぎる…♡,6375,Japanese
P76oVZaT_JU,飛行機に乗れない！？【スクート】Scoot,7836,Japanese
sUGrg7ZUPhw,麻生太郎vs海江田牛　１ドル１０６円でイチャモン　７０円が偉そうに,6063,Japanese
JzGAqzWp0N4,【BTS日本語字幕】アホプに改名します！,5342,Japanese
wVf3R5IguoU,【競艇・ボートレース 】キャビテーションって何？！→解説します。,4812,Japanese
Q3naqDKvIGg,2018年4月7日劇場公開　劇場版「SERVAMP-サーヴァンプ-」本予告,25287,Japanese
pze3ymYHDdo,世界初男性バーチャルYouTuber　あだ名・罵倒集【ばあちゃる】,3108,Japanese
KuT0db0uHic,猫は静電気に弱いという話,16710,Japanese
fA94vssmfdA,「感謝」と共にアリゾナキャンプ打ち上げ！,3922,Japanese
dvBKDGnOrYQ,退いたらあかん。逃げてしまった るか【瀬戸のるか日記】Chipie frightened the Luca away,4974,Japanese
DJHlvzoemUY,2018/2/15（木）ザ・ボイス　有本香　ニュース解説「日米首脳が電話での首脳会談を開催」「文部科学省が高校の学習指導要領の改訂案を公表」など,7749,Japanese
DSIh05XeUso,【涙の結末】おサルさんのゴムパッチンで飼い主が気絶したら心配してくれる？(#180),4527,Japanese
qHmuUMPADF8,雪道散歩 2018　The cat walk snowy road 2018,11115,Japanese
Okb7BGUwHLw,【ZEKKEI】桜坂/福山雅治　Sakurazaka/Masaharu Fukuyama【Cover】,10142,Japanese
VtpPts4BJ48,柴犬小春　Slap Bass Lesson with my sleeping dog!,7940,Japanese
oQ4gR5vEWTw,フェブラリーＳ2018【積極的】に狙ってみたい馬 １頭発見！,10464,Japanese
JPrbdmFOQ64,【料理】糖質制限解除して◯◯作る！,83831,Japanese
sTlgBAYAU_k,【マンガ動画】 NARUTO ナルト漫画 動画 - エピソード16_02,6033,Japanese
jBlqQh-CKWk,試験官を出し抜け！第２回カンニング選手権！！,231682,Japanese
ykZi4U9669A,[BANGTAN BOMB] BTS' exciting Game room #1 - BTS (방탄소년단),539149,Japanese
oKkGYKIP0ds,【期間限定～2.19(月)18:00】ワルキューレ『ワルキューレは裏切らない』Full Music Video_「劇場版マクロスΔ　激情のワルキューレ」大ヒット上映中！,155562,Japanese
iQjPzhLkGKs,【演技】クサすぎるセリフ王決定戦！！！【学校編】,412452,Japanese
zXhUMivWZmc,びしょ濡れの段ボール箱に入れられ、寒さで震えていた猫の親子。なんとしても子猫達を守る母猫の眼差しは、やがて家族の幸せを呼び込むこととなる。【感動する話】,3703,Japanese
qPJeUYQHuZQ,【コストコ食材購入品】冷凍・冷蔵方法&オススメ紹介！【下味の付け方付】,110104,Japanese
_AOhD-gwAO4,B.LEAGUE 2017-18 SEASON 第19節｜BEST of TOUGH SHOT Weekly TOP5 presented by G-SHOCK　プロバスケ（Bリーグ）,7269,Japanese
VCY1SPqyYN4,小倉 唯「白く咲く花」MUSIC VIDEO(Short ver.),39238,Japanese
tybKrCZdncI,透き通るような透明感を引き出す「大人のラベンダーメイク」,4058,Japanese
9BBEWAttaAU,【映像】戸塚優斗（１６）が転倒し大怪我 平昌五輪 スノーボード 男子ハーフパイプ 決勝2回目,289744,Japanese
zLlWRB_ou5I,SNS에서 난리난 평창올림픽 스위스팀의 빵터지는 모습들,430622,Japanese
iAxvHrzd6_k,［日本語字幕］日本語を話したいサンギュンのまとめ - part２,6338,Japanese
VarqWWm8UlA,ドリ天 Vol 50 1 ① 想定外まし～んず FC3S S130Z ランエボワゴン,6684,Japanese
CweKcucLf40,キャバ嬢が晒した枕営業をせがむ痛客とのLINEのやり取り,3680,Japanese
iATTKpw9cR8,海外の反応　カワイイと人気爆発！海外「ヤバイくらい可愛い」 日本の女子アイスホッケー代表が大人気,38421,Japanese
12B58W8NH0Q,テーラーメイドのM3とM4は、正直どっちが買い？,5511,Japanese
QgJaVvnN9-k,スピンがかからない状況でグリーンに止める打ち方,7309,Japanese
MqbZ7RVgb8Y,【秘密】いつもの動画で高速に喋れる理由を教えてやるよ！！,7852,Japanese
romj58o1qac,やっぱり何か持ってる松島聡,26566,Japanese
gPEhktfXklM,何かと頭に乗せるのが上手な猫☆パパがもらったチョコをチェックする猫リキちゃん☆【リキちゃんねる　猫動画】Cat video　キジトラ猫との暮らし,9308,Japanese
J1Nw_-1EpK8,中村悠一と杉田智和のポプテピフリートークの裏側w完全に消されたD社トラブルww,9222,Japanese
qgyzPZMw1ig,尊人がゆく【谷口尊人が本気出す！】竜王スキーパークV5  雪庭ch,7901,Japanese
FeRi86DcfyA,直播回看：2018中央电视台春节联欢晚会 | 2018 CCTV Spring Festival Gala,3062990,Japanese
DJoEfkq-OUM,見た目は柑橘系！？キンカンを使っておつまみを作る！,100502,Japanese
oczgr8WS0mY,【DHC】2/16(金) 上念司×大高未貴×居島一平【虎ノ門ニュース】,92017,Japanese
MA4FGN1QdiE,【超親日!】ザキトワとメドベージェワが高速帰還(来日)練習のために韓国を無視して新潟で調整,231272,Japanese
pq1ckCqriKo,三浦大知と満島ひかりがFolder以来18年ぶりにライブで共演！ZIP,9406,Japanese
EXK6jESYI_g,ワンピース８９５  完了 -  one piece 895,50776,Japanese
26eOR7iXzbA,仮面ライダー響鬼　第18話[公式],15428,Japanese
XIcYLpv5PYs,【大食い】あったか鍋！水炊き6.5㎏～自家製鶏白湯スープで♪～,107519,Japanese
iBQQhcw7XHI,大切なお知らせ。5年間ありがとうございました。,189096,Japanese
-3xBa2_Yn4w,「ビットコインするならZaif」〜ハピネス篇〜 (TVCM 15s ver.),12630,Japanese
C9ho1ALrjTY,VS嵐 2018年2月15日 滝沢秀明参戦！ジャニーズイントロクイズに強敵現る！大興奮の結末が！,32622,Japanese
-2S01i_yJEo,27歳で高校入試問題受けると何点取れる！？,166905,Japanese
ZBJ501mfjEg,プライムニュース 最新 櫻井よしこ氏出演 2018年2月15日,33462,Japanese
wA0082Y1yag,Magi Episodio 10 Il suo nome è Judal,8234,Japanese
QQ_3S-IQm38,Muse - Thought Contagion [Official Music Video],585170,Japanese
t3e04uNbhHI,2018年2月16日 くにまるジャパン 極 佐藤優,2945,Japanese
ja_8YVctf8A,【NHK 15日まとめ】熱戦！カーリング女子は3連勝 男子は惜敗 スピードスケートで土屋良輔が日本新！＜ピョンチャン＞,17790,Japanese
ttzgjAqnAdA,ナインティナイン岡村隆史のオールナイトニッポン 2018年02月15日 FANラジオ,7622,Japanese
c5JLt8IWDq4,「ワンピース８９５」－フル,51070,Japanese
FOeBj6CH4Hs,【DIY】レンガで本格ピザ窯を作る！【三日目:焼き床切断】,181414,Japanese
xc4BW1O6GhQ,水曜日のダウンタウン「読みの鋭さの違い」 ✦ 主な理論・で笑ってた人マジで0人説,90180,Japanese
fbhV8JVH4k0,猫がたくさんいる日常,6546,Japanese
q_wBfVYKbAU,2/15も8時から！竹田恒泰の生放送！「日本のソボクなギモン」第270回※後半はニコ生、FRESH!へ！｜【公式】竹田恒泰チャンネルのライブ ストリーム,33318,Japanese
Y_fTBsFpMOE,【車中泊旅】冬の北海道編 #5 絶景の美瑛を走る！,3918,Japanese
pavG6-r3a84,ワンピース895話ーフルの完全版,25729,Japanese
PvsbMtTrr4Y,羽生結弦選手111点　今日SP前　貴重な公式練習風景 羽生連覇へ!明日フリー,5064,Japanese
8tyLtmWb6xQ,鮭じゃない〇〇の腹から幻の黄金イクラが・・・,254379,Japanese
NMlYYo_NdyM,※どういうわけか、エコーがして二重奏なので聞きづらいので別に録画した録画版をご覧下さい！…2/16金,3624,Japanese
0KkfDaYGTdw,奇跡体験!アンビリバボー 2018年02月15日,17099,Japanese
RtiWd9Zlg74,犬「この場所は渡さない！」猫「いらない」犬「待って待って」Dog wants to cuddle with cat,45167,Japanese
DcpdkO5Lg_k,デスマーチからはじまる異世界狂想曲 6話 -Death March kara Hajimaru Isekai Kyousoukyoku,72710,Japanese
7aayqmsZjWM,ダウンタウンDX　尼神インターの誠子、間宮祥太朗に口説かれた理由がｗｗｗ,17045,Japanese
pBxwqi-tXa8,ショーン・ホワイトの「ある行為」が問題に！平野歩夢の金メダル強奪の真相！【平昌五輪】,97382,Japanese
GfmexgH7N9E,安室奈美恵 ZEROに語った・引退発表までの“葛藤”,17769,Japanese
5WaGRN6HeTo,爪を噛む猫リキちゃん・いかつい表情でふわふわのおててを必死にナメナメする姿がかわいい♥猫のグルーミング・毛づくろい☆猫の肉球【リキちゃんねる　猫動画】Cat video　キジトラ猫との暮らし,7248,Japanese
hlQSwL5fmsU,麻生大臣にいちゃもん！海江田万里が106円は円高だ！民主党政権は70円,7843,Japanese
XXuzML58QpM,【登録者3万人突破記念】苫米地NEWS 013「安倍首相訪韓の真意」（2018年2月8日収録）,12707,Japanese
XppZcImgEco,婚約破談寸前の小室圭の母が皇室に要求していた”ある願い”が判明！ 無礼な一言に一関係者一同が驚愕,52827,Japanese
LqndG7Qe_1E,みんな元気してた?,6285,Japanese
vO6v5Kps1z4,180215(木) エンゼルス 大谷翔平「前田が見たキャンプ初日」ダルビッシュ「メジャー7年目始動」 ／ プロ野球 ハイライト,42615,Japanese
f3l6zAnSQAM,【Front Japan 桜】恐るべし赤い韓国現地報告～西岡力 / 「退位」の危険 / 憲法改正～公明党の反日の壁[桜H30/2/15],18360,Japanese
zs5WEWBPm_o,ねこが邪魔してベッドから降りないのでモフモフの刑にした Theo won't get off from the bed.,7589,Japanese
w8IfhQ6qxzA,音楽と旅が大好きだ #KEYTALKとANA旅 プレゼントムービー,3580,Japanese
By4T57Yp2AQ,【フェブラリーステークス】ランク別最終追切の結果一覧～S評価はこの５頭～,7582,Japanese
nog3veTft48,【施光恒】最新ニュース速報 2018年2月16日,15334,Japanese
VBncu5g5N7k,「平野歩夢は金が妥当」専門家の語った”その理由”に一同納得！「ショーン・ホワイトは誤審に救われた。アユムは自らのスノーボードを貫いた」,17866,Japanese
uB-ZRLONnS4,【海外の反応】平昌五輪・日本女子選手が選手村の施設不備を指摘と中国メディアが報じる！（すごいぞJAPAN!）,40550,Japanese
iDRTwBJsMPA,【乃木どこ】色んな設楽さんまとめ part4 【バナナマン】,45093,Japanese
ogONHufCZLc,藤井聡太五段が三段の時に研究会で対戦したことがあったという飯島七段の話,2469,Japanese
VwAnsAUYnw4,"Jay Rock, Kendrick Lamar, Future, James Blake - King's Dead",1332832,Japanese
a_hPXb7Tmyg,ＦＸ、マイナス１１００万円になった。円高ドル安で含み損地獄に。,31796,Japanese
5hih0lb5s84,VS嵐 2018年2月15日 18.02.15 FULL,32936,Japanese
CmzRespkO0g,蝶々結び / Aimer (Full Covered by あさぎーにょ) 歌詞付きRADWIMPS 野田洋次郎プロデュース曲,70049,Japanese
eGgSHts_pOY,「君が心に棲みついた」主題歌 E-girls pain pain  フル 音質良,5863,Japanese
oeeSViZiC4Q,Misoa được tỏ tình nhưng cô gái khác lại ra về | HTV VÌ YÊU MÀ ĐẾN | VYMD #23,487910,Japanese
SNvQoIbuYI0,ポプテピピック　第2話,50313,Japanese
JqrOsUfKefU,【日本語字幕】BTS (防弾少年団) テテ語がなかなか理解できないが、最後まで話を続けてみるジンニム。【バンタン 翻訳してみた】,40399,Japanese
_EHSl43nLl0,それぞれの安らぎ‥,22936,Japanese
EirWsXwY0Zw,2/14!!1日千円!!衝撃のラスト…逆転に次ぐ逆転!!G1常滑【競艇エブリディ033】,4230,Japanese
8VZRNldbX8k,Aimer 『眩いばかり』(short ver.),67981,Japanese
34CXuIM2LOE,激変したてんちむさんを筋トレで追い込んでみたら以外にも・・・？？,82055,Japanese
N0x3NGvi8d8,平昌五輪のやっちまってる面白い所　 ゆず うたエール 替え歌【ウタエル】,45625,Japanese
GAC9xflCKCk,【噓で大炎上】テラ豚丼事件に便乗して爆死した伝説のブロガー,134921,Japanese
NTlJBIaEzR4,キスマイ超BUSAIKU！？ 2018年2月15日,4765,Japanese
Gy6SDZjErEM,[ENG SUB] BTS Behind Run Ep 40 39 (방탄소년단) 防弾少年团,198860,Japanese
dKOUtyNHvmw,5時に夢中! 2018年2月15日 18.02.15 FULL,14175,Japanese
1hWnLVB0CJI,【フリスビー】レッドブルTRICKショット！,14604,Japanese
WQ1w8mMflAk,Deweni Inima | Episode 269 15th February 2018,302618,Japanese
ik3tYs9jW1A,2018.02.15 ナインティナイン岡村隆史のオールナイトニッポン,15314,Japanese
VQZW6PodRyM,【カーリング女子速報】日本代表、韓国戦に逆転勝利で3連勝！海外の反応「藤沢五月かわいい♪」平昌オリンピック2018日程,11053,Japanese
Lsax9qn-IMM,明かされた！タイタニック号悲劇の真実,9237,Japanese
rj5nbm9DiKY,ドラゴンボール超 ブルマの声優の後任の声をどうぞ！久川綾という噂,30846,Japanese
jYHqJo_yk_M,【バドミントン】バレー部のスパイクvsバド部のスマッシュ【ガチバトル】,59297,Japanese
aSnF8myMJi0,Ludogorets vs AC Milan 0-3 - All Goals & Highlights - Europa League 15/02/2018,362014,Japanese
FZ-nzNgyifQ,舞台「駆けはやぶさひと大和」ゲネプロダイジェスト映像,7213,Japanese
3CgueyYPFXo,【乃木坂46】鬼の司令官　設楽統まとめ②,112692,Japanese
ONXwrxMWR_I,ドリ天 Vol 50 1 ② 想定外まし～んず ランタボ 軽トラキャリー ジャックナイフミニキャブ,9131,Japanese
T4wPp_vbZ0Q,トロロッソ 2018年型ホンダエンジンRA618Aの冷やかしに大人の対応 ［2018/02/15］,5978,Japanese
2JqzNSebhI8,The Reason Is External | Flower Ever After | Season 1 - EP.03,51465,Japanese
FR6ZQR0e8uk,"Jire Khursani, 15th February 2018, Full Episode 540",110574,Japanese
7c8_KdryWqg,橋下徹の即リプ！朝日奈央が若者向けの新しい選挙投票の形を提案！？,15167,Japanese
Va4wJ9To-kw,행복한 설날 보내세요! from TWICE,84066,Japanese
YBCnEGc7VuY,副業から起業するまでのストーリー,4740,Japanese
9du9aDoR-VI,【筋トレ】ライバルの方と合トレ！胸、肩！,4438,Japanese
CsMQj4Vdokk,Ika-6 Na Utos: Magsasalita na si Geneva!,831992,Japanese
BfP4tSKqHrs,羽生結弦、平昌五輪の演技後”とんでもない事態”が会場で起こるw【フィギュア首位が見せた奇跡】,700419,Japanese
4Ei2ycRd6fE,【公式】サンドウィッチマン 漫才【救急車】,415001,Japanese
UnnxJuzaqss,【NHK】【ノーカット実況なし】羽生結弦　ショートプログラム＜ピョンチャン＞,1952276,Japanese
touUMJ5eLpk,七つの大罪 戒めの復活 6話「償いの聖騎士長」,49347,Japanese
TOYitnKBtIA,【久々！】〜第８回〜100本グランプリ！（毎週金曜）《Youtube番組》,251858,Japanese
efWLIgqcgss,映画「曇天に笑う」曇天ダンス～D.D～　サカナクション/陽炎,14593,Japanese
HMpxYshcv1k,敗北の平野歩夢を救った！米国人だけが見たショーン・ホワイトの神対応に日本国民の涙が止まらない…【mayu】,209418,Japanese
Uf_Tj9xp7-A,平野歩夢 銀メダルに誤審報道!?平昌五輪スノーボード ハーフパイプ,592006,Japanese
ksqzDJy0w0I,羽生結弦SP演技直後に滑ったネイサンの”コメント”に感動の涙が止まらない…これぞオリンピック…平昌五輪2018【はみだし芸能ちゃんねる】#hanyuyuzuru,11284,Japanese
OLhd85j7nQc,羽生結弦の生着替えが映り込み！,172397,Japanese
BBQtGat5RgE,【カーリング女子】韓国の応援に批難殺到！日本のミスに大歓声…「見てて不快」【日本VS韓国】【平昌五輪 平昌オリンピック】,401716,Japanese
HE8hfXtoMYw,【羽生結弦】平昌五輪SPの海外反応＆ロシア解説者リプニツカヤコメント翻訳付き（山本まどか）,93401,Japanese
gdmAGIODlls,「namie amuro×docomo VR stage」アプリデモ映像,73332,Japanese
vmXI8OpZf6o,最新フィギュア　羽生結弦１１１点、宇野昌麿１０４点、どこで点差がついたか？【ピョンチャン・オリンピック】,118661,Japanese
JeQoTVdOkso,君子、豎子を笑うは怨嗟が故に,854950,Japanese
WorQLV6cIT0,【海外の反応】平昌五輪女子カーリング日韓戦でミスした時の表情に見る日本と韓国の違いが韓国ネットで話題に！（すごいぞJAPAN!）,40607,Japanese
D3u_8rQu4Dk,YouTube闇ニュース2018　カップルYouTuber大喧嘩で炎上、UUUM所属の中学生YouTuberまたやらかす,197220,Japanese
5SMMynP0dy4,ワンピース８９５ー日本語のフル,577951,Japanese
zusvGH0V-8Y,【SP1位】羽生結弦のスゴ過ぎる演技【村上佳菜子解説】,64414,Japanese
VDFVny2_hzI,TRIGGER - before the Radiant Glory - アイドリッシュセブン Vibrato (Ep 1),51691,Japanese
FTFo6MDPfgY,平昌五輪 羽生結弦の演技終了後に大量のプーさんが投げ入れられる,90459,Japanese
P1X_bqhyF3E,【検証】大好きなもんじゃなら無限に食べれる説【大食い】,453078,Japanese
bMZDmm67KRo,『「ハイキュー!! 烏野高校 ＶＳ 白鳥沢学園高校」スペシャルイベント\n〜史上空前！目指せ！頂の5番勝負！ハイキュー!! 杯〜』[Live Event] #Part2,3314,Japanese
usTUYE8vkPk,ルトの誕生日なので肉ケーキ作ってみた　2018/2/12,87755,Japanese
X8M0RpK4p6g,Golo de Shoya Nakajima: Feirense 1-(3) Portimonense 中島翔哉,21070,Japanese
X26dKMt2088,WANIMA 　-BRL'17-,2199,Japanese
aTUg0kxmx0o,源君物語 58 | Minamoto kun monogatari 58 Full 日本語,8753,Japanese
QoNeUY6DUX8,【日本語字幕】バンジージャンプが怖いテテとバカにするグク🤣,55548,Japanese
mFAJSKFplAc,テレ朝・弘中綾香アナ×オードリー若林　バレンタインデーの予定は？,2045,Japanese
HkjpKDlBhdo,月曜から夜ふかし　おでんの汁抜いても何も残らないだろｗｗオチがヤバイｗｗ,199024,Japanese
iFZS-3YcxEI,跳び箱とまるとはな。-Vaulting box and Maru&Hana.-,14651,Japanese
5goJ07oaZp0,生きたアジを泳がせて◯◯◯が釣れた！！,271285,Japanese
o0S08u7aRGI,NEWSな2人  2018年2月16日 180216【奥深きパンの世界!パン職人を夢見る若者たちを直撃!】,3767,Japanese
9uA3HEjJQcQ,【競馬】ダイヤモンドS&京都牝馬S 2018 予想,2936,Japanese
oWUkAGNZkiI,2018 평창동계올림픽 피겨스케이팅 남자싱글 SP Yuzuru Hanyu,33152,Japanese
M1b8qW7gyOo,【MHW】武器のカスタム強化進める！双剣と弓メインHR128～【PS4実況】#24 モンハンワールド,2440,Japanese
rEH441OQYR8,恋んトス 2018年2月16日 180216 脱落を賭け１０時間３０キロ行軍！果たしてゴールできるのか！？,20315,Japanese
b0MrPTL1XmI,遊びの最中も忠誠心を忘れない柴犬 loyalty of shiba inu,52065,Japanese
eQQTwQ516M8,朝ごはん作ってみた『いちごジャム』,213654,Japanese
4sJzVHc5iqc,弘中綾香アナ 最後グダグダ(￣▽￣;),6459,Japanese
tGUmbFFKvtU,【ENG SUB 全球】《歌手2018》第6期 20180216 ：华晨宇改编周杰伦神曲《双截棍》 张韶涵创意混编走心演绎The Singer  EP6【湖南卫视官方频道】,355628,Japanese
0mCh7arEsAw,映画「インクレディブル・ファミリー」日本版予告,391719,Japanese
Fbcug1-l6MA,180216(金) 巨人 菅野「8つ目の武器が完成‥」阪神 藤浪「制球が課題」大谷 二刀流全開「アップ＆ダウン」中日 松坂「1週間ぶりブルペン」  ／ プロ野球 ハイライト,38980,Japanese
BSv9s7Y9VK8,[평창 2018] 윤성빈 스켈레톤 금메달 장면(아시아 최초 스켈레톤 종목 금메달),584953,Japanese
iNYWm0jBxY8,ホリデイラブ　第4話 - 18.02.16.,18126,Japanese
Ul9IcS3bddk,20180216 マエヲムケ,17426,Japanese
Aj4krNn3uTQ,乃木坂46 レズまとめ,123077,Japanese
IZXd-nYgvSw,ナンパするインコ！さりげなく自分の出身地などをアピール,20163,Japanese
o5j_isSRBGI,俺ら3人で誰が1番モテるか決めようぜ　【バレンタインデー】【チョコ】,103529,Japanese
vxVQhuwEEWg,シャンシャン248日齢（1）2018年2月15日撮影,38066,Japanese
NbpXx1Vw0oQ,[平昌五輪] 羽生結弦選手 SPの完璧な演技ノーカット（2018.2.16 NHKニュースウォッチ９),7394,Japanese
_hMQe2U4c6w,The Chainsmokers - You Owe Me,3934084,Japanese
WyTIM9g0tkU,2018.02.16 沈黙の金曜日 【アルコ＆ピース･中田花奈(乃木坂46)】,8204,Japanese
fD07DKmi0YM,フェブラリーステークス / 小倉大賞典 / ダイヤモンドステークス / 京都牝馬S2018予想展望｜ケースタチャンネル【競馬予想】,6577,Japanese
sHg72LmC0rI,海外逃亡を企てる怪盗げんげん,96538,Japanese
w8Y_TSQSv78,現地映像☆羽生結弦選手フィギュアスケート男子SP平昌オリンピック2018年2月16日,55139,Japanese
cAulCV2u0W8,【TikTok】できるだけ周りに迷惑かけないようにしましょうね｛まとめ｝,63634,Japanese
Sssr_gsxTXs,阪神タイガース 練習試合DeNA、楽天戦ハイライト！！注目選手一挙公開！！,39825,Japanese
37dbXYyknZQ,【Front Japan 桜】米中露 新冷戦時代の幕開け / 『遠くの声を探して』特別版～「構造改革」は必要ない日本[桜H30/2/16],15260,Japanese
Z26pqj2JZ3s,バレンタインデーありがとうございます,4663,Japanese
9tuWGXF-pls,奨学金８００万円で親子自己破産　奨学金充実と大学信仰なんとかしたら？,77830,Japanese
kRTTvdrugQI,GANG PARADE『とろいくらうに食べたい(SUSHI SONG)』MUSIC VIDEO,12707,Japanese
NJRJTiK2tJ8,「アズールレーン」イメージPV,8929,Japanese
a6SxZj9M5iE,海外の反応　韓国ネット検索２位！女子カーリング日本代表の藤澤五月が可愛すぎると韓国で話題に,91827,Japanese
hjJ6DF8KgD8,【DIY】レーダー専用台座が売ってなかったから粘土から作ってみた　前編,77705,Japanese
ST627PSEZYk,「帰ってきてほっとした」 スノボ 銀 平野選手,22739,Japanese
amczwE84dhI,【遊戯王】レジ前に売っていた「レリーフくじ」に30回挑戦したら〇〇がヤバ過ぎた！！！,114628,Japanese
FlDCI7MzuqU,ロージーの避妊手術🏥トイプードルのロージー・シェリ・ジェム,6542,Japanese
zTDlw9ar_zg,和風総本家 2018年2月15日 【スペシャル 2018世界が注目するニッポン】,26913,Japanese
ffE7oplhfO4,【#5.モノマネ】細かすぎるモノマネ集vol.2【バーチャルYouTuber】,2342,Japanese
VHvk7qvI-v0,【魔改造】最強のバランスタイプベイ作ってみた！！まさかのギミックとは！？【ベイブレードバースト】,23058,Japanese
ILw2I8ebWKs,【海外の反応】羽生結弦がノーミス演技でSP首位！平昌五輪2018男子フィギュア,43278,Japanese
0mSQjNSUYYQ,三浦大知、満島ひかりら豪華ゲストと共演,52871,Japanese
4zu_Cil2bTw,【大食い】超ニンニク！ペヤング新商品10箱を鬼食い！！,22047,Japanese
FhhDuz3IpXk,Deweni Inima | Episode 270 16th February 2018,294685,Japanese
37vzG0uxSTk,イッテQ イモト遂に安室ちゃんのライブへ,5579,Japanese
XUqRem0W8L8,Drake - God's Plan (Official Music Video),4569886,Japanese
uvrvS27EZg4,【オーバーロードⅡ】第7話予告「蒼の薔薇」《ノーマルver.》,65134,Japanese
cWlcGfo4qtk,バナナマンのバナナムーンGOLD 2018年02月16日　ヒムペキソング回,3384,Japanese
gaJ77LEpJrg,大食い→トマホークステーキ5kgをかみなりグリルで食べた。Eating 11lb tomahawk steak.【手掴み】,100253,Japanese
ZNruCLvejH4,猫たちが編集の邪魔をしてきて大変なことに…！？,47648,Japanese
7g-LpUYmBi0,ワンピース８９５  日本語のフル  -  One Piece 895,59479,Japanese
cdWQ2PvYnHA,フカセの聖地モンパチ高里さんと五島列島で釣り！ #3,66290,Japanese
s6mdB1BQ7pU,ミヤネ屋 羽生1位 宇野3位,88024,Japanese
vTO3jdmN4a0,"Bhadragol, 16th February 2018, Full Episode 159",231262,Japanese
KM4FaLcY_t4,和牛さん📺さっきのえみちゃん,4927,Japanese
JBi-ecUJb44,【大食い】【デカ盛り】大発見‼️ぶ厚くて美味しいトンカツを出してくれるお店さんは居心地が最高だった【MAX鈴木】【マックス鈴木】,31276,Japanese
IUmjtZsApgM,【食べ放題】ラスト20分でデザートを食べまくる！ビタースイーツビュッフェの続きma--booさんと♪【スイーツちゃんねるのランチ】,11346,Japanese
U2sYAcVG90g,【車中泊】真冬の雨の降る夜に一人焼き鳥車中泊【祝】,95829,Japanese
AXwlC0iNcEI,GARNiDELiA 『G.R.N.D.』-YouTube EDIT ver.-,88733,Japanese
wsp-haly_t4,羽生結弦 神的な演技終了後の“ある行為”に感動と涙が止まらない…その真実とは…,9533,Japanese
qJP3l03u1uc,【今日のいたずら】大パニック⁉︎ 目覚まし地獄ww #59,52835,Japanese
kmh4BOvoBis,ステンレスでパイピング製作【栃木支部】,34635,Japanese
fo3N08Ipap8,【YouTuber応援！】￥1000 焼肉 食べ放題 ≪七輪焼肉安安≫（フォロ割）,15353,Japanese
tUtjDZNR1iM,[進撃の巨人]巨人の夕食！,14076,Japanese
BQiLaOcUJqk,Chelsea vs Hull City 4-0 - All Goals & Extended Highlights - FA Cup 16/02/2018 HD,304253,Japanese
GnsZ8ZCwzOk,【ダビマス】スタリオンTV season2 #1 アップデート内容紹介,21086,Japanese
BS8SvWxMCr4,『ブロードウェイと銃弾』PV【舞台映像Ver.】,8528,Japanese
ddxjvZKQ634,今日からはじめるグラブル中級編 第4.5回「マイページ」,7039,Japanese
xSOfP7Kh0Lo,≪ 沖海3 桜ライト No.3 (後編) ≫ 【 華ぱぱの アツい時間のはじまり 第120話・スーパー海物語 in 沖縄3 桜ライト 】,14050,Japanese
s0aBACf0OII,アイ★チュウ 第三部PV,13273,Japanese
jzD_yyEcp0M,Marshmello & Anne-Marie - FRIENDS (Music Video) *OFFICIAL FRIENDZONE ANTHEM*,2362255,Japanese
7Sx2SyUuN8U,【大食い】約16人前！とろっとろでご飯がススム！「さば味噌煮定食」にほっこり♥【ロシアン佐藤】【Russian Sato】,82714,Japanese
lnly38wi8uI,【１日密着】主婦のタイムスケジュール、朝起きてから寝るまで。家事＆子育て,59961,Japanese
n1oc7BzX6jU,Uchuu sentai Kyuranger vs Gavan and Deka Red Crossover,5507,Japanese
IkLqD832ylo,【ゆっくり茶番】高校入試…おちちゃった…勉強したのに！！,45559,Japanese
fbvyFA5riFs,平野歩夢にアメリカ女子が夢中な理由がヤバい,102055,Japanese
Lj5qJqdV6vY,金曜ナイトドラマ『ホリデイラブ』第5話　予告動画,63536,Japanese
L56TrR-ZvDs,【平昌五輪】「NHKお通夜」カーリング女子　韓国戦劇的勝利も「悔しそう」「どこの国の放送？」「韓国応援してたの？」の声殺到！,16271,Japanese
H_MWlw1ThK4,2/16 阪神ロサリオ3試合連続HR”阪神対楽天 練習試合”プロ野球 キャンプ情報,27522,Japanese
0TVXEFES_Ls,ワンピース895話ー日本語,22265,Japanese
BWPx-gQU5wU,Tokyo 7th シスターズ　4周年記念エピソード予告動画　EPISODE 3.0 セブンスシスターズ「スマイル」,4916,Japanese
pIPzwDVB97Q,【メダル対決】ヒョーザーンvs激カザーン勝つのはどっち⁉︎,32959,Japanese
5FuP1Jjujfo,朝の寝癖直し術〜前髪セットは自信なし〜,77917,Japanese
6zYmHOT3j4s,[아라시] 영어로 자기소개를 해보자! / 嵐、英語で自己紹介をしてみよう！,11238,Japanese
4_u64k8ymgY,【海外の反応】「彼は凄すぎて信じられないレベルだ！」フィギュアスケート 羽生結弦がノーミス演技でSP首位！観客はYuzuに熱狂しまくり,16097,Japanese
A5JdMMc5_3s,(아라시) 런던 남자들한테도 인기있는 쇼쨩,15330,Japanese
kf0-KOnF10Q,平野歩夢が銀メダルに決まった瞬間泣いて父親に語った一言に涙が止まらない...平昌五輪で果たせなかった父親との約束とは...,47910,Japanese
LTmFZG1vTpo,子柴ちゃんたちが選んだお昼寝の場所は…🐶💕【PECO TV】,23411,Japanese
OZzM5zNbCME,【ハイライト】ドルトムント×アタランタ「UEFAヨーロッパリーグ17/18 R32 1st leg」,113211,Japanese
0KHYYzGT_jc,【漫画動画】 SPLATOON 長編漫画: チームメイト JP Part-26,8648,Japanese
Q16j1L774bo,夏より冬のキスがうまい!?絶品越冬ギス‼,70669,Japanese
OUBSXneO0QE,無職転生　- 異世界行ったら本気だす - 第10~18章 [Manga Videos C] [Mangavideos],7502,Japanese
joZmOrknpRE,【NHK】【ノーカット実況なし】飛んだ！ほえた！泣いた！羽生結弦、金メダル！＜ピョンチャン＞,2018466,Japanese
xEXjRycQKmw,【Chase Tag】アクロバティックすぎる鬼ごっこ競技がハンパじゃない！！,1633577,Japanese
sPHYj-6SBPg,羽生「昌磨はゲーマー」宇野「スケートより努力してる」,140608,Japanese
s4tHikyciGU,鍛冶屋で買った最強の包丁の切れ味が規格外すぎた。,455842,Japanese
2B8MeIEJmZI,180217 SHINee World 2018 The Best From Now On - Ending Ment,93132,Japanese
a8ikMn8WVPI,羽生選手・宇野選手にインタビュー＆ビートたけしがコメント 2月17日,139184,Japanese
MjYwBgJfYsc,羽生結弦金メダルの瞬間!!  家電量販店は街頭テレビ状態に!! Pyeongchang 2018 Men's Figure Skating Gold Medal,130168,Japanese
yM8cVyw7f-8,180217 쿄세라 돔 콘서트\n2018 SHINee ～FROM NOW ON～ \n오늘 기범이 끝인사\n수고했어 기범아 정말 잘했어\n#기범 #キー #key #샤이니키,96355,Japanese
rvgoaNsuV5s,意外と気付かなかったシルクの悩みがこちらです…,550598,Japanese
yoWoYurxQjY,【競馬】[ゲスト・天童なこ] それ乗り　競馬TV＜フェブラリーS(G1)＞[MC：ユーマ、砂岡春奈]（18/2/17）,12815,Japanese
RW5ubJzXJyA,織田信成 号泣 生放送 松岡修造 羽生結弦 五輪連覇 平昌,308869,Japanese
mxpbT8KbvB4,平昌五輪 羽生結弦＆宇野昌磨、勝者のインタビュー映像 【金】【銀】メダル授与の直後 フィギュアスケート男子シングル,36206,Japanese
VfTC2rzbAoM,“頭ﾎﾟﾝﾎﾟﾝ”“緊張しない”の真相とは⁉　🥇羽生結弦　🥈宇野昌磨　特設スタジオ生出演　【追跡LIVE! Sports ウォッチャー　2018年2月17日(土)】,11785,Japanese
teAoK8CREIw,【大食い】約７㎏チャレンジ　ラーメン布袋【チャレンジ】,83587,Japanese
F1yZW1phnbg,羽生結弦が金　宇野昌磨が銀　五輪男子フィギュア(18/02/17),123490,Japanese
A_VVU3pHrlU,【NMB48】握手会が終わった後の楽屋にて…,67965,Japanese
dFW5imMJfn4,【競馬】フェブラリーS 2018 最終予想 あの2頭は消しました。,9477,Japanese
ja4qa_g5Ly8,ピョン対ホン　辺氏がヒートアップ！2018.2.17,12534,Japanese
x2ICrz1xWT8,モモはステージで何かをよく落とす♡【ガオンチャートTWICEパフォーマンスFull】,129480,Japanese
_J2eN1LySWg,たった10分で子供も大好きハンバーグ丼！,36974,Japanese
Kjoks4a7iV4,なぜか『社会不適合者』の烙印を押される心理ゲーム,89759,Japanese
fMn_SLlKUO8,インドの魚のフライの作り方,86747,Japanese
Das6C3f-Tyc,【海外の反応】外国人『宇野昌磨はオリンピックの魔物に気付いてない。羽生結弦がオリンピックの魔物だった！』→『羽生結弦が平昌で金メダル！五輪2連覇達成！ 』,36791,Japanese
eKZLOQqOfUs,【謝罪】猫たちに謝らなければならないことがあります…,64330,Japanese
-4sTmNTKmGM,釣ったアジとシーバスでハンバーグハンバーガー！？,184658,Japanese
wWBa_fTVjhA,【壊滅的】吹けないリコーダーイントロドンが面白すぎるwww【夕闇】,47650,Japanese
efPhOzaigI0,羽生結弦の金メダルまでの3ヶ月！貴重な秘蔵映像！ファンの声も,12217,Japanese
iyNT0G5SnO8,10kgのサメ全部使って超特大かまぼこ作るとこうなるwwwwww,193060,Japanese
7N7NxIu4baQ,トシゾーの「失敗した買い物を見せてもらう」配信,29863,Japanese
FiyzU8_fW04,守備範囲は菊池並み？吉川尚の守備がすごすぎる件ｗｗｗｗｗｗ,117132,Japanese
NYUU4UwD8v4,Kamen rider Ex aid The Final Stage : Gemdeus Muteki vs Hyper Muteki.....,133443,Japanese
NyxFxdOzGhA,足元でまさかの尺超え高級魚‼,109697,Japanese
Sz23GjPw6Pc,【番外編】西村博之が「ニワンゴ」に戻らない理由【2017/11/28~12/20】,4331,Japanese
YCadJOkxYeA,羽生結弦と宇野昌磨が９年前の約束を果たし涙が止まらない...平昌五輪で金・銀フィニッシュにファン感動…,152509,Japanese
PEkn80m6TqA,【高橋大輔解説】羽生結弦涙の連覇達成！,150827,Japanese
auKe5SrBurk,See You Again covered by 渋谷ジャパン(おるたなChannel) & TAKASHI / Wiz Khalifa ft. Charlie Puth 日本語ラップRemix,60997,Japanese
H0ImEf7t7BA,平昌五輪 羽生結弦が2位！フィギュアスケート男子ＳＰで各国ジャッジがつけた点数表で自国を1位にして浮きまくる珍事が発生！,175253,Japanese
mpyy26G5qHo,【藤井聡太】羽生善治竜王を破り決勝進出、歴史的瞬間を最終盤から終局まで,148441,Japanese
tttw2jy6Brg,180217(土) 巨人 吉川尚輝 vs. 田中俊太「2ndレギュラー争い」【赤星解説】／ プロ野球 ハイライト 読売ジャイアンツ,36791,Japanese
tOXBznHOIt4,【乃木中】色んな設楽さんまとめ part2 【バナナマン】,150742,Japanese
jBbnk-v8HkI,羽生結弦 フリー演技後メダル確定の瞬間！,55912,Japanese
zFoV8HH1xn8,おしゃれオフィス Pinterestでランチ #472 [4K],4920,Japanese
a5FE0U-EYmo,髭原人と乗らせてみました。#40,90027,Japanese
py9d4TdmCQw,【優勝＆昇段】広瀬章人八段 vs 藤井聡太五段 勝利の瞬間まで【朝日杯将棋オープン戦 決勝】【将棋】,91532,Japanese
WR2z7T1zmJg,【銀魂文字おこし】全〇と爆発、両方入っているのが「銀魂」です！【202話～265話までの人気回ランキング#1】,12537,Japanese
qNuzLa3pgfE,シャンシャン248日齢、食料めぐって血肉の争い,19684,Japanese
xpVfcZ0ZcFM,Drake - God’s Plan,9528846,Japanese
GDkqpaRhir8,【BTS日本語字幕】韓服を着てだるまさんが転んだ！〜韓国旧正月、새해 복 많이 받으세요〜,37755,Japanese
OBzbIcJ6iFI,驚異の速さで藤井六段誕生！！藤井聡太五段 vs 広瀬章人八段　第１１回朝日杯将棋オープン戦 決勝　初手から解説,37992,Japanese
HkONJ_ilGDw,【大食い】10人前！簡単♥ミートソーススパゲッティ！！懐かしのあの味にニヤニヤする♥ 〜3合追い飯があるよ〜【ロシアン佐藤】【Russian Sato】,110155,Japanese
YthhT_zMFzo,無人攻撃機トーマス,138349,Japanese
MNupe3gmJYY,乃木坂46「いつかできるから今日できる 自惚れビーチ その女」,49412,Japanese
rtsYstRPkGY,Pilipinas Got Talent 2018 Auditions: Josief Valenzuela - Voice Impersonation,925978,Japanese
eL5wawtaV3M,阪神VS楽天2018年2月16日（練習試合ハイライト★）,79016,Japanese
modmaVW9EKI,【本職】クイズ王、同時に一般人15人を倒せるか!?【手加減なし早押しクイズ】,76668,Japanese
dGml7auAN1Y,イッテQ 手越祐也タイキック連発 イエ〜イ！,43254,Japanese
fZhZvtpll-Q,よしもと新喜劇 2018年2月17日,18623,Japanese
ITniBEnbYVw,フカセの聖地モンパチ高里さんと五島列島で釣り！ #4,57364,Japanese
WXoK2ktNuR0,ドリ天 Vol 50 2 ⑥ いか天20年の歴史総集編,8999,Japanese
CsQ_8V6SGvs,平野歩夢インタビュー　好きな子いる？の答え,31004,Japanese
xa_avYz0VUQ,「30th ANNIVERSARY Live Blu-ray Box」ダイジェスト映像,9893,Japanese
x4Kii3eZWsM,【下野紘】3/14発売1stミニアルバム「Color of Life」コメント＆「Black Thunder」Music Video (1Chorus),9655,Japanese
5JiUTuPHdv4,錦織圭 完全復帰 神ワザ連発 QF (NY OP 2018),27309,Japanese
_y2-Aj53sxw,"2018 NBA Celebrity All-Star Game - Full Game Highlights | Feb 16, 2018 | 2018 NBA All-Star Weekend",4355331,Japanese
mACh0_VRDoc,【平昌五輪】金メダルを取った羽生結弦が宇野昌磨にしたある気遣いにファン涙！ノーミスのSPで連覇おめでとう【erika】#hanyuyuzuru,22201,Japanese
uY6s-QEfkVA,賭ケグルイ 実写とアニメの対比 #03,157655,Japanese
PdkVex311Zs,【フェブラリーステークス2018】1着予想！単勝ならこの馬（最終予想）,10596,Japanese
v2pRn4NvKo4,2月20日　リスクLISKは5倍、10倍になるのか？　ビットコイン,13403,Japanese
dorOSi4Becw,名探偵コナン 2018 名探偵コナン HD Vol 8,29131,Japanese
XV_QQ7Unqng,【平昌五輪】宇野昌磨が羽生結弦とフェルナンデスに衝撃発言にネットがビックリ仰天「ただの天然じゃない」,86939,Japanese
2e4-nWyCWAY,【銀魂ラジオ】銀魂ラジオ何でもありです！！！【文字起こし】,13444,Japanese
UiMUqoI41s4,【大転倒】人生3回目のスノボしたら大変なことにw長野県のスキー場を派手に滑る！名物の自家製チーズカレーも堪能！【MEGWIN×大人チャンネル】,54411,Japanese
GKpujELy-kU,2017年度のゲーム課金額の計算がほぼ終わりました。○○○万円です,25737,Japanese
3arPSEFOB7g,ハビエルフェルナンデスが羽生結弦に抱いたある思いに涙が止まらない…平昌五輪でハビゆづの夢実現にファンも涙…,85634,Japanese
Bld6pGfMOTw,スカーは足を触るとキレます,22172,Japanese
WjCbbDmoDf4,2/17高橋周平・2安打1打点の活躍　VS巨人 練習試合,20141,Japanese
mgp7o4hb3_g,【短いっw】なんとなく撮りましたがバリスタアイの紹介みたいになってしまった笑,17276,Japanese
k9GBXljO9Hs,関ジャニクロニクル 2018年2月17日 180217,19938,Japanese
ymXQoSH_ZB4,笑点 学級崩壊,7145,Japanese
JPWDTbI8N4w,【未確認生物UMA】全員喧嘩でぶっ倒す方法ガチで考えてみた,139502,Japanese
rXSQlvTANzE,【銀魂文字起こし】銀さんのCVオーディション秘話　「杉田さん知ってる？この銀コンってやつ」,19109,Japanese
4Xxvd0JAK74,[아라시/嵐] 셋째 형 방송에 놀러 아니 일하러 왔어여~,21657,Japanese
lZJnkNUX6nI,ニガミ17才 / ただし、BGM,7258,Japanese
BDypJB6ktvM,【走れバンタン】EP.40 ジョングク 顔面 はぁ〜 最強じゃない？【防弾少年団(BTS)】,71486,Japanese
Jwt9fEFul28,【櫻LIVE】第278回 - 田北真樹子 × 我那覇真子 × 櫻井よしこ（プレビュー版）,12364,Japanese
7IvXuVpnQyQ,テレ朝・弘中綾香アナがオードリー春日に嫉妬！活き活きしてる若林を見て反省ｗｗ,10908,Japanese
tmeFDVlIRkM,华晨宇《双节棍》-《歌手2018》第6期 单曲纯享版The Singer 【歌手官方频道】,309701,Japanese
fJt2Th8DScM,中日 ドラゴンズ 2018 2/17 春季キャンプ,5991,Japanese
QN_GQL3z-Pw,《阪神/2月16日/対楽天》6回裏に7点の猛攻！！今年は長打力が一味違う(6回裏の攻撃ノーカット),6681,Japanese
z1K-KEgX7CM,眞子さまと小室圭の結婚延期に対する明治天皇の玄孫が大胆発言した・・「◯◯になった」,50933,Japanese
o-7eRb9KVYU,野球スイングみたいに振るとよく飛ぶよと教える動画があった。共感！,11826,Japanese
11T60xb2ri4,カード収納ファイルの作り方&購入品♡,4915,Japanese
5Aa0yBBB2lw,ガチャガチャをまったく知らない国にガチャガチャを設置、すると・・・,31835,Japanese
geXRStPE8-s,テンションの高いテテグクと静かなヒョン達『BTS 防弾少年団 방탄소년단』,22139,Japanese
RxGQe4EeEpA,좋아 by 민서_윤종신_좋니 답가,156130,Korean
hH7wVE8OlQ0,JSA 귀순 북한군 총격 부상,76533,Korean
9V8bnWUmE9U,나몰라패밀리 운동화 영상 2탄 (빼빼로데이버젼),421409,Korean
0_8py-t5R80,"이명박 출국 현장, 놓치면 안되는 장면",222850,Korean
bk55RbxiQdI,김장겸은 물러갔다 MBC 노조 환호와 눈물,84466,Korean
AmP0ryzDmbY,김정숙 여사는 왜 갑자기 문재인 대통령 주머니에 손을 넣었나? 인도네시아 대통령도 깜놀,188707,Korean
4Nxb_nQDYWo,예능신 이광수 하이라이트 모음,114858,Korean
cplEUy1zk80,[일본반응] 한국이 인도-태평양 안보라인에 참가를 거절 !!! 난리가 난 일본,70166,Korean
iToRdbxuMtg,현재 논란중인 홍대 머리채남,65547,Korean
poY-l_1poYA,"[핑크상사] 5화 - '막둥이' 김현정, 중고차 트라우마(?) 극복할 수 있을까?",17868,Korean
9dQ02l7YlQI,"우리가 원했던 경기력 !!! 손흥민 멀티골, 기성용 탈압박 ● 대한민국 vs 콜롬비아 ● 하이라이트",1812042,Korean
3NgzuR6mCT0,눈물 흘리는 관상전문가 ㅋㅋ,260467,Korean
_GQ2ymrME2Y,슈퍼모델 4행시 순발력 실화냐 ㅋㅋㅋㅋㅋㅋㅋㅋ____ feat. 강호동,85021,Korean
o4_tHTmniw4,WannaOne (워너원) - 'Beautiful' M/V (Movie ver.),2580925,Korean
gmavEUSx1eA,슈퍼우먼 이재정 대단! 전희경 종북몰이 박살! 핵사이다~,83873,Korean
BOo4GnCfoEo,[TF영상] 성심병원 간호사 장기자랑 논란…키·체중 제한도 있어,419815,Korean
mrEqnxtq_Hk,방송 최초 공개! 소녀시대 써니의 하루 일상 [너에게 나를 보낸다] 2회 171109,299101,Korean
zMHOvFaLaBs,김준면 인생 새로운 경험 90cm우동면발원샷 [맛있는 녀석들 Tasty Guys] 142회,75564,Korean
9r5ncSsv59I,"손흥민, 차범근이 부르자 말없이 안겨서 울다!!! 차붐도 덩달어 코끝이 빨개집니다",290742,Korean
JN62XAh1jOA,The MOST DIFFICULT Korean SAT English + Maths Questions!!,104070,Korean
Ssx4JpUsW_U,"[ 전체 ] 김어준의 뉴스공장 1113(월) 박범계, 최강욱, 김준형, 정청래, 임상훈",88115,Korean
fiI4YwN3TNM,[속보] 김모씨 방청소하다 그만.. [ 꾹TV ],182505,Korean
WSasKXK0nhI,(심층해설) 이명박이 문재인 잡아라! 윤창중 TV 칼럼(2017.11.13),56248,Korean
AhcdSlUrAqk,고양이와 또 감사합니다.,204914,Korean
DKENZsdZ8Ho,국카스텐 (Guckkasten) - 이방인 M/V teaser,18867,Korean
DQJp8uoRSXk,17년11월13일 APEC에서도 외톨이 문재인(포토타임.환영만찬),96820,Korean
K45GLGZXY4k,"'박정희에게 길을 묻다' 세미나에 다녀와서 (정규재 칼럼, 11월 13일)",58676,Korean
YQ2lbAaw8SI,아는 형님 102회 예고편,370244,Korean
d5bsz2nJvrM,顽强的小生命! 婴儿靠自己力气从妈妈肚子里挣脱出世,8266,Korean
O5V8CUj-fmg,[1일 2강다니엘] 아름다운 녤 🦋,13662,Korean
g0SNaoqC7Cg,"김어준의 뉴스공장 [17.11.13] 박범계, 최강욱, 준형, 정청래, 임상훈",102348,Korean
IJtOFyXxRpU,"베이블레이드 버스트 갓 16화 예고편, 슈를 찾아라! [BEYBLADE BURST GOD TRAILER]",18055,Korean
GiuQ33p-jEU,머리에 우주를 품은 혜서니 ..♥ [feat. 기우쌤] ♥혜서니♥,263044,Korean
P9KQOvLRVNQ,"박지원의 이명박 기자회견 극딜!! 안초딩, 바른정당 자꾸 기웃거리면 나 민주당 간다 꿀렁꿀렁 하지마!",59759,Korean
sZqZgEEB5SI,"송종국이 전부인에게 저지른 충격적인 일들... 결국 김민희 홍상수에 분노한 전부인의 멘탈,  가장 불쌍한 건 아이들?",413871,Korean
uJTDJJ3BgMQ,[원피스 813화 4편] 최초로 밝혀지는 푸딩의 진짜 속마음.. ㅠㅠ,338582,Korean
Shxu7Iyl9ds,조갑제TV/집무실에 김정일 사진을 걸어 두었던  김관진 장관,42606,Korean
jRItDl-NstA,시진핑 지 숙소로 문대통령 불러 또 사드 훈계? 중국에 장사하려 민족자존심 파는가? [세밀한안보] (2017.11.13) 1부,44248,Korean
FT0jBSkCqjQ,[겁 없는 녀석들] 한반도 최고 허세남의 최후는?,204935,Korean
txg6RnfzM38,[칵션] 멜론음악 실시간 차트 11월 2주차 TOP30,149601,Korean
m3AxIeQ3StA,IMF총재 관심 독점한 문재인..아베총리 여사님께 친한척 현장,217077,Korean
GcQ5HUKUaTA,[박정희 대통령 동상 기증식] 좌빨 놈들 잡으러 상암동 박정희 대통령 기념관으로 출동!,28141,Korean
6ZXFbgEVg1o,이명박 정신 못차렸다! 박지원 역대급 돌직구 터졌다! 개선장군 올림픽 나가냐! 출국 발언 완벽히 발라버렸다,62856,Korean
YL211gvSyFM,(몰카)  전여친이 내앞에 나타난다면?! ㅋㅋㅋㅋㅋ,260596,Korean
fz7whSExAk4,용큐놀이 해보았다! 이용규보다 파울 많이치기 도전!!,30406,Korean
LIbLZ_ZUebs,나루토 레거시: 보루토 특별 영상 풀버전(한글자막) - 로드 투 보루토,280873,Korean
_cYPL2kh81g,다문화 고부열전 - 남편만 믿고 기고만장한 며느리 때문에 기죽은 시어머니_#002,11452,Korean
T4AEfAT3I_A,2017년 11월 12일 (일) 뉴스룸 다시보기 - 정치보복 의심…MB 공항 발언,121299,Korean
5fiGQcd0FGk,MB 출국 전 입장 발표...바짝 쫓는 검찰 / YTN,104885,Korean
pshpVtJJSqg,[다다블리] 없어서 못 먹는 요즘 핫한 편의점 간식,31298,Korean
fC7PIC9HskU,토르: 라그나로크  THOR: Ragnarok  묠니르의 명복을 빕니다 (한국어 CC),26676,Korean
JbIciJRSY10,★멜론 2017년 11월 3주차 최신가요 멜론차트 연속듣기 l Kpop Top 20 l 가사 모음★,13549,Korean
UWI3gbjL0k4,심상찮은 미분양 증가 조짐…거대 폭탄 될까 노심초사.,20051,Korean
R5phEt-KJuE,범죄도시는 도대체 왜 흥행했나,215525,Korean
WyvtwqaWCy8,171113 WannaOne (워너원) - Nothing Without You (Intro.) @ Wanna One Comeback Show,44083,Korean
vHdEl9deG4I,트럼프 세레모니로 보는 한중일 삼국삼색 예우법,341243,Korean
cwcof34YxVQ,(충격!)이 시점에 이명박이 두바이로 가는 충격적인 이유!  이런 이유였다니..,146317,Korean
_EdCoOqrj4s,백반토론 나는 짐이다 171113(월) 9595쇼 '어떻게 나가실 생각을 하냐? 내맘이지!',28897,Korean
4S4I1cUK2xw,바른정당 이준석 폭로에 김무성 폭발 너 지금 말 다했냐?문재인 대통령 우병우에 분노 특별지시 처단하라!,377469,Korean
m3NzK_u9FMI,"코미디언 정종철 아내 황규림 자살 유서 사망? 정종철 이혼 재혼 루머,",205677,Korean
nFTEV-B2qmE,"영화 1987 예고편 (김윤석, 하정우, 박희순, 이희준, 유해진, 김태리, 여진구, 강동원 등)",290960,Korean
5aB0Ux6sucY,"[변희재의 시사폭격] 대한애국당 최고위원, 서울시당위원장직 내려놓는다",70801,Korean
QLOT92uIITo,Saada Time | Dhira Gill | Maha Film | Full Video | Latest Punjabi Song 2017,753347,Korean
gjUSs3Jd4hM,딸기모찌와 짱뚱어탕을 처음 먹어본 모델!! ㅋㅋㅋ (338/365) Model Tries MUDFISH Soup!! lol,26785,Korean
JzYfGVwZ7dQ,드래곤볼 슈퍼 116화 30초 무삭제 예고편 : 풀파워 극의 에네르기파 케프라에게 작렬!,73676,Korean
nUZZs9dOMJ0,[FULL ALBUM] Wanna One (워너원) - 1-1=0 (NOTHING WITHOUT YOU) [Repackage Album],144091,Korean
kJmJ_qTgBb8,미군이 험비 대신 구입하는 한국형 소형전술차량 KLTV,200053,Korean
dRMuDqHp9dI,그냥 넘어가는 일이 없는 외교참사 이번에는 중국,30298,Korean
Tjo4s7AMpfM,해외직구한 아이폰 X 개통방법 및 꼭! 해야할 것 총정리. 직구하신분들 꼭! 참고하세요!(How to use iPhone X in Korea),45357,Korean
swKs9PC5Krg,피부과 레이저 시술 롤플레이 Dermatologist Laser Treatment RP,130842,Korean
Rd9SLEKpiYk,김어준의 뉴스공장 11월 13일 (월) 전체 풀버전 정청래 박범계 최강욱 김준형 임상훈 / 이명박 출국 인터뷰 내용+ 이동관 등 김은지 기자,16277,Korean
xPreuX7D4PA,[ASMR] 수학 공식으로 귀 녹여버리는 '로키' 톰 히들스턴 (수험생 필수),104088,Korean
QO7-sgyLsA0,SBS [사랑의 온도] - 13일(월) 예고,14300,Korean
AGShaNYQA9Y,1마리에 54만원..?!! 한국에서 제일 비싼 랍스타집 클라스 미쳤다..,508384,Korean
mVPmIny-gZY,☆섞박지ㅡ보리밥과 건고추로 담그면 설렁탕 집의 그 맛을 더욱 깊이 느낄 수 있습니다!☆★Radish Kimchi★,9485,Korean
hhzDPJdt42k,안녕하세요 효니월드입니다.,28569,Korean
pL0ryDuCH4k,윤석열 지검장 교체 검토 억울하다! 충격,289761,Korean
KcqZf5hb0sM,숫자 3개가 모두 보인다면 여러분은 특별한 눈을 가졌습니다.,1135745,Korean
MQWHxTHDfHM,대통령을 묻어버린 '거짓의 산' 15편 | 차은택의 거짓말 퍼레이드!,29297,Korean
oYlG0V4HNlI,너무 예쁜데 패션센스까지?! 여신급 비주얼 쇼핑몰CEO[빼빼로데이 강남야킹]/171111 │ 남순 #2,39558,Korean
7zoZ14Z3Lnw,[김정민의자연사박물관]1부-죽음의 대서사시 - 트럼프 대통령 연설문 대해부,18040,Korean
Pd46Er8RWo0,코트 괴물취급하는 여자만남 개웃긴 약빨방 ㅋㅋㅋ  (노래하는코트),31433,Korean
vY9iQ61qwQc,[상상극장] 13층의 비밀｜빨간토마토,118657,Korean
V61roUxihXU,"[리플] '스미노프 아이스톡'을 마셔보았다! 상큼하게 마실 수 있는 스미노프 애플, 메론톡 리뷰! | Ripple_S",231030,Korean
fMisBfu4iSs,문재인 대통령 아베의 트럼프 맞이,2789395,Korean
go8Y1X0ECZY,[FULL ALBUM] Wanna One (워너원) - 1-1=0 (NOTHING WITHOUT YOU),32181,Korean
TsxkhdDRsDI,기자들에게 역정 낸 MB 상식 벗어난 질문 말라,15814,Korean
zHfdgW4hy8A,뚝배기 309개나 깨버린 전설의 여자 저격수 실화 영화,69885,Korean
JH9V6cVcN-4,[주식투자]최승욱의 상위1% 진짜주식(2017년 11월 13일  월요일),8129,Korean
59VIEKvKJA8,요정들의 여왕,49147,Korean
XdVhT60Loxg,유설(YUSEOL) - 'Ocean View' M/V Teaser,162551,Korean
cCOPLqDibfQ,Wanna One (워너원) - 'BEAUTIFUL' Lyrics [Color Coded_Han_Rom_Eng],464322,Korean
J90PtTxIpLA,아키네이터야 할매도 찾아줘!!  아키네이터가 할머니도 공대생가족도 찾을수 있을까?[ 공대생네 가족 ],117143,Korean
ywmwUaPQ9xo,[에렌디라] 저는 애기같은 얼굴이 아니에요,84987,Korean
VF2ADI5agOg,Ep 31.문과1등 이과 1등 보이스피싱을 당하다???,498073,Korean
RcIPRBz998g,"김정숙 여사, 문재인 대통령 재킷 주머니 '수색' 해프닝 [씨브라더]",185301,Korean
Sx-gpxBft4M,171112 세븐틴 목동팬싸인회 클레오파트라게임 wonwoo focus,12522,Korean
9cL5DZI-k0s,천재가 무서운 이유,535876,Korean
hljD0ExqCh0,고토를 보고 흥분한 오른쪽이 귀여움,108020,Korean
FQnL1HlPtMI,Kundhi Muchh - Pamma Dumewal || Official Music Video || Reejhan Films,237673,Korean
9XKpCpraezg,레바 결혼걱정 없겠네!,90386,Korean
enenslmbKJ4,[비누국 생방송] 벌칙으로 켠김에 왕까지.. 핵발암 물질로 만들어진 항아리게임 쉬지않고 클리어하기!!! Getting over it,64837,Korean
GdZBsz301yk,"[1080p] 강다니엘, 너와 함께한 시간들 6편 (The happy moments with you, Kang Daniel ep.6)",15375,Korean
4CWYylzQh7g,[嵐/아라시] 옷 고르다가 빡친 오노 ㅋㅋㅋㅋ,9763,Korean
oGj5-or4DtA,카르도나 인종차별이후 더 빡치게 만드는 콜롬비아 방송,41637,Korean
6GEawVjs1hs,뉴이스트 ㅣ 조상러브들 익룡설,13201,Korean
OJ3we7LMggc,"관훈나이트클럽 #20 “구속 안 된 김재철, 해임 안 된 김장겸”",78450,Korean
YSh7kp6umTc,《猎场》第12集：秋冬迎接未知新挑战 拒绝林拜的帮助 Game Of Hunting EP12【欢迎订阅 芒果独播剧场】,27352,Korean
pkEs6sCA9nE,중국에 질려버렸다…단호히 거절한  롯데마트,345008,Korean
m4Gypf62LBY,촛불주역들 문재인에 반기,45444,Korean
ezfXyNqjljs,"[최마태] 리플s 출연진 프로필촬영 현장. 여름, 석준, 진아, 미나, 민욱이 까지! | 노잼일기장#17",137147,Korean
iDdElhzVx_c,171110 마르셀로 미친 중거리 골!!! ●일본 1:3 브라질 하이라이트!,467546,Korean
Svkg904ASjk,유기성목사 요한계시록 강해 08. 속히 미지근한 신앙에서 벗어나야 합니다!,9628,Korean
F03qkeDeCOo,💗품바여왕 버드리💗관객박수호응 100점 최고 멋진 공연 2017년11월11일  사천 이벤트 국제 로타리 클럽 연수회,62823,Korean
xHkxALq6q7A,고양이랑 숨바꼭질?! 숨어버린 [우리 고양이가 어디갔지] !!!,82438,Korean
HfHlzm1buvE,국격박살 문재앙 - 가는 곳마다 뻘짓,148370,Korean
Y3xl9ihWc_U,Latest Punjabi Song 2017 | Balkar Sidhu | Jatt Patya Gaya | Goyal Music | New Punjabi Song 2017,542087,Korean
vxfDYCYvdMw,드디어 잘하는게 생긴 김종현 (귀여움주의♡),30848,Korean
XUsv0zVWUiQ,"이 점수가 가능함?? 라이더 초고수들 다 모이삼!! [ RIDER ] - [테드tv,Tedtv]",632734,Korean
lXi8y3g4PP4,[돈꽃 OST PART.1] ISU(M.C THE MAX)(이수(엠씨 더 맥스)) - My Way (Official Audio),56037,Korean
BRGn0mLy-VM,"미국언론의 시선! 트럼프는 한국에 맞췄고, 일본은 트럼프에 맞췄다",622784,Korean
498dj0zb1S0,"[법륜스님의 즉문즉설 제 1337회] 업무상 해치는 신체적, 정신적 건강",21391,Korean
YJkknzyEerc,기생수 마누라가 집을 나간 우다 마모루의 등장 / Parasyte 7-1,156292,Korean
XwV_WziEBRY,가나 원빈샘 오취리의 가나 나들이!한국 엔터테이너 오취리의 가나탐방기![TwoSamTV],41997,Korean
Gz5CLuByTQQ,"[17-18 쇼트트랙월드컵3차] 여자 1500m 결승 - 심석희, 최민정",71545,Korean
kymH-FhU1u4,"[기성용 볼터치] 수준이 다른 미친 탈압박, vs 콜롬비아",190463,Korean
Vt3kUwhy1s4,[기생수] 염산(?) 맞고 폭주하는 기생수 시마다 ....,150411,Korean
BNWFh7hcBMo,허경영강연 1103회 2부 실시간방송 트럼프의 국수외교와 아베의 극우외교와 문재인 대통령의 중도외교가 몰고올 한반도의 위기!,20731,Korean
Nay8oG9X2sA,런닝맨 [소민 귀엽다고하는 동해],25655,Korean
IihklvJYXoE,Koombiyo | Episode 24 - (2017-11-12) | ITN,154115,Korean
hA_YOlVZoxc,매일 쓰는 물건들의 숨겨진 비밀 18가지,46765,Korean
ajpmlblM4KI,💖품바의여신 버드리💖 사천 삼천포와룡 로타리클럽 연수회 초청공연,23537,Korean
Zgahznq7f4Q,창현이 적극추천하는실력자! 얼마나 잘하면 유튜브메인까지?! [2017.11.11 거리노래방풀영상 #2],17568,Korean
IhEqXSdRexM,"전직 사업가 보물 사냥꾼의 땅파기, 영국을 놀라게 하는데",34339,Korean
_5njFAnnFRE,황금빛 내 인생 22회 ♥ My Golden Life Ep 22 [Preview],28555,Korean
P8eX_Au3Zbw,New Hindi Song 2017 | Haareya Mein | Rooh Band | Latest Hindi Songs 2017 | Satguru Productions,494185,Korean
rK8AJXgJFaE,[토리코] 팔을 재생하는 토리코 2,78598,Korean
r_kggQY7cHw,"Giọng ải giọng ai 2 | tập 6 full: Trấn Thành hào hứng khi Đức Phúc, Bích Phương bất phân thắng bại",3933794,Korean
HaldKY9w9_Y,"품바 가을이 - 남자는말합니다,장녹수,연모,비비각시외 2017, 마산 가고파 국화축제공연",31265,Korean
tEGnXZePPJY,[단독] 선정적 춤 강요 의혹…간호사 참가율까지 관리,31576,Korean
sfZ5YaoJ1Eo,반짝이 보석과자 코하쿠토 만들기♥ - Ari Kitchen(아리키친),616608,Korean
QriN-YTcyo8,टोरा जाटनी का ll Tora Jaatni Ka ll Sandeep Foji & Kajal Sharma ll Pankaj Sharma,260076,Korean
kVb7A6J97v8,"[해외반응] 해외네티즌, 하루 만에 한국이 게임 대회 5개 우승",81104,Korean
hIgu7sUpdDU,[황민현] 워너원고2 2화 (나름 혼자 많이) 바쁜 민현이,106696,Korean
qAcW06XhYDQ,요즘 엔진 진동,16273,Korean
db33aDwoKY4,เพียว - Forget You - Blind Auditions - The Voice Thailand 6 - 12 Nov 2017,1216962,Korean
7X-gYd1ox1M,Sajna Ve - Official Music Video | Payal Dev | Rashmi Virag,2106034,Korean
-I3IgxRI-7U,역대급 가격 163만원짜리 아이폰 X 직구 성공! 개봉하고 비교해보기 - 기리,224127,Korean
mKwqZIu-crw,우산 씌워주고 카트 타고…문재인 대통령과 조코위 대통령의 '환상 케미(?)'/비디오머그,159243,Korean
6tGQtfHS8Go,[성수커플] 데이트 Ep.23 대부도로 1박2일 생일 기념 여행~! (ENG SUB) traveling to Daebudo Island to celebrate B-day~!,353871,Korean
lOfIr4a5F44,이제 만나러 갑니다.E308.82 Min 19 Sec.171112.HDTV.1920 X 1080P-Channel A,17552,Korean
OsOJOrtW0G8,[미국물정] 기자회견장에서 난데없이 아베를 밟아놓는? 트럼프 대통령,195281,Korean
mpSpcyH9hD8,เธอคือพรหมลิขิต | EP.13 (6/6)  | 13 พ.ย. 60 | one31,397192,Korean
ehfy36wqUTU,New Punjabi Songs 2017 | Rotiyan (HD Video) | Aman Mehra | Latest Punjabi Songs 2017,929219,Korean
94kpv6F0MwE,The X Factor Thailand | EP.10 | รอบ 4 Chair Challenge ประเภท ชายเดี่ยว | 12 พ.ย. 60 Full HD,1208399,Korean
p40SxAp8FRo,(10일차)오직 주님만 의지하고 바라봅시다,23506,Korean
mEfSuJEFLAA,"문대통령 베트남도착, 환영하는 시민들",103309,Korean
a3w2T5d7LN4,"손흥민 완벽부활! 멀티골 작렬! 한국 vs 콜롬비아(친선경기), 국가대표 평가전",145736,Korean
eBBKwCAoShE,아이폰8 2대 형 안쓰는데 가져갈사람있어!???,524465,Korean
98tQa2oR4Ps,กระแต อาร์สยาม เต้นปานามา ( PANAMA DANCE ),389383,Korean
BmttuN2Bmro,나단의 2M 씽크홀 몰래카메라 (빡친 멤버들) BLACKLIST,166100,Korean
NhgDLHe69BA,내시경 직접 해보고 리뷰 - 수면과 비수면의 차이 [대신리뷰],188095,Korean
DOIw62TXYkg,GoPro Gets Melted by Lava and Survives,2457515,Korean
ZcIWaCMJDKc,[더유닛] 어벤져스 팀 꾸린 핫샷 티모테오,13763,Korean
XwjFwb9W2pk,TWHKstar | “내 안 늙었지예?” 무릎 꿇고 눈물 흘린 나훈아 (믿기 어렵다),83254,Korean
SOH10kDZtqU,25년 만의 국빈 방문을 준비하는 사람들,105477,Korean
gj_WrmyXH_c,प्रहरीले रिपोर्टरलाई सुरक्षा दिन सक्दैन भनेपछि रवि आफै पुगे मोरङ । क्रसर व्यवसायको सञ्जाल !,282365,Korean
MbR2qevSXjQ,ชิงร้อยชิงล้าน ว้าว ว้าว ว้าว รูปแบบใหม่ | เสือสั่งฟ้า ขุนโจรพันธุ์โหด | 12 พ.ย. 60 Full HD,629696,Korean
NKRC6kQV3gM,"[정봉주의 전국구 시즌2] 21회 : 박근혜 재판, MB 구속 증거된다!",59314,Korean
wwsrFvQ4_6U,전국민 놀람 ✅트럼프가 한국을 떠나기 전 마지막 보인 모습은? ✔[채움tv],1547860,Korean
zCc0MhQPB4w,[경향신문] 사고 당시 고 김주혁씨 차량 내 블랙박스,348753,Korean
YNYjwzvwaU4,[영상] 故 김주혁 사고차량 블랙박스 공개 (KIM JOO HYUK BLACKBOX  BREAKING),294940,Korean
JFLMIq_NSHA,故김주혁 블랙박스 공개…갑작스러운 상황 고스란히 담겨,160903,Korean
zyCMQmSVS4g,"긴박했던 JSA 귀순..목숨 건 귀순, 왜?",118842,Korean
_OmNKz6tJbc,초등수학 5-2 자료의 표현..가능성이야기하기,18390,Korean
f7wCdRsKaqE,[워너원] 컴백쇼 폭로전이라 쓰고 앞담화라 읽는다ㅋㅋㅋ,119391,Korean
GU6TjZHqlJE,빡친 데로시/De Rossi angry when coach told him to warm up,23923,Korean
vDxD4HwEFdY,러블리즈(Lovelyz) 종소리(Twinkle) Official MV,280924,Korean
ak3ja-tSKFQ,우원재가 AOMG에서 밝아질 수 밖에 없는 이유,152824,Korean
MI0nxKUV8dQ,"[NOW] 故김주혁 씨 사고 당시 본인차량 블랙박스 영상 공개돼, 국과수 사인은 '머리뼈 골절'",41169,Korean
XaUHP25sviY,"조현우 미친선방, 클라스가 다른 손흥민 ● 대한민국 vs 세르비\n아 ● 하이라이트",483015,Korean
2guRr9fa0yM,귀순 北 병사 5시간 수술...5~6곳 총상 / YTN,170951,Korean
w6PqFyLtjuU,171114 더 쇼 몬스타엑스 더쇼 초이스 1위 발표 및 소감 / MONSTA X DRAMARAMA #MonstaX1stWin,135033,Korean
4F8KrBnGhzE,Yuna Kim (김연아) : Speech to the UN General Assembly 2017(유엔총회 연설),79594,Korean
vODNr-hv7og,"[리플] 어떤 초코우유가 가장 진하고 맛있을까? 리플 미식회, 이번엔 초코우유다! | Ripple_S",260714,Korean
i758WqxmPi8,[ 전체 ] 김어준의 뉴스공장 1114(화) '양심고백' 김기현 군에서 댓글 달았다 / 하태경 유승민-안초딩 손잡는다 / 박성제 다시 MBC 뉴스 / 정태인,69472,Korean
o7_xewHPhFc,"김어준의 뉴스공장 [17.11.14] 박성제, 하태경, 김기현, 이재석, 정태인",105508,Korean
a-QCuwf1ACA,방문진 이사 최강욱의 무자비 팩폭...김장겸쪽 김광동 이사 뒷목 잡다,53553,Korean
8G3qf3GcLCs,[ETC] NU'EST W(뉴이스트W) : 2018학년도 대학수학능력시험 응원 메세지,21395,Korean
cMr-8UdrJEk,171115 BTS at Late Late Show Taping/Recording Preview #BTSxJamesCorden,49804,Korean
kNGhoqR0nFg,이명박 해외 계좌 찾았다 헐. 미국 수사기관이 찾아냈네? 어쩐지 MB가 싱가폴에 자주 들락거리더니.. 바레인도 함 찾아주세여~ ㅋㅋ,29213,Korean
Fe8hxYjVmho,한국에 대한 외신반응 한국 정치는 전세계의 귀감 미국의 이상을 한국이 실행 중,59204,Korean
UsSXOQtQiUk,중요한 순간에... 끊겨버린 하늘&세진 [네버다이 버터플라이中],140662,Korean
MUBo-rLHE2Q,[Greetings] Kang Daniel and Ong Seong Wu of The Master Key,22764,Korean
IZkgBIN_qJo,"[먹방] 홈플러스에서 사온 돼지주물럭, 오징어무국, 닭꼬치 먹방 mukbang [Eating Show]",26047,Korean
u2cOmOk9jBE,FULL | Việt Nam vs Afghanistan | Bảng C vòng loại Asian Cup 2019,1417556,Korean
d-LSY0Wy1mM,배우 한경선 나이 사망 뇌경색 전조증상으로,374524,Korean
oLcuL6A-Yyo,[BT21] Making of BT21 - EP.09,287854,Korean
l1Y0aNuOPt4,"친홍인가 반홍인가 (정규재 칼럼, 11월 14일)",62810,Korean
x1HZgkcX5OE,아디다스 협찬받은 나몰라패밀리 패러디 여자버전 나옴(feat.브라)ㅋㅋㅋㅋㅋㅋㅋㅋㅋㅋㅋㅋㅋㅋㅋㅋㅋ,68049,Korean
ksk-KQ0mPDM,"신의한수 생방송 11월 14일 / 문재인, 김진태까지 잡는다!",45295,Korean
sM-cgpuY5VU,홍대 버스킹 머리채 영상(임병두) + 피해자 심정,27114,Korean
_whKa4X0Mpk,워너원 컴백쇼 오프닝 강다니엘 독무컷 Wanna One Comeback Show Kang Daniel Dance Cut,18459,Korean
nSHPYwLde00,"트럼프 「시진핑의 애완견」 비판, 미국 내 속출 중국 280조 투자 공수표 남발과 지지율 올리려 「쑈통」  [세밀한안보] (2017.11.14) 2부",35860,Korean
G_op8NT8ZP8,"충격적인 건산연 발표,, 내년 전세가 폭락..부동산 시장 패닉 증후군 오는가?",31456,Korean
Bq-vdDWecZQ,[김어준의뉴스공장] MB 턱 밑까지 온 댓글 수사... 최초 폭로자에게 듣는다,35567,Korean
gIdhFmtFCJs,CBS 김현정의 뉴스쇼(17.11.14) 박영선 여명숙 허성무 이준석 (171114),15502,Korean
2-1nNAZLGuo,최강의 양아치 히어로,255058,Korean
gdoRbcpGIgI,"[변희재의 시사폭격] 김진태 의원, 태블릿PC 진상조사팀, 위치추적과 배터리 조사 결과만 받아라!",48179,Korean
n5CuFtpt26U,[김은혜의 연예 이슈] [긴급 입수] 故김주혁 차량 사고 블랙박스 공개,23767,Korean
lQix_kSIkug,171113 워너원 강다니엘 4K 직캠 (Ft. 데뷔 100일 축하) / WANNAONE KANGDANIEL FOCUS 4K FANCAM,19304,Korean
X56Jk3eV6wk,Ep 32. 문과1등이과1등도 수능보려나? 그리고 알려주는 수능꿀팁,278228,Korean
lxlTvBFLpbg,"러블리즈(Lovelyz), '종소리'(Twinkle)무대영상 (SHOWCASE, STAGE)",81799,Korean
ygniSAoGMgA,난이도▲▲ 제시어가 추가된 무궁화 꽃이 피었습니다 !! [웃소 Wootso],40825,Korean
L6RgYEvnUBA,2017년11월14일 아침 뉴스,140194,Korean
Ic_nGV-cDrI,베이블레이드 버스트 갓 33화 쉘터 레굴루스vs아크 바하무트,17380,Korean
fj8Ul67aLgc,[성수커플] 잔소리 많이 하는 성현이를 조용히 만드는 방법! (ENG SUB) The way of making nagging BF to be quiet!,257932,Korean
J7LZDFN7jLE,[김재환] 의도치 않았던 재환이의 신곡 스포....,15897,Korean
ioC0-wmjbkI,쟤가 예뻐 내가 예뻐? 남순이 이상형에 폭풍질투하는 서윤?!ㅋㅋ/171113 │ 남순 #7,99508,Korean
9kCzPCoPP2U,"백반토론 나는 짐이다 171114(화) 9595쇼 ‘세상은 넓고, 조세회피처도 많죠?'",29330,Korean
HmCt4-HNRDY,"[뉴스를 쪼다] 문재인 압박받는 이명박, '노무현'으로 반격? 640만불, 논두렁 시계로 반격?",39955,Korean
bee6yrxaF3M,나가지 말라고 아련하게 야옹하는 고양이,156481,Korean
OZ73fwBPzxU,효과적으로 다크서클을 없애는 7가지 방법 - Be Healthy,14178,Korean
8heoVhxBB6o,홍대 머리채 실제 영상,24402,Korean
Rp3sh8tZisA,눈앞에서 사라지게 하는 마술인척! 몰카를 해보았다! ㅋㅋㅋ 반응 대박! - 니키,21563,Korean
cCegqohCFQs,김국진 전 부인 이윤성 이혼 이유(사유),141878,Korean
gK0h_7zAegA,“홍대 버스킹 보다가 머리채 잡힌 피해자입니다” (심경전문),26693,Korean
cRZP4QEgicU,[리본명장면] 초대 구름의 수호자의 무기 !! 히바리쿄야의 봉고레박스,57766,Korean
evGMWiEqTYM,빈라덴 잡은 바로 그 총! 흥국HK416D 205만원 제일비싼 장난감총,317155,Korean
oX0l9OyhR-E,[세로라이브] 김동완 - 헤어지긴 한 걸까,29106,Korean
ZN5xYUaxT5E,[나루토 명장면]겁대가리 상실하고 5카게 회담에 쳐들어았다가 뚜까 맞는 사스케.....,163241,Korean
Ve0bcqPCu7M,"[CBS뉴스] 10만 명 대형교회 명성교회, '부자세습' 완료",15603,Korean
ywZW3TZb-Bw,[신천지] 시온기독교선교센터 서울야고보지파 수료식 티저영상,45220,Korean
4Jo1y2sEcm4,"171114 트럼프 중대발표 예정, 이화영 목사",16954,Korean
QfWGF0yLIPQ,워너원 갖고싶어 옹성우 파트 모음(미친 미모 주의),25742,Korean
OKn6Ngy6FHw,동상이몽2 남편 정대세의 힘듬을 알고 울어버리는 명서현씨...,72863,Korean
MoKpleUs-_4,CBS 김현정의 뉴스쇼 - 성심병원 갑질 논란  - 갑질 피해자 OOO 씨,36691,Korean
y3UenGTOgkI,기생수 고토 얼굴 4단변신,162013,Korean
bNKcQfFHAbc,알타크로노스 vs 블래스트지니어스,10140,Korean
6PdFXBqB9Vc,[1일1강다니엘] 아름다운 녤 🦋,11219,Korean
ZlBDDevj-_A,보미가 직접해준 정성가득 저녁밥상♥ 식..식폭행 아니지..? (17.11.13 #4) 봉준x경민x보미 Muckbang,48538,Korean
2rQyHzWlYUg,[밸런스 게임] 15. 더블케이,75080,Korean
p6ENX9cN9-o,김어준의 뉴스공장 11월 14일 (화) 전체 풀버전 김기현 이재석 정태인 하태경 박성제 / 김장겸 해임 / 홍종학 채택 무산 등 시사인 김은지 기자,16748,Korean
C3ubhAKfejw,빅스(VIXX) - 2018 수능시험 응원 메시지,23113,Korean
FuidwJdv81Y,"북한군 병사 1명, 총상 입은 채 JSA로 귀순",17854,Korean
XXIM2VkxP34,[워너원 컴백쇼] 강고기 강다니엘 고기먹방,13660,Korean
R91cz-HIOmY,응답하라 청와대 2017! 북새통 국민청원 게시판 [조두순 출소 반대 & 소년법 개정 & 낙태죄 폐지 청원] / KTV 보고,4302,Korean
iBFUo2SD5xA,"Nothing Without You - Wanna One Lyrics [Han,Rom,Eng] {Member Coded}",49304,Korean
Ofvv6ygyT-U,런닝맨 [전소민 발지압판 3단뛰기],140553,Korean
sVjINFwxxLc,[사랑의 온도] 33화 - 34화 예고 (서현진 X 양세종) :: Temperature of Love Ep. 33-34 Preview,15135,Korean
jH9fzbSOS0Q,제네바 유엔인권회의(UPR)  회원국 박근혜 대통령 자의적 구금 연이어 성토,32381,Korean
S7Rx1B-54Nc,귀순 북한병사 아주대병원서 총상 긴급 수술 / 연합뉴스TV (YonhapnewsTV),30819,Korean
2KGpxg5k89M,째니가 스포했던 Beautiful 안무ㅋㅋ,55930,Korean
pDC2buHM3HM,หลงไฟ EP.26 [5/5],740890,Korean
02bW7_ZfBpw,'그 코이치군이 화를 냈다?' 주니어들 사이에 전설이라는 이야기,10144,Korean
Bk1pL6AfAN0,"[嵐 아라시예능] 맨날해줘, 너희들의 사랑싸움.... (feat.나이 많다고 놀리는 아라시 형아들)",7357,Korean
JWvLeWL0ce0,"홍준표 대표,  박근혜 대통령에 대한 거짓말, 당장 멈추라 !",11610,Korean
DZjA7p2K7iE,Haara Kotiya Episode 224 හාරකෝටිය | සතියේ දිනවල රාත්‍රී 6.30 ට සහ 9.00 ට . . .,85178,Korean
xjvPcOlvV3A,Pini | Episode 60 - (2017-11-13) | ITN,67446,Korean
mVP8t4657as,맨 인 블랙박스(171112),21116,Korean
ACHmlijAqds,잘 잤니?,37486,Korean
cwznh1cuP4Q,"컬투세상 베스트 #54  산부인과에서ㅋㅋㅋ 어머~ 산모님!, 10초만 눈을 감아 주세요!, 열정의 5옥타브 미직원 ㅋ",14490,Korean
MspGNZ9Uhkw,포항 한동대 지진 동영상,324970,Korean
9ICXTe48ScQ,[단독입수] 포항서 5.4 지진...진열대 물건 ’우르르’,343464,Korean
6HhGFKbHFbs,[NOW] 포항 5.4 규모 지진 발생. 당시 CCTV 영상,446706,Korean
cMMpCbEEszE,포항지진피해,126445,Korean
c4eespCkqBI,강도 5.5 역대 2위 경북 포항 근방 지진 발생 및 현장 영상,169834,Korean
Dqy3LU2g7T4,KNN 방송중 지진,48146,Korean
dCdQZxAgiu0,포항 5.4 지진 '아찔' 피해 영상 잇따라,91968,Korean
3IuDI5g27zc,전구게 모든 수엄생들 내일 만크믄 다 아라쓰면 조켔어요 🙏🏼🙏🏼,165741,Korean
DArGXWErP3A,어머머 지진이다 생방송 도중 대피 / SBS,338757,Korean
nWsQHn_sAP0,"[자막뉴스] 북한군 병사 귀순, 드디어 풀린 의문점 하나 / YTN",711986,Korean
dFJpdVXZBEQ,[Video C] 故김주혁 사고 차량 블랙박스 영상,112858,Korean
B1pDOYOeAYI,속보) 포항 5 6지진 피해 영상,87006,Korean
f-vANlp3KnI,JSA 귀순 북한군…대대장이 직접 나서 구했다,229972,Korean
iUu4pSqcVXc,나루토(구미랑 화해의 인을 맺다)【옛날 나루토를 회상하는 구미】※너무 귀여운 어린 히나타※,293915,Korean
ds5hmkdKPL0,"171115 2017 Asia Artist Awards '워너원 (Wanna One) _ 에너제틱 (Energetic), 활활 (Burn It Up)'",192847,Korean
26m7C0NoSdI,"라이더 형이 초강력 팁 알려준다.. 형 150 그냥 넘었드아 후후 [ RIDER ] - [테드tv,Tedtv]",140471,Korean
V8Nz6xiBKHY,그래프게임 부스타빗 해쉬검증 하는방법,14683,Korean
r5IFv5M3KZ4,흔한 중국 지하철 야채 소녀ㅋㅋㅋㅋ 몸에 뭐지 ㅋ,197218,Korean
xgzJl7be3Vo,(속보!)고 김주혁 블랙박스 영상 분석결과 발견된 몇가지 의문점,128732,Korean
HBU7mYzLb2Y,이혜영 오연수 남편과 재혼,58888,Korean
lJXQdf2f-Qg,쇳물로만든 배틀램!!★로켓이 배틀램으로 변신?!★클래시로얄★(엄크주의)♨닥터파이어 Dr.Fire♨,106015,Korean
No81O0Kbxfk,[라이브스코어1위 신세경 ]네임드 사다리/다리다리 분석법 강의 2편 ! 금액조절법!,14004,Korean
vIQcY9tGp6Q,초등수학 6-2 각기둥과각뿔,13905,Korean
UdFUJkv2uqg,총 5발 맞은 JSA 귀순병사 죽기를 바라서 41분간 방치된 거 아닌가? 의혹 규명 되어야 [세밀한안보] (2017.11.15) 1부,61056,Korean
ppiYRl3kcMQ,"[ 전체 ] 김어준의 뉴스공장 1115(수) 이명박 가훈은 정직, 노회찬 정직 당했어야 했다 / 박동희 기자 향응과 기사 재배치 / 원종우 디톡스, 양지열",74628,Korean
udkVl66xWvE,간장게장을 처음 먹어본 미국 모델의 반응!! (340/365) Model Tries RAW Crab!!,59364,Korean
jo0AAO1Hksg,아내 이현영 살빠져서 좋아하는 강성진 (얄밉)  [별거가 별거냐2] 10회 171111,65298,Korean
T8n6TyQIj3g,"박주민이 설명하면, 이렇게 쉬워진다 이명박의 농협 210억 대출 사건(주진우 X 김어준의 저수지 게임)",26217,Korean
oK2O8Xtkrvs,"[시민제보] 포항 지진 순간, 쏟아진 진열대",36142,Korean
Lg_jZqQUh_U,"김어준의 뉴스공장 [17.11.15] 박동희, 양지열, 노회찬, 원종우",106727,Korean
UPv1MExtAt8,미국까지 가서 크게 사고친 추미애,63560,Korean
G6EjJX0Uv3k,SEVENTEEN (세븐틴) 171115 Don't Wanna Cry + Without You + CLAP @AAA Asia Artist Awards,144346,Korean
Rj5KdNAdeF4,"[변희재의 시사폭격] 대한애국당, 정광용 오른팔 김경혜 사당으로 전락, 즉각 대수술 들어가야",54784,Korean
dwuB8nibFRo,11월 16일 주택시장 충격.. 전은행권  주택담보대출 금리 일제히 오른다.,34467,Korean
FajOYGUS-30,군산지진,16171,Korean
W5Uk7NHaxq0,[EXO/AAA] 아시아 아티스트 어워드 171115 전야 + KOKOBOP,135299,Korean
9rik9rLa7Go,"(해설취향탐) 콜롬비아 중국에게 참교육, 중국 vs 콜롬비아 0-4 (국가대표 평가전)",307516,Korean
Bodt1W-bBYU,이명박은 그러면 노무현정부의 문서를 갖고 있다는 것인데? 5년치 이명박 정보 내놓는데 동의하는 것인가요?,13079,Korean
Bks3b2ytC_g,자신의 과거 영상을 본 마루에몽 리액션 ㅋㅋㅋ,146610,Korean
zQzxfXPkgls,고현정 아들사망 전남편 삼성며느리시절 재혼 이혼사유,48832,Korean
UMoc7a7wpl4,나루토 [눈물의 쵸지 각성! 이노시카쵸! 스승 아스마를 봉인하라!],174411,Korean
eo9QgnBn-Kg,베이블레이드 버스트 갓 애니에 나오던 바운드 플라잉 공격이 나오다?! [배틀토이],25994,Korean
JcXrZ9dKCOI,"무디스의 한국경제 평가를 보고, 결국 한국을 인정하는 일본인들",32761,Korean
LwYs7BOY1Yc,"립밤 발암물질?! 올리브영, 이니스프리 33종 비교 분석 by.디렉터파이",53028,Korean
5msHd6A3i4U,남순X최군X지여닝 너 걔랑 사겨? 궁금했던 이야기 다 물어보자[별이 빛나는 밤에 #2]/171114 │ 남순 #3,49610,Korean
i9g3gZeUxvw,"배현진 아나운서 큰일났다! 현진아, 김장겸 해임됐다. 너도 가야지?",586379,Korean
pGW-jhANlT0,이명박 의견표명! 주진우가 집중분석! MB가 지금 왜 저러는 지 모르시죠?,114286,Korean
VHFB56X9q4Q,처음 경험한 정전기에 고양이가 충격먹다!,76980,Korean
vr_XmfQ3bWY,[CBS뉴스] 명성교회 세습..교회가 침묵하니 세상이 함성 질러,23011,Korean
y3WuLvuLoHc,(아라시/嵐) 막냉이 준에게 당황한 형아들(ft. 국자줄까+헤이!),12563,Korean
Q46x_mrDod0,맛있는 녀석들에게 보통이란? [맛있는 녀석들 Tasty Guys],60095,Korean
S61RUfJJ4qE,대응사격 문제로 흥분한 고성국 박사 열변을 토하다 | JSA 귀순병사,97798,Korean
DNe3TykrA4Q,"김정은, 이렇게 亡한다",21372,Korean
XyUnguxmhSg,긴급 점검 | 태블릿PC 검증과 감정이 시작되었다!,47630,Korean
Hb1r0mMvALg,포항 5.5 지진에 고층 아파트 주민·초등학생 긴급 대피,33502,Korean
PpyvncJx8pQ,2017 태백산컵 SBS 여자 프로볼링대회 개인전 결승,12819,Korean
h_ZUGtY20Xc,채팅창 초토화시켜버렸다ㅋㅋㅋ 빵터지는 철구를 웃겨라! 역대급 참가자가 감옥에서 참가했다...  (17.11.15-3) :: ChulGu,137735,Korean
tFAWkq5GLhM,개소리 하다가 트수한테 일침맞는 러너,39270,Korean
NSmspwOKEOI,"(인물탐험) 단언하건대, 박근혜 대통령이 건국 이후 가장 청렴한 대통령인 3가지 근거 윤창중 TV 칼럼(2011.11.15)",30088,Korean
7a0_WGQD294,표정관리 안되는 러너,24404,Korean
RETEKwGaSq8,인피니트(INFINITE) 2018 수능 응원 메세지,23105,Korean
AHQOWzqJFew,엄마미안해.. 애들아 형 외제차샀다,448188,Korean
FJ7gRsTV8qg,[뉴스타운TV] 젊은이들이여! 청와대에 있는 주사파 임종석 무리들을 몰아내자! -손상윤의 나 사랑과 정의를 노래하리라 제36회-,37867,Korean
JNWrfjNbHl8,포항 지진에 한동대 건물 균열…학생들 운동장 대피,41655,Korean
23v2bWL5_Yc,백반토론 나는 짐이다 171115(수) 9595쇼 'SNS에 나름대로 정면대응 하시는 거죠?',27002,Korean
_T3XO2A-leU,김어준의 뉴스공장 11월 15일 (수) 전체 풀버전 노회찬 원종우 박동희 양지열 시사인 김은지 기자 / 최순실 2심 징역 3년 등,21501,Korean
Hma-ub88wf8,🔥 이번엔 아빠 이름이 똑같다 - 저스티스리그,92389,Korean
Oto9SpkhuUI,손흥민 맹활약!!! 조현우 슈퍼세이브! 구자철 PK골!! (대한민국 vs 세르비아 확장 하이라이트 HD 1080P 171114),122205,Korean
R4k4cnhwjrA,171115 슈퍼주니어 BLACKSUIT,104433,Korean
vReJOkV8Tkc,페럿이 전기장판에 녹아버렸어요.,6954,Korean
GiVCk00tZ0Q,드디어 아이폰X 샀다!!! 완전 신기한 기능 찾았다! 근데 가격 실화임?! - 허팝 (I GOT IPHONE X),160168,Korean
kNVlIVceW_Y,5.5 지진의 강도 ㄷㄷ,28461,Korean
ObN2ctpfoIY,LF소나타 중고차 가양동 출고후기[날개중고차]2달에 걸친 출고 그이유는 뭘까요?,10171,Korean
CIUqqqKQmy4,171114 Lovelyz 러블리즈 Twinkle 종소리 - 3rd Mini Album Fall_in_Lovelyz Showcase,58529,Korean
FijMXuBbx_8,‘JSA 귀순 북한군 수술’ 이국종 교수 인터뷰 “7~8곳 장기 손상 매우 위중한 상태” [씨브라더],88004,Korean
dMphv_ZmO14,2017 11 16 ......31,8188,Korean
Gq9BWifxDZI,"[포항지진] 실시간 땅 갈라지는 모습, 학교건물 무너지기도...",32571,Korean
ac8ogxo82Ec,SBS 뉴스 브리핑 2017년 11월 15일 지진 감지 속보,10478,Korean
Jn9sOxMhwQA,아저씨 - 종석이 김성오 깜빡이좀 키고 들어와라 쪼~옴!!,62383,Korean
500cIv1QsJw,[인강 따라잡기] 수능 응원차 스카이에듀 선생님 총출동!! 막이래;,12967,Korean
0YzLlCYqau4,아이유 맥심 모카골드  심플라떼 TVCF,8867,Korean
1HDx8QljHIQ,이지영은 수능연기를 그리고 포항 지진을 예언했다,5019,Korean
27kkaFuhHyg,"[뉴스특보] 아수라장 된 포항, 벗어나려는 행렬 이어져... 정부의 대책은?",16457,Korean
gKYgZbPyyMA,슈퍼주니어 sorry sorry Black Suit 2배속 댄스+걸그룹 랜덤댄스(Feat  쇼미 더 김희철카드!!),53662,Korean
DXtpQP6hluw,동상이몽2 집걱정하는 강경준의 마음을 편하게 만든 장신영!ㅠ멋있다ㅠ,163163,Korean
bkT7h1hEZrs,안철수 박지원 한판 붙는다! 통합 놓고 운명의 승부! 이준석 예측 문재인 외교성과 정말 대박이다,77346,Korean
HPw0Qj92ixQ,[아라시] 니노미야 (feat.털고 발사!!)『嵐  二宮(feat.はたいて発射!!)』,9203,Korean
Gn9BgdslFqE,[EN/ID SUB] 동생이 형 여친을 좋아하게 된 이유… [오늘도 형제는 평화롭다] EP08. 오해,147309,Korean
B4dJZgVDVyU,[강다니엘] 피지컬 강다니엘의 뷰티풀 춤선 자세히 봅시다!,46672,Korean
zDUkfPp6yIE,배현진 아나운서 남편 결혼 인성 철옹성 이유,48586,Korean
cUmcW2iMJ2Q,생방송중 새로운 전설카드가?!?! 오오오옷?!?! *예능로얄* [비누국 클래시로얄] Clash royale,14141,Korean
vWkMCsWwHYU,만취 브이로그ㅣ서프라이즈 생일 파티ㅣ실시간 현실 술판ㅣ여자셋 일상ㅣ일상브이로그,2623,Korean
EoJDpt0Olf0,모모가 추는 태민의 MOVE,38039,Korean
71WwEu5wl6Q,구자철 기살려주는 손흥민 [대한민국 VS 세르비아],470378,Korean
U7W8NRHCDgo,[1080p] 171113 워너원 컴백쇼 강다니엘 CUT,55564,Korean
3wUhh9Jao5Y,กิ๊กดู๋ เงาเสียง : สมจิตร บ่อทอง การเเข่งขัน [14 พ.ย. 60] (2/3) Full HD,144284,Korean
qJnROk40HPU,Pini | Episode 61 - (2017-11-14) | ITN,67091,Korean
syFz1coLwKA,Haara Kotiya Episode 225 හාරකෝටිය | සතියේ දිනවල රාත්‍රී 6.30 ට සහ 9.00 ට . . .,85956,Korean
vez6vYpij4I,झापामा प्रहरी र यौनकर्मीको यस्तो सेटिङ । १० लाख नगद सहित श्रमका कर्मचारी रंगेहात पक्राउ !,275031,Korean
PgDagfn4cu0,포항지진 발생당시 KNN 스튜디오,195893,Korean
UKOZLted03E,'데드풀 2' 새 티저 예고편 (한글자막),593408,Korean
tF2Tsy8q5JY,*롯데월드 + 코엑스 벌칙* 각별이 흑역사 가아아악!? [칠각별 흑역사 만들기: 도티의 특별한 일상] - Vlog - [도티],253095,Korean
GSzF4rF1-q8,"윤종신, 민서 (Jong Shin Yoon, MINSEO) - 좋아 (Yes) MV",461134,Korean
Y059sNpxyyw,직접 좀비학살에 나선 파괴왕 할아버지,222639,Korean
4Xy3r6sVkG8,"북한의 참상 보여주는 충격적 귀순병사의 몸상태, 영양실조에 기생충까지, 수술에 애먹어",148491,Korean
kUG5UYhsnw4,171118 황금빛내인생 23부 예고,114451,Korean
SCBx8UBB39w,멜라니아 트럼프 여사가 인스타에 올린 한국방문 영상입니다!,317172,Korean
2cXD7iLiQAg,카메라가 녹화되지 않으면 믿을 수없는 순간들-비정상적인 동물,194618,Korean
Ji86etwZ2C0,(충격)고현정 아들사망 전남편 삼성며느리시절 재혼 이혼사유,53736,Korean
GgG2zW2Wn9M,"[ 전체 ] 김어준의 뉴스공장 1117(금) 정유라 코치, 박재홍 최순실은 대단했다 / 안원구 플랜다스의 계, 준비는 끝났다 / 이정렬, 황교익 혀준",48731,Korean
e7CQoYLUPhc,171115 I Need U @ BTS 방탄소년단 Jimmy Kimmel Live Mini Concert 지미 키멜 라이브 Fancam 팬캠,55174,Korean
aTzSm8ER_iM,"[한글자막] 171116 엔터테인먼트 투나잇, 방탄소년단 인터뷰 '예전의 나에게 하고 싶은 말'",19971,Korean
pnW_2irBcuA,[리플] 맨날 사먹던 '양갱' 직접 만들어보면 얼마나 망할까? 리플 남녀들의 양갱 만들어보기!  | Ripple_S,263612,Korean
dPbKfA6UIyg,돌고 도는 세상 전병헌 사퇴 수사임박 여명숙 KO승! 고 변창훈 검사도 한을 풀것이다 [사회이슈] (2017.11.16) 5부,62429,Korean
yWwoDZW__6s,문재인 재난 대응 정말 최고다! 극찬 쏟아졌다! 수능연기 지진대응 모두 합격점 받았다 박근혜와 확연히 다르다,95289,Korean
lox2HLDDsZY,"김어준의 뉴스공장 [17.11.16] 권순정, 안민석, 김성태, 박지원, 박진오, 김진애",103556,Korean
zQ0q6-aw7qk,"모든 그룹이 좋아하는 주이 댄스 (EXO,구구단, 세븐틴)모모랜드@171115 아시아 아티스트 어워즈 AAA[4k Fancam/직캠]",170745,Korean
TFcWBN8wYws,기생충 득실 JSA 귀순 병사 ‘충격적인 몸 상태’...수술 의사 처음봐,47886,Korean
PNm9AYppt38,"신조차 포기한 인도의 화장실, 인구의 절반이 야외에서 용변을 보는 충격적인 실상",130551,Korean
t0Z6zmeTv-4,정규재 칼럼;적폐청산이냐 사화(士禍)냐 (11월 16일),74360,Korean
2WTWNUCUZLM,도널드 트럼프 청와대 떠나며 문재인 대통령에게 남긴 마지막 한마디 그 감동 사연,62960,Korean
1Kzdp47P2aU,FANCAM - BTS - Fire - Jimmy Kimmel Mini Concert - 171115,247003,Korean
I5heRWVbryo,기생수 염산 한병으로 벌어지는 일 / Parasyte 10-1,444372,Korean
TYxPfQZHkf0,"긴박했던 JSA 귀순…목숨 건 귀순, 왜",112117,Korean
cIeX45M0gKg,[이춘근의 국제정치 12회] 트럼프 아시아순방(1) 한국방문의 의의,39857,Korean
_qkxqg3sju0,"[변희재의 시사폭격] 정미홍의 반란, 검찰 칼끝에선 대한애국당, 최고위 복귀해서 당 지키겠다",53475,Korean
BiafI2FoLxM,[정봉주의 전국구 시즌2] 22회 : 남재준 특집 - 참군인의 민낯 in 광명동굴,51464,Korean
yJchCRMmMl8,신의한수 생방송 11월 16일 / 이수미 주부 문재인 국민이 심판한다!,44695,Korean
z6X5b5-O340,공민지가 어느 회사로 간지도 모르는 양현석,507463,Korean
ZjlaHY4ouRA,주택대출 금리 뛴다…농협은행 작년 이후 최고 수준..11월 기준금리 인상 시장은 확정,25079,Korean
8RuKHhpuP-c,(짠내주의) 박시연의 리얼한 육아라이프 폭로 [마마랜드] 3회,46423,Korean
MDgyiVdGDAw,긴급 점검 | mbc 보도본부장의 절규!,29125,Korean
Fdpd_g4XIfI,"[정봉주의품격시대]258회 귀국한 MB 검찰 소환되나? / 세월호 미수습자 가족, 목포신항 떠난다",31202,Korean
ziHdYYcafRI,"백악관에서 '실종된' 한국 (김홍기 목사, Ph.D., D.Min.)",37801,Korean
rKbLCDZGgqI,171115 Jimmy Kimmel BTS Outdoor Mini Concert 불타오르네 / 정국 직캠 JUNGKOOK FOCUS,68016,Korean
fh5MuKHc_70,"귀순병, 쓰러진 채 피격…몸속 수십 마리 기생충 발견/문재인 대통령 “총알 넘어오면 경고사격”",40627,Korean
1Mge0HKjM3A,"이홍렬 사망X,이홍렬 근황 아들,부인(아내)질투때문에",102204,Korean
5i5biXZKap8,"[Interview] 윤종신_민서, '좋니'의 답가 '좋아'가 탄생하기까지의 이야기",94286,Korean
E9r3LJ8plTo,[아라시]아라시 멤버들의 리다 활용력,18320,Korean
ojWUfta_HyE,커플 통장에서 몰래 돈을 빼쓰다가 걸린 여자.. 그런데 카톡 상태가..,18964,Korean
jeipVWq6F0g,‘기생충 수십 마리’ 이국종 교수조차도 말을 잇지 못하는 귀순 병사의 충격적인 몸 상태 [씨브라더],54815,Korean
3k7guLudWY0,단앤조엘이 길거리에서 직접 만든 '영국' 김치찌개 잡수신 한국 할머니들의 반응!?,66659,Korean
aLGtS4EYA1k,누구요?” YG에서 소속사 옮긴 가수 이름 듣고 놀란 양현석,125895,Korean
8Ful9r1NroE,Lee Seung Gi(이승기) * 2017 AAA시상식 - 베스트 웰컴상 수상 및 수상 소감 (2017.11.15),128687,Korean
MivWmri6Rs8,[딩뷰픽] 매력뿜뿜 믿고보는 이사배 커버 메이크업 5,74183,Korean
5YNjG2kyP24,포항 규모 5.4 지진 정말위험했다 방송사고현장생방송LIVE,21985,Korean
naUN-d5igeo,"(지미키멜쇼) 방탄소년단, 미국 방문 및 반응 #2 (cc)",29383,Korean
O74sy2_T65Q,2017 11 17 ..........34,9949,Korean
k8gXWmp-CCw,"한국과 캐나다 통화 협정 체결!, 실망하는 일본인들",18085,Korean
41RBgiYtZhI,BJ세야 BJ동핵사건 (세야-유감스럽고 삼가 고인의 명복을 빕니다),33617,Korean
OPCWhrUj6Rk,주사파가 꼭 봐야할 영상 이국종 교수도 처음보는 귀순병사의 진실,431742,Korean
idl8ouH41lo,BTS x Jimmy Kimmel Live! Backstage Preview,47510,Korean
mAei1XhIHww,김장겸 MBC 사장 해임에 배현진 아나운서 한 마디 【Kstory】,66937,Korean
9HWH2WB2Vrg,BTS Mini Concert at Jimmy Kimmel Live 171115,128949,Korean
3TRleKw2CSo,[MEET&GREET] 171116 JBJ 1ST MINI ALBUM 'FANTASY' (ENG SUB/FULL),20939,Korean
FsAsZUghhx8,무대에서 작고 귀여운실수를한 지민이(그걸본 정국이의 웃음),16810,Korean
FlffHLiyhUI,2017 허각 Huh Gak Concert [공연각] 옹성우 응원 영상,5967,Korean
Tk1hEZkQDu4,171115 AAA Wanna one reaction to ailee,96593,Korean
VByKptvh-ZA,신비아파트 고스트볼X의 탄생 3화 예고편,5890,Korean
uzrRY4FEoNc,[축구] 빅매치 다운 경기력 !! 수준이 다르다.. 프랑스 vs 독일 하이라이트,305511,Korean
RwwV6WX6SmI,"윤종신-좋니, 민서-좋아(좋니 답가) 1시간 재생",19074,Korean
MMotmS8V0Bk,[HD] 171115 Wanna One & EXO Hillarious Reaction to Momoland @ AAA,141515,Korean
02f-4BdLuis,171116 레드벨벳 서뷰 무대인사 PEEKABOO SPOILER,57515,Korean
_jkDVOziffY,스타크래프트 II 무료 플레이: 유산 (풀 버전),73200,Korean
FW-D1039qnw,2017년11월16일 아침 뉴스,67833,Korean
ZRV6v0rVRms,171115 세븐틴 & 뉴이스트 W & 프리스틴 'INTERACTION' 4K 직캠 @아시아 아티스트 어워즈 (AAA) 4K Fancam by -wA-,50948,Korean
jNFGiiE0P0M,[법륜스님의 즉문즉설 제 1338회] 결혼 노력해도 힘들어요,30746,Korean
zNjbnY18wZw,[嵐/아라시] 멤버들 의견 안듣고 맘대로 눌렀다가 사고 친 리다와 막내,15336,Korean
S4AN0HTKyho,[ 김정민의 자연사박물관] 4부 - 트럼프 대통령과 문재인의 충격적인 대화내용,30535,Korean
l-EYXFGtwNY,💖품바의여신 버드리💖 속리산 숲체험 휴양마을 준공식 초청공연,40225,Korean
G45nxVny9jw,"[Lyrics/가사] 좋아 - 윤종신, 민서 [M.M.M]",47974,Korean
HUhD9L_4fqM,《猎场》第20集：“季节CP”双双陷入前任纠纷误会升级 Game Of Hunting EP20【欢迎订阅 芒果独播剧场】,13681,Korean
NdQf-JuBjp0,THE MASK SINGER หน้ากากนักร้อง 3 | EP.09 | SEMI FINAL Group C| 16 พ.ย. 60 Full HD,683610,Korean
57hahw5KwKE,Haara Kotiya Episode 226 හාරකෝටිය | සතියේ දිනවල රාත්‍රී 6.30 ට සහ 9.00 ට . . .,91080,Korean
ExkvZ6OrQnM,김병만 쇼핑하다가 이수근 만남ㅋㅋ 진짜 뼛속까지,805924,Korean
WXiH3xLN9js,-196도 액체질소 안에 맨몸으로 들어갔다! 냉동인간 가능한가요?! - 허팝 (Iceman in Lidqud nitrogen),590965,Korean
seiXxoL6QF0,ㄹㅇ 보는 순간 눈 튀어나오는 텐트 9,291420,Korean
yVp4knVkvAI,"음식 반대로 먹기 리뷰 - 찬 음식을 뜨겁게, 뜨거운 음식을 차갑게 [대신리뷰]",301874,Korean
H1sXXqBDydk,시간정지 능력을 가진 남자가 여성에게 한 행동,1130341,Korean
teVdIQ9GQuk,Josh's Mum Introduces the REAL English Tea Time!!,257822,Korean
9gP8yDIWz-Q,[NU'EST W] L.O.Λ.E RECORD EP.6,89679,Korean
Jwt80BCR4AQ,"새가날아든다/일사천리 감동적인 대처, 장관들 무릎꿇고 경청, 국가의 존재이유 보여줘, 이와중에 반대를위한 반대/ 문재인의 잘못 지진 예측 못했다?",105629,Korean
eVAwaHy0cII,진명호 까려는 명호 여친 스토커 민식 [네버다이 버터플라이中],145078,Korean
q8kDP33JF-E,맘마이스 #75 변상욱 “손석희는 MBC 사장이 될 수 없는 방송법”,54648,Korean
7HOshr-MGAU,[포항 지진] 계속되는 여진에 놀라는 시민들,47854,Korean
qjnXrH59_n0,겨울철 [ 미친 파워 지속력 ! ] 술 마시고 달아올라도 끄떡없는 술자리 메이크업 | Super logevity! Makeup for a night out! | LAMUQE,174329,Korean
oq3cdLxX6u0,[영화걸작선] 38회 - 대장 김창수,54797,Korean
HBOn__cinBE,고현정 아들사망 전남편 삼성며느리시절 재혼 이혼사유,40309,Korean
gpJI04NXX2c,다문화 고부열전 - 며느리의 결혼조건때문에 괴로운 시어머니_#003,23493,Korean
qGaW4D_5pUI,"김어준의 뉴스공장 [17.11.17] 이정렬, 박재홍, 김현권, 안원구, 황교익",86221,Korean
BrGXhAjU30Y,"'#포항지진' 발생 순간 CCTV #영상, '대형 문구점 순식간 아수라장'",58531,Korean
JQIgYx1tQ9E,자유당 16명이 검찰수사망에..  최경환 국정원 특활비 의혹 기업뇌물과 차원이 다르다,59728,Korean
SPf5Aip45P0,문정권 사문화된 UN사 「교전수칙」 운운? 장난말고 JSA CCTV 빨리 공개하라 [세밀한안보] (2017.11.17) 3부,35951,Korean
dUHDO2X24Vg,드디어 첫 최강 시크릿카?!! 불렛으로 몇점까지 갈 수 있을것인가!! 인데 딱- 히.... [비누국 라이더] Rider Secret Bike,38052,Korean
OektyOriDok,"충격! 한국당, 여론조작 실상 전부 폭로 | 류여해 '화제의 지진 발언' 뭐길래?",88261,Korean
FclI8DFWHQQ,친구1 삭제장면#5 (중호의 결혼식),119338,Korean
M4nb9tDmtus,귀여웠던 추억의 1박2일 상근이 레전드 영상 모음,54133,Korean
SGCpb91MQcc,영원히 사는 방법,38481,Korean
Tb98HG5XpsA,"신의한수 생방송 11월 17일 / 트럼프, 문재인 뭐 하는 X이냐 막말!",51492,Korean
hDxgxKgdmxg,[171116] 102.7 KIISFM feat. 방탄소년단 || BTS Open Christmas Gifts From Jojo,92177,Korean
7yNWeyPFhGg,[상상극장]인생의 마지막 통화📞 ｜빨간토마토,55143,Korean
NVmRSd5F5iI,대한민국 의전 서열 7위 추미애 미국사건의 전말,40380,Korean
wElpRMHgwE8,171117 레드벨벳 Red Velvet - Peek-A-Boo 피카부 (Comeback Stage) @ 뮤직뱅크,39937,Korean
4Mj8_0xVxV8,Stray Kids [6회 예고] 역대급 배틀 ′JYP VS YG′ 히든카드 방예담의 등장(!) Stray Kids＞ 171121 EP.6,91659,Korean
z5r6iif9oqs,참모들도 혀를 내두른 문재인대통령 수능연기 당시 비하인드.청와대 핵심 관계자 증언,49920,Korean
a6JWxAW-lyQ,베이블레이드 버스트 갓 16-2화 슈를 찾아라! [BEYBLADE BURST GOD ANIMATION],96071,Korean
k2JhzsTdKdo,[강다니엘] 다니엘 어머님의 빅픽쳐,9556,Korean
_rl5grc_kS0,백반토론 나는 짐이다 171117(금) 9595쇼 '공산당 같은 업적만 세워 놓으신 MB님! 샘샘 GH님!',29470,Korean
CTTQG7A_ScU,[BT21] Making of BT21 - EP.10,193240,Korean
rS2w6EnvYyY,여친이 얼마나 멋있어보이면 갑자기 존댓말을? [오늘도 형제는 평화롭다] EP09. 동맹,174666,Korean
bW7sT6bVYzI,개들의전쟁 김무열이 세일이 참교육 시키다,13792,Korean
OvqK6330ex4,썰전 E245 171116 | 썰전 E245 171116 HD,21920,Korean
t5_Zgd378bc,[기생수] 신이치 안에 오른쪽이를 발견한 우라가미 ..??,128638,Korean
IEUOiIEVhYw,170KG 떡대 요리하는 마동석,78910,Korean
fJrUCCvzfV4,신비아파트(고스트볼X의탄생) 1화,107201,Korean
H9pvQMktVxg,"[한글자막]171117 ON With 마리오 로페즈, 방탄소년단 라디오출연",13866,Korean
WNazRYuTia4,기생수 염산괴물에게서 여자친구를 구해내는 신이치 / Parasyte 10-2,199019,Korean
N8ge5YKZUBg,2020 벼랑 끝 베이비부머…700만 은퇴 쓰나미 온다 .,26432,Korean
Bhw0QQs3C14,범죄도시 명장면2(조진웅),49896,Korean
0wuVk7t2ynE,고무풍선으로 물에서 숨 쉬는 산소탱크 만들기,23948,Korean
dFFP6y73lAE,"문재인 대통령 베트남에 '마음의 빚' 발언에, 감격하는 일본. 일본은 저렇게 못하는데...",43348,Korean
2R3SzPosoKo,"[내일의 숙취] #4 네 번째 술친구, 스윙스 @ 신촌 BALI BISTRO",43672,Korean
P0hLY6aw70A,현웃터진 수영씨 주현씨. 빵빵 터지는 레드벨벳 출근길 @ 17. 11.2017. KBS Music Bank,20234,Korean
AP23cSYFy5I,카카오프렌즈 총출동! 랜덤박스!? (이벤트있음) 조금꿀잼 [ 꾹TV ],215145,Korean
jdLkwS9rRs0,보루토 33화 재미있는 장면 : 이노진 반 vs 이와베 반,57803,Korean
Rwn1ON7cJsc,[논평]대의민주주주의 종언과 조반유리(造反有理)의 신호탄,17944,Korean
7uVU6QAvgG8,"Loot 2 | New Superhit Nepali Movie Feat. Saugat, Karma, Dayahang, Reecha, Bipin Karki, Alisha Rai",647600,Korean
e4oiMBLrKnk,[워너원/김재환]171115 AAA 배우분들과 합석하게된 재환이,28764,Korean
XJEXaSAv4Ao,뿅 하고 빵도둑 고양이가 나타났어요,133584,Korean
pqQEkwKN2pI,강다니엘 - 심장 부여 잡고 Beautiful,14279,Korean
fZAqYDDjxlY,남녀가 함께 데이트룩을 골라본다면,205135,Korean
1KUr_JOVL0o,[워너원/김재환] 줄넘기하는 너보다가 나도 돌았어,6304,Korean
0Ov7D6qAwTw,"정미경 “독도새우, 위안부 할머니 국내정치용이다”",24984,Korean
ZA1cnkuY5OE,신비아파트 고스트볼X의 탄생 2화 요약,11277,Korean
MwnhGnyJxfU,171117 뮤뱅 출근길 워너원 강다니엘 포커스 4K 직캠 / WANNAONE KANGDANIEL FOCUS 4K FANCAM,31049,Korean
_BWPOdSgN4c,못된인간처리법!-언니의따끈따끈독설#13,7745,Korean
vQEQxaH3jnk,워너원 박우진과 박지훈의 생활 사투리 대박,10640,Korean
9LwXLXoeoE4,[모트라인] 랜드로버 올 뉴 디스커버리 후리기,104246,Korean
eLOa70hJUuE,[1080p] 신비아파트 고스트볼X의 탄생 리온 등장 ♡,57487,Korean
LC3h3fowqkg,슈퍼 뿅뿅 신은 사토시 + 아이돌의 정석 카즈,10112,Korean
2D3lfN2R_bg,171117 SEVENTEEN (세븐틴)  - Won No.1 Encore @ Music Bank,32992,Korean
5OoaR_VIBnU,FANCAM - BTS - Save Me - Jimmy Kimmel Mini Concert - 171115,175106,Korean
p6BfWpjp-LQ,171115 Fire 불타오르네 @ BTS 방탄소년단 Jimmy Kimmel Live Mini Concert 지미 키멜 라이브 Fancam 팬캠,144591,Korean
XLSjzjS-pu8,Deweni Inima | Episode  205 17th November 2017,285687,Korean
mJ3zbzerBPM,김어준의 뉴스공장 11월 17일 (금) 전체 풀버전 안원구 황교익 박재홍 김현권 이정렬 / 남재준 이병기 구속 이병호 기각 전병헌 최경환 등,16953,Korean
u72QzOXTL7g,계산적인 성격을 고치고 싶어요,25875,Korean
0qRgM3_rBkY,Ep 33.문과 1등 이과 1등 에버랜드에 가다~!!!,279253,Korean
M36mkfQTdHo,"노회찬, 홍준표 자리에 박근혜가 있었다면, 지금 이렇게 했다!!!",52119,Korean
188Vjha0Ysg,あんさんぶるスターズ！ユニットソングCD第3弾 vol.10 Trickstar 試聴動画,133768,Korean
kqrrleuAKnk,"박찬종 독설! 바른정당에서 자유한국당으로 간 이들, 탄핵해야한다!",25923,Korean
coSa4jz9ZR4,HTV VÌ YÊU MÀ ĐẾN | Màn tỏ tình lấy nhiều nước mắt nhất | VYMD #10 FULL | 16/11/2017,1978561,Korean
jYJzo_17TIA,171115 AAA 워너원 대기석 입장,20287,Korean
18Wl_mVm7dI,킬미힐미 황정음 지성 랩배틀!ㅋㅋ,10292,Korean
8R8GVxopH5M,아기부터 챙긴 산후조리원 직원들 / SBS,200290,Korean
mMjJWvzCq9U,나 오늘 집에 안갈래 남순X서윤 달달한 취중진담? 진짜 라면 먹방♥/171117 │ 남순 #6,95930,Korean
eP_SjKtbD2I,천사들이 예언한 지구의 마지막,153442,Korean
g12naIkXFRw,통역이 귀찮았던 딸ㅋㅋㅋㅋㅋ 언어술사네 ㅋㅋ,373946,Korean
_TuDy59fxfQ,방탄소년단 웃긴 영어 인터뷰ㅋㅋ(미국에서도 먹히는 예능감) | BTS Funny English Interview,348070,Korean
OfrrB8BPC7U,호랑이의 이빨을 뽑았더니 반응,279712,Korean
DgLXaMOfiis,[해군수달] 레드벨벳 - 피카부 소름돋는 뮤비해석,474745,Korean
yczM9YHv29s,"닌자 잠뜰, 수현, 라더 VS 악당 가마돈의 거대 상어 로봇?! [뜰로그: 닌자고 레고 만들기] - Vlog - [잠뜰]",118560,Korean
W5SkBONEJfI,"[한글자막] 171118 액세스 할리우드, 방탄소년단은 미국 보이그룹과 어떻게 다른가",23330,Korean
i9T7MXQddp0,"관훈나이트클럽 #21 “’손석희는 안 나온다’, MBC 새로운 사장은 누구?”",66830,Korean
fai3daBgIUQ,"[다큐] 명성교회 부자 세습, 왕의 귀환",23596,Korean
D6sQQs5dlNI,"버려진 2살 아기. 얼마 후, 세계 최고의 스타가 되는데",68604,Korean
5sx0EkB0ISY,[레알영상] 지진마저 정쟁 소재로... 자유한국당 류여해의 막무가내 주장,74219,Korean
kQPGn06MgaA,[정봉주의 전국구 시즌2] 23회 : MB 특집 - 나 떨고 있쥐?,85580,Korean
D3_x9GrENTI,신의한수 생방송 11월 18일 / 긴급 주한미군 전시사태 돌입!,61847,Korean
J-o9kz5qHlw,웨스트햄 팬에게인종차별을 당한 손흥민의 반응은?? | 페라리타고 인종차별을 당하다,113306,Korean
OlhqpUptz_0,무서운 사정 이러다 국회에 남아있는 의원이 있을까? [추억의 뉴스통 배승희 변호사] ① (2017.11.18) 1부,46795,Korean
whLD2R66BWA,교복입고 학교 간 배진영 학생(+배진영 핵펀치와 박우진 호탕웃음),75552,Korean
TtysChGvWqY,다문화 고부열전 - 며느리의 결혼조건때문에 괴로운 시어머니_#001,89000,Korean
0uia4YzyIhI,"빌려준돈 100만원을 받았는데, 알고보니 훔친돈이라면? ㅋㅋㅋㅋㅋㅋㅋㅋㅋㅋㅋㅋㅋ",171961,Korean
58RkWoRO50Y,팬에게 혈액형 묻는 하성운 (+팬들은 빵터지는 배진영과 일상대화),13966,Korean
v9KhTTVaMsQ,[17-18 쇼트트랙월드컵4차] 여자 3000m 계주 준결승 - 대한민국,19790,Korean
qOXeW94SDnQ,개는 주인들에게 화난 척합니다 - 개의 재미있는 반응,61289,Korean
C2M7vjDdiUo,망하려고 작정을 해도 이렇게 만들지는 못하겠다 : 저스티스 리그 리뷰 - 라이너의 컬쳐쇼크,57311,Korean
iYY1pZg4_eM,[2화]빌어먹을 그항아리속에 갇혀버린 남자 - 게팅 오버 잇 [웁tv],18876,Korean
QRSK6ZD12-s,북경오리 한마리가 71만원?! 국내최고급 광동요리 보슐랭가이드,479159,Korean
Z6wH_nzuptk,"워너원(Wanna One), 예능감이 살아있는 인간 김재환 ㅋㅋㅋ",108156,Korean
P8_2CNuT-nY,"이인호, 강규형의 투쟁을 지지한다 (정규재 칼럼, 11월 17일)",65527,Korean
WRy9TLiqApI,171115 AAA 엑소 인기상 수상축하해주는 워너원/ 시우민님을 애타게 부르는 강다니엘ㅋㅋㅋ,65493,Korean
Em5EjuLlItM,류여해 포항 지진 막말 논란 영상 | 충격,23286,Korean
5gr6A81kGMw,윤지성 면허따는거 응원해주는 여동생 ㅋㅋㅋㅋㅋ,627052,Korean
b-74IEMcstM,류여해 포항지진 '천벌'이라고 한 적 없다 / YTN,134630,Korean
0JpQYHsbxyc,심장이 찔린 신이치를 살려내는 미기,191107,Korean
_3f7WNX7GLs,고양이들이 침대 위에 옹기종기 모여있어요,146309,Korean
VKUpkuQvx0U,[워너원] 우진이 놀리기 만렙ㅋㅋㅋ,50050,Korean
UcokFVVb-Jk,최경환 이시키 쥐바기때부터 수백억을 해쳐먹었다고 주진우 기자가 밝혔다! 당장 구속수사 하랏!!,34778,Korean
JvVfhlTVHrM,유시민과 정봉주의 문제제기 태극기가 박근혜 꺼에요?,47662,Korean
4ha_Stx096c,범죄와 전쟁을 치르는 개성 강한 투캅스! @ 범죄도시 + 차형사 @ 1+1,10033,Korean
GewxEt6nao8,[嵐/아라시] 막내 생일파티에 초대 못받아서 서운한 형아들,11143,Korean
tDXGMAJfd_A,황금빛 내 인생 23회,24233,Korean
xnDh90_VxxI,"KBS 이인호 이사장의 피맺힌 호소, 국민 여러분 도와주세요!",32669,Korean
RjpZXXZjUCw,하성운 진짜 하루일과 클리어함 ㄷㄷㄷ,47767,Korean
wjFnSHSiq7E,[뉴스타운TV] 김정민 국제관계학 박사 초청 강연 생중계 -카쓰라 테프트 밀약과 부역자들-,23734,Korean
52lQranLPd0,일본영화 헬터 스켈러 - 전신성형으로 톱 스타가 되었지만 부작용과 욕심으로 악마가 된 이야기  - [6분 스낵무비],19371,Korean
5OdxCSE0OWE,"꼬치어묵의 계절이 돌아왔다!! 압도적 스케일의 도전, 꼬치어묵 100개!! [삼대장 챌린져스 - 꼬치어묵 100개 챌린지]",108966,Korean
GcJLAEsL5Lw,[아라시] 마츠준이 집에와서 너무기쁜 할머님 (feat.담넘기) 松潤に会えて嬉しすぎるおばあちゃん 嵐 松本潤,10959,Korean
FFaNtqVKrZs,미디어워치 TV's broadcast,28527,Korean
BAC0ZOBrm0g,방종 후 남아서 놀던 트수들 검거하는 홍진영 ㅋㅋㅋㅋ,118591,Korean
WmG-gsZySqM,본격 스트릿작명에 도전한 민속촌 작명가,62670,Korean
vuRG9lDcdbI,Red Velvet (레드벨벳) - Peek-A-Boo (피카부) (Color Coded Lyrics) [HAN/ROM/ENG],111015,Korean
m0ridNzlrW8,"북한정변이 안나면,핵동결 대화로 작전변경 할 것 , 북한권력 김정은, 당조직지도부 _17-11-18",18054,Korean
SF0V0a6KJxk,깜짝 놀라는 연예인 베스트 영상 모음,36779,Korean
g9k1vprdNEo,세상에 나쁜 개는 없다 - 어서와~ 강형욱의 개(犬)스트하우스_#003,39967,Korean
2U-O2lZyS_I,뭔가 이상한 나루토 2탄,138469,Korean
l3E-9eHJm2I,황치훈 사망 안타까운 이유,129209,Korean
M9JvD68xokI,[비투비][BTOB][이창섭] 이창섭 하세요♥,8257,Korean
Bw7gEbjads8,1박2일ㅋㅋ먹을거압수하는 스태프 숨기는mc몽ㅋㅋㅋ,11330,Korean
GabUy-MDRjU,"[워너원/하성운] 예능신이 보살피는 하셍언 (f.가위바위보요, 안대, 칫솔맴매)",32218,Korean
T-Qc9h1bYVI,"(인물탐험) 전병헌 게이트, 그것이 알고 싶다!/ 윤창중 TV 칼럼(2017.11.17)",37450,Korean
Gg3LNDfXxnk,피팅모델은 포토샵으로 보정 얼마나 해요? [ 스튜디오 V ],176484,Korean
JBAvEtOfRio,"[포켓매거진] 당신이 아이폰x을 사지 않아도 될 12가지 이유, 매우 주관적인 실사용 후기 2탄. iPhone X",146122,Korean
vYb3o7nECCA,Koombiyo | Episode 25 - (2017-11-18) | ITN,106408,Korean
iY3OdMRTTiI,인간은 되지 못할 존재,23284,Korean
l5XZmJWjt3E,샌드박스컬러가 구글플레이 인기 앱 후보로 ☆등☆장☆,18358,Korean
TWnjEUK3wwA,Liverpool vs Southampton 3-0 ~ All Goals & Extended Highlights (18/11/2017),666252,Korean
36qc1QtE6bk,소셜 잠금화면 앱 (달고나),2050,Korean
N9UaHign-AM,"G70 400마력 vs M3,카마로SS [Genesis G70 400hp+ vs e92m3,CamaroSS]제네시스의 실제 성능!",16548,Korean
I-986GQLMlU,강다니엘 모자의 유쾌한 부산 데이트,149589,Korean
TcX45uPgsLs,171117 워너원고 시즌2 3회 강다니엘 cut 분량대박 강다니엘 컷 모음 wannaonego2 kang daniel,96166,Korean
kRA_xJIRUZI,Haara Kotiya Episode 228 හාරකෝටිය | සතියේ දිනවල රාත්‍රී 6.30 ට සහ 9.00 ට . . .,84943,Korean
WtOjsDRSca4,바람 핀 남친한테 복수 #마스크팩 #싸대기(?) #벤츠남_과 새로운 시작?! ※사이다주의※  [웹드라마 29gram 최종화]_ENG,267540,Korean
H6XdLGg-TSk,วี & ไลท์ - 2/4 Take Me Out Thailand ep.11 S12 (18 พ.ย. 60),174319,Korean
HanYkceqypQ,แมนเชสเตอร์ ยูไนเต็ด VS นิวคาสเซิล  | พรีเมียร์ลีก | 19-11-2017,163901,Korean
14K3TYX1Sro,김어준의 다스 뵈이다,48103,Korean
0ep6grvDTTI,모루게쒀여 진샤 코트협찬,143756,Korean
w_9YBUDu9pk,보루토 이노진 심전신의 술,96475,Korean
8x7AlYmexzk,171119 레드벨벳 Red Velvet - Peek-A-Boo 피카부 (Comeback Stage) @ 인기가요,32703,Korean
1LM2N6HoUOg,서윤이 멘붕시킨 세번째 여자의 등장..근데 케이 여자라고? 딥빡친 남순ㅋㅋ어쩌면 마지막 소개팅#3 (17.11.18-3) :: ChulGu 철구,172527,Korean
iN7gYu4Kq2k,[ 워너원 ' Beautiful ' 교차편집 ] / stage mix / wanna one / 뮤직뱅크 / 컴백쇼 / 인기가요,83302,Korean
0Hde2YgswSg,2017.11.19~특집-당을 지키기 위해 바로 결단을 내려야,30463,Korean
Sdkf8BfJe4g,[SNL] GTA 수능 (with EXID LE 정화 하니 솔지 혜린),168644,Korean
hIEZlQnW1oc,"[ 전체 ] 김어준의 뉴스공장 1120(월) 주진우, 안원구, 이정윤, 정제희",45408,Korean
eNDNtCTR6X8,신과 함께: 죄와 벌 @ 극장 전 @ 하정우 이정재 김향기 차태현 주지훈,217604,Korean
GSwe4e9HPCM,"[원피스 814화 4편] 디젤, 브륄레를 상대로 반격개시하는 쵸파!",113862,Korean
XFiy6ycyU0c,"나루토 [우치하 시스이의 간지나는 순신의 술!] feat.이타치, 실체가 없는 순신의 술",177957,Korean
qXoiVChrYd8,"🔴30살 어린 이준석에게 욕들어 먹은 김무성 표정이 가관 , 노룩하려나?",39077,Korean
fWXklO5BvnY,[도깨비] 바퀴벌레에게 치약을 묻히면 어떻게될까?? 실험해 보았다,65661,Korean
j6s-Kno-OwM,[1080p] 171119 인기가요 MC부분* INTRO 강다니엘 cut,36877,Korean
xC11kG4YE_c,[릴카] 우왁굳 타이완 넘버원 반응,46255,Korean
dVM5sqZlICY,외국인들 앞에서 1인 아카펠라로 라이온킹 ost를 불러보았다. 코미디 나이트 하이라이트 #루프스테이션,96889,Korean
5VlMFGh8AvQ,문재인 대통령의 숨길수 없는 위엄. 모두가 놀랐다!! JSA  귀순사건 단박에 정리,279048,Korean
4fBE-A8sgIQ,2018 년 충격“입주 폭탄 도화선이 당겨졌다” 내년 역전세난.동아일보도 합세,24959,Korean
dWLaQr-16R0,런닝맨 [지효vs 소민 5초 토크],23141,Korean
x9XGbwJ0cXo,[법륜스님의 즉문즉설 제 1339회] 습관이 마음대로 안 바뀌어요,14679,Korean
oRZhBwjqsgY,전학생한테 개털린 학교짱 .. 복수를 위해 다시 부르는데...ㄷㄷ,168956,Korean
Esp3nuVF8So,[런닝맨]이광수 전소민 이 커플은 뭘 해도 19금?? ㅋㅋ,288235,Korean
CssBYyA0B5E,화려한 말춤의 동남아 순방 성공인가 실패인가? [민영삼의 잘잘못못] ② (2017.11.19) 2부,47433,Korean
B-BMbDJTgN8,대통령을 묻어버린 '거짓의 산' 17편 | 장시호가 특검에 제출한 태블릿PC의 실체!!,28087,Korean
2-CPYax0xTM,[김종현/보아] 그것이듣고싶다 프듀 뒷이야기,11311,Korean
MgIESwYi5XI,"주현미 이혼,주현미 문희옥은 서로 묘한 관계가 있습니다.",39104,Korean
dnYh4xlejIY,특이점온 중국 스트리머 ㅗㅜㅑ2,240127,Korean
M_rnnvoL-lo,[6화]빌어먹을 그항아리속에 갇혀버린 남자 - 게팅 오버 잇 [웁tv],6368,Korean
s7FB0WmiG_0,17일11월19일 - 트럼프 방한때 문재인이 저지른 천인공노할 만행 -일본언론폭로기사,112218,Korean
hG1bjVAQesw,(특종) 박근혜 세월호 7시간 반에 있었던 충격적인 모든 일들은 사실이였다! 꼬리 제대로 잡힌 건 어느 한 기자의 취재로 부터 시작되었다! 충격 내용 끝까지 들어보라!,50068,Korean
8xcBV8GFrQk,여자 헌팅 실패 후 기생수에게 진짜 헌팅당하는 불량배들,240641,Korean
ApDj07YtxfI,171119 TWICE 트와이스 WIN ENCORE (Yeri Dance to LIKEY) @ Inkigayo,30618,Korean
QFQlUc5xFtU,재도전성공!! 월장원전진출한 음색깡패 키를 올려서 창현을위해 노래부르다! [2017.11.18 거리노래방 풀영상 #2],13191,Korean
JrzQ8FchIR8,데레스테 - 트리니티 필드 (デレステ - Trinity Field) 4K MV,26186,Korean
sQdKZgxxabk,171119 인기가요 피카부 레드벨벳 조이 CUT,8594,Korean
g0Z6oHZ6KgY,"[171118] B96 Chicago 방탄소년단 (BTS) 인터뷰 백스테이지 || Interview: BTS in 2018, MIC Drop Collab, etc",103445,Korean
mfSF6DK_cJo,항구의남자 노래방  홍잠언  2017 11 19 전국노래자랑 강원도 평창군편,12450,Korean
qw10LoxXKdU,[워너원고2] 3화 황민현 cut,45065,Korean
Y-ZZYUMyNDU,171118 워너원 WannaOne 상암 팬싸인회 ; 강다니엘 Kang Daniel 뷰티풀 Beautiful 포인트안무,16229,Korean
T5XMcZ0CAdw,나이트메어롱기누스 vs 신개조세트 (God 개조세트) 베이블레이드 버스트 갓 - Beyblade Burst  God- 팽이배틀 [Play with Toy],46656,Korean
mnZO7ip53FA,송일국 아내 정승연 판사 사진 집안 나이 직업 서울대,33572,Korean
aOIZratYRVQ,드래곤볼 슈퍼 117화 예고 : 리브리안 토벌전! 인조인간 VS 2우주!,38700,Korean
YRpa0k-sfMo,전국노래자랑 입상자들 강원도평창군,26790,Korean
iF3qJWXWE-U,(18일차)감사를 표현합시다,16195,Korean
BSXpeVDWBxk,범죄도시 명장면5(진선규),205903,Korean
jp8KVJzbbKg,[겁 없는 녀석들] 전 밴텀급 챔피언과 전 카라데 국가대표의 격투 결과는!?,90153,Korean
lBPgqBJfz5s,[리플] 술 못하는 사람을 위해 준비한 '무알콜맥주' 4종 리뷰! 술 자리에서 혼자 놀지 않아도 되는 잇 아이템! | Ripple_S,171088,Korean
Rxa4hBzh6NM,♥️버드리♥️ 11월18일 밤공연풀영상 유구자카드섬유페스티벌에서 2017년,23367,Korean
0wMJ4Zi8Azc,강은호가 달라졌어요? 보드카로 형들 보내버리기~!ㅋㅋㅋ (17.11.18 #9) 봉준x거폭x공구리,37772,Korean
OGvEZJluAH8,"[케이TV][포항본가방송]케이의 부모님 인터뷰!!! 케이의 어린시절 폭로??(feat.아버님,어머님)[17.11.18]",50534,Korean
UYLO40XnaRw,2017년11월19일 아침 뉴스,56398,Korean
93EQHlsQ_D4,맞으면 맞을수록 더 강해지는 영화,213061,Korean
sna8qrUr8Rw,4냥냥이들과의 쾌적한 동거를위한 필수품? 로봇청소기 ! ㅣ-알뜰살뜰 렬주부,39519,Korean
7-qfoS1ol84,S stands for.. [트위치 도네용],6351,Korean
IyvR1WNOMqY,카카시 쿠시나 경호,104012,Korean
vXEuVFSNtek,♥버드리♥ 11월19일 낮공연시작 유구자카드섬유페스티벌2017,6119,Korean
7cd-hoyoOTs,수험생을 위한 엿 도전! / Yeot (Korean Taffy) / 씨즐 Sizzle,34442,Korean
WSQZ9DXax0w,171119 WANNA ONE 워너원 INTERVIEW Beautiful 1/2 @ Inkigayo,13218,Korean
3Q8ozjhJOu0,Koombiyo | Episode 26 - (2017-11-19) | ITN,119771,Korean
getD7erLKxE,FULL | HẢI PHÒNG vs HOÀNG ANH GIA LAI | VÒNG 25 TOYOTA V LEAGUE 2017,311219,Korean
4vBpzkPhmtI,FULL CONCERT BTS Jimmy Kimmel Live Mini Concert,365459,Korean
9Z2llyotmVU,รถบัส - เธอ - Blind Auditions - The Voice Thailand 6 - 19 Nov 2017,1273117,Korean
R-pQnXSBYmQ,막장 자유한국당 김태흠 내가 홍준표 꼬붕이냐 류여해 포항지진 하늘이 문재인 정부에 경고,27503,Korean
zf4AhaKmGDM,แมนเชสเตอร์ ยูไนเต็ด VS นิวคาสเซิ่ล 19/11/60 พรีเมียร์ลีก,273385,Korean
BRT_eNETD2U,ผู้สาวขาเลาะ เดอะอินดี้มูฟวี่ (TRAILER) FULL HD,3050693,Korean
AAz7XRUqsjY,BẠN MUỐN HẸN HÒ | Tập 329 UNCUT | Thành Trung - Minh Thư | Thanh Tiến - Tường Vinh | 191117 💚,412646,Korean
gljbyRxxXhk,SBS [본격 연예 한밤] - 21일(화) 예고,41079,Korean
cVof6jmQGNk,베이블레이드버스트갓35화예고편(사탄이붉은색프래임을?),30158,Korean
KahRvwmeJu8,171119 AMA DNA 지민 직캠 JIMIN FOCUS,101688,Korean
K5_ETzHsvzg,"대형 사랑의 열매 꼭 쥔 문재인 대통령, 임종석 비서실장 입담에 빵 터진 이유는? [씨브라더]",76678,Korean
tNtcYIo6N04,BTS - DNA (Live at the AMA's 2017) 4K HD Performance,2293766,Korean
nzDGFW4xgS8,"北 귀순병, 폐혈증까지…“버티는 자체가 신기” / 북한 귀순 병사 구출한 ‘영웅’…영상엔 없다? / 여진 속 불안에 떠는 포항…한파 앞두고 대책 마련 시급",91042,Korean
pvU3U1YzI30,"박근혜 대통령의 '인권탄압'을 고발한 MH 그룹과 도태우 변호사의 '제네바 대첩' (김홍기 목사, Ph.D., D.Min.)",48356,Korean
6HKZrG80mM0,ASA reacts to AMA's (BTS Performance!),56803,Korean
SPcDPoaouO0,Red Velvet 레드벨벳 Comeback Stage '피카부 (Peek-A-Boo)' KBS MUSIC BANK 2017.11.17,1613766,Korean
43RbxhBwEMQ,"[TNGT] TNGT X 전지적 짝사랑 시점 콜라보레이션 영상 상상 그 이상 (티엔지티, 박보검 출연, 전짝시 특별편)",65997,Korean
6E-xM2zOAcE,[금사파] #2 이영학의 부인 자살이라고 보기엔 너무도 이상했다. | 금요사건파일ㅣ디바제시카,60590,Korean
N1f_4kvSwTg,BTS - Red Carpet Interview at American Music Awards,214241,Korean
dowUkFtt0K0,BTS (방탄소년단) DNA Performance 2017 American Music Awards AMA (BTS REACTION),276515,Korean
Be0sM3Z14Y8,류여해 포항지진 '천벌'이라 한적 없다...이번엔 문 대통령 포항 왜 안가나논란,29691,Korean
CKj0xYm98Zg,우원재 쇼미더머니6 지원영상 (+지원신청서),165652,Korean
XuK48BjYrks,마라샹궈 쪼는맛 늬 내 누군지 아니 [맛있는 녀석들 Tasty Guys] 143회,45525,Korean
pi_TUtmszjI,171119 AMAs | BTS - DNA,81241,Korean
mX_74hgBL00,드디어 마스터 강산과 만나다!!! 3ON3 배틀 결과는....? 베이블레이드 버스트 갓 - Beyblade Burst  God- 팽이배틀 [Play with Toy],27448,Korean
CRO8quFLpUU,대한애국당 김경혜 대변인... 그동안 수고 많았습니다. (애국당 1기 지도부 및 당 근무자들 모두 사퇴!),28435,Korean
UYI2w7iOCLk,개그맨 양종철의 안타까운 죽음,75848,Korean
VWH6NGjrG4Q,[변희재의 시사폭격] 조원진과 김경혜의 대한애국당 사망선고일! 그래도 희망은 잃지 말자,42283,Korean
Q1sbuairC4A,런닝맨 [전소민 흥칫뿡],62602,Korean
Pn70iRfoRbk,"유재석 , 하하 , 지석진, 김종국, 이광수, 송지효, 전소민, 양세찬, 강희건 - 377 (2)",51002,Korean
xyW_OoRywaU,청와대 움직이는 실세는 친북 운동권 비서관? 「주사파」 경력 한번도 논란 없이 지금까지 온 것이 정상인가? [정치분석] (2017.11.20) 4부,34504,Korean
fTF3r245GBg,전직 프로선수의 지리는 변화구 각!! 포수 대멘붕?!? 시청자 내적헛스윙각ㅋㅋㅋ,101306,Korean
m7CHf1HWjmo,BTS (방탄소년단) - DNA AMA PERFORMANCE LIVE REACTION [THE KINGS SLAYED!!!],205708,Korean
Bx0iZSNrRQ0,"2018년   · 전월세 상한제 시행… 갭투자 성지 송파, 역전세난  오는가?",24848,Korean
Od52ZJzY7vk,특집- 대한애국당???  이제 절대 안흔들린다,29837,Korean
mr68JruSBWk,(긴급진단) 이명박이 문재인과 맞장 뜰 수 있는 5가지 묘책? 윤창중 TV 칼럼(2017.11.20),33660,Korean
yRc_ZsOT-DQ,정미경 “노무현때 특수활동비는 왜 조사안하나? ” | 이슈를 말한다 | 신동호 박상헌 윤태곤 김근식,57753,Korean
C_AwxAorKAw,"신은경 아들 사망 전남편 김정수 아이(뇌수종, 거인증) | 뉴스공장",40257,Korean
skzzJCx2fM0,[Fangirl Fancam] BTS - DNA @ AMAs ...Them fanchants!,39045,Korean
mEx6oy2z5No,BTS (방탄소년단) DNA AMA PERFORMANCE LIVE REACTION || TIPSY KPOP,40007,Korean
4zbPPxyc2Yk,"신의한수 생방송 11월 20일 / 문재인, 포항에는 관심 없다! 광화문으로 달려가야!",39997,Korean
fN9InUaNiB4,[KBS 뉴스라인 美 홀린] 방탄소년단...구글 트렌드 1위 || BTS ranks No. 1 on Google Serach Trends after #AMAs Performance,16427,Korean
VmCR6BUZS1g,Beautiful 워너원 강다니엘 Wanna One Kang Daniel focus 음방 합본,21799,Korean
cuGw6lwCyaU,[세로카톡] 내 교복 안돌려줄꺼야??..진짜로??..그럼 역관광으로 약올려볼게요!!,15375,Korean
19y-YsrATII,이병태 교수가 말하는...재벌중심경제론(11월 20일),33708,Korean
UM2O2umd-Zc,백반토론 나는 짐이다 171120(월) 9595쇼 '범죄가 나오는 데 덮을 수는 없잖아!',30507,Korean
HkXyBvOcxpg,😱 Chinese model Xi Mengyao takes a tumble at Victoria's Secret's Shanghai fashion show.,33930,Korean
3itbU0EqZHE,김어준의 뉴스공장 11월 20일 (월) 전체 풀버전 이정윤 정제희 주진우 안원구 / 포항 여진 / 류여해 지진 망언 / 이명박 장진수 폭로 등,21754,Korean
aLym2HZxmg4,여자친구 앞에서 떳떳하게 아이돌 덕질하다가 대박사건이 벌어졌습니다 ㅋㅋㅋㅋㅋ [ 네코미미 성능 테스트 ] 공대생 변승주,489432,Korean
9ksDubivJCY,"'AMA'의 위력..방탄소년단 'DNA', 美 아이튠즈 역주행",26408,Korean
BX_u12o_-tg,"🔴[긴급속보] 우병우 영장기각 , 최경환 압수수색 말이 씨가 됐다",20672,Korean
GV74DlJpXrY,일곱개의 대죄 밝혀지는 킹의 진짜 이름과실력,66010,Korean
-6tpNoUHwZk,"허경영강연1104회'국민혈세 낭비와 문재인대통령의 적폐청산, 광해군의 적폐청산의 결과 '20171118",22400,Korean
JGn7m0tgJiE,171120 더 뮤지션 팬미팅 워너원 강다니엘 포커스 직캠 / WANNAONE KANGDANIEL FOCUS FANCAM,33246,Korean
CciM_gpaOYc,"北 귀순병, 폐혈증까지…“버티는 자체가 신기”",22406,Korean
v3IDxyInIqY,[워너원 V라이브] ②도른자들ㅋㅋㅋㅋ 옹성우 김재환,100021,Korean
RRyRRcXSB6c,20171119 노량진 팬싸인회 워너원 옹성우&강다니엘 1 (옹녤 투샷) 4K,22974,Korean
OfhiFgySeQk,[방탄소년단] 아미들의 부탁 중에 가장 이상하고 말도 안됐던 것은?,44794,Korean
S7KIolr68_o,"11.20일 MBC 저녁뉴스, 北 정치국 검열 황병서 김원홍 처벌",72828,Korean
CHEeu8JPL_o,성령님이 임재하시는 찬양 50,33286,Korean
VWbVKrti4Qg,대도서관 수다방] 1인 미디어계의 모범 시청자 aka 대청자,60097,Korean
siZZgrmmqBA,Why practice is important.,176474,Korean
vdbfek92lHw,에스카 선수와 이태준 선수의 응원메세지,12495,Korean
dYkbx1KiB2o,규모 5.4 지진 당시 포항의 한 주유소 CCTV,6350,Korean
Ac-yilqzT20,[아라시/오오미야] 사랑하는 사람에게 계란찜을 만들어주는 니노,13879,Korean
cbUXy58ofNk,17118 BTS 방탄소년단 E뉴스 인터뷰(미국방송) Full -한글자막,30813,Korean
3Xw5X9xYD1o,"베이블레이드 버스트 갓 17화 예고편, 마의 장소, 스네이크 핏 [BEYBLADE BURST GOD TRAILER]",13938,Korean
588HldsR_qI,[태구드라마 시즌2 CH4] 카톡으로 연애하는 법,25319,Korean
5Juw_yBypgk,미국동포 최응표 회장 배신의 조국에 분노한다.,21512,Korean
Q7I97QGm6jM,인공지능 로봇을 가두면 생기는 일,141028,Korean
ixm7sOF7AEM,[비누국 생방송] 켠김에 200점!!?!! 라이더 200점 가보자! 이꾸욧!!! [비누국 라이더] Rider,63155,Korean
nStAI9LRqQ8,[방탄소년단] 언제부터 AMAs가 방탄소년단의 단독 콘서트가 된거죠?,7085,Korean
L4derrzJhnk,(아라시) 딸기 설빙을 건 아라시의 한국 퀴즈,19373,Korean
wN0YXD8nUrI,목욕하는 고양이와 걱정돼서 달려온 고양이,135823,Korean
UaMFZ7T2MfI,판문점 TOD 영상에 JSA 대대장은 없었다 / YTN,180180,Korean
gJPqSaIG5hs,베이블레이드 버스트 갓 1.5배속거꾸로 버전,8485,Korean
Z--rg2mTmMM,[8화][완결^^]빌어먹을 그항아리속에 갇혀버린 남자 - 게팅 오버 잇 [웁tv],17947,Korean
q-Dz2K70xg4,원준이 오늘 여권 분실 ㅋㅋㅋ,4740,Korean
dW2WIYbsI9Y,런닝맨 377 – 가문의 위기 상속녀가 돌아왔다 (#2),14037,Korean
m1om7APU7pY,"사람으로 인한 감사, 이찬수 목사 설교",14269,Korean
u5nK4At9OAk,หลงไฟ EP.27 [2/5] (ตอนจบ),941835,Korean
TOtrN2tezWE,[아라시] 레전드무대는 박제한다2,10617,Korean
_M_ZFtSer5M,드래곤볼 슈퍼 117화 30초 무삭제 예고편 : 리브리안의 신변신 등장!,58894,Korean
J2BUtHy_DWI,171119 REDVELVET 레드벨벳 INTERVIEW Peek-A-Boo 2/2 @ Inkigayo,16871,Korean
b25xMqeifP0,BTS (방탄소년단) DNA AMAs PERFORMANCE REACTION [SO HAPPY! CONGRATS!!],43391,Korean
9ZT4Kp52waQ,♥️버드리♥️ 11월19일 밤공연마무리 유구자카드섬유페스티벌 2017년,12215,Korean
AzGWxjt0tFs,"[탈탈탈] 65회 1부 - 2010년 6월 탈북, 北 외국어 학원에서 영어 배워 … 초기에는 기대가 컸지만.. : 김인광 인터뷰",16459,Korean
4uyrt8q_evM,PENTAGON(펜타곤) - 'RUNAWAY' M/V Teaser 1,46302,Korean
lgFACitfxcM,Pini | Episode 65 - (2017-11-20) | ITN,73165,Korean
o37zgGVMl1U,정미경 국정원 특활비 김만복 전원장도 조사해야,29955,Korean
jSqHotawH2M,방예담 - 'There's Nothing Holdin' Me Back' ('Stray Kids’  YG vs JYP 프리 배틀),1897330,Korean
qwex8Gu948I,유엔사 JSA 귀순장면 CCTV 영상 공개,276431,Korean
5Z6XSZcV27Q,영화 '신과함께 - 죄와 벌' 메인 예고편,194753,Korean
NYlpBb9N_E8,범죄도시中 진선규 조선족 연기ㄷㄷㄷ,1155374,Korean
ZmukHjCZL3w,세야 장례식 다녀온후 입장발표(해명) DNA 아무것도 몰랐던 타플랫폼BJ,159552,Korean
XZ5dB_x5npM,[인터뷰 풀영상] '북한군 치료' 이국종 아주대 교수 (2017.11.22),222713,Korean
4sRLgXdL0QE,"분노한 이국종 교수 작심발언 | 신은미, 기생충 다이어트 발언 | 김종대 인격테러 발언",133636,Korean
3dtgUO0CImA,5만원짜리 공책... 불날뻔 했어요... (노잼) [ 꾹TV ],287454,Korean
lM3WNMgmOao,"김종대ㆍ이국종, 귀순 북 병사 의료기록 공개 두고 '소신 충돌' / 연합뉴스TV (YonhapnewsTV)",42852,Korean
YpU2sKL9Mzo,북한 귀순 병사 사람 살려 놨더니 인격모독? 이게 무슨 헛소리,150602,Korean
itYB9mlk3tM,귀걸이가 1000원인 알리익스프레스 사랑해요 하울,170524,Korean
u48Pws_mZxQ,'귀순' 북한병사 의식 회복…아주대병원 브리핑 / YTN,168670,Korean
CjKk4FbNGY0,부산 편의점 분신 현장,40817,Korean
VTIsZwyo7DA,형이 쳐 맞자 학교짱 동생이 와서 복수하는데....ㄷㄷㄷ,603004,Korean
v06uxHyTtPU,한우코스요리를 처음 먹어 본 미국 모델의 반응!! (347/365) 7 Course Dinner In KOREA!,66628,Korean
L-IA02CGPhQ,손흥민 시즌 4호골!!! 양팀 최고 평점!!! 선발 풀타임 맹활약!!! (토트넘 vs 도르트문트 HD 1080P 171122),448339,Korean
gXS4JP1-EwE,"할복하겠다는 최경환, 증거나오고 압수수색들어가자 지은 표정은....",115964,Korean
cCH053ME3ls,"[ 전체 ] 김어준의 뉴스공장 1122(수) 노회찬, 김미루, 표창원, 김완",79694,Korean
Ke-Ba6IXVJw,이판사판 동하 애교 나두 계란말이 줘라,10282,Korean
7LuKx_J4QNI,"귀순병 CCTV 영상 보니..유엔사 '긴박했던 5분' 공개/유엔사, 'JSA 귀순' 조사 결과 발표",72908,Korean
qT3Goil1kZQ,"김어준의 뉴스공장 [17.11.22] 김완,  표창원, 노회찬, 김미루",101216,Korean
T-Plksr9xU8,북 테러지원국 지정? 평창올림픽 활용 「운전석」 앉으려던 문정권에 치명타? [세밀한안보] (2017.11.22) 1부,49678,Korean
LfEQDtayABE,한국의 길거리 음식 천국 (깜짝 요리사 버전 투!?),88969,Korean
7E5SkM9LwLk,"[2017 패셔니스타어워즈] 1위밖에 모르는 라이징스타, 강다니엘 수상 인터뷰",30411,Korean
JkMHxaqYFHY,"주진우, 이사람 구속때문에 MB도 들어간다!   MB가 바레인 비행기에서 주진우에 대해서...",55694,Korean
0s3aKaL4QyE,5XL이 맛녀석에게 미치는 영향 [맛있는 녀석들 Tasty Guys],71328,Korean
KsiYkfAmnvI,"정치알바 1122(수) '민주당 에이스' 이재정이 떴다! 위기의 홍준표 그리고 공수처 (정청래, 손수호, 남태우)",37649,Korean
y6QMWW_rAyQ,블락비 관찰력왕 지코 ㅋㅋㅋ,79354,Korean
xft2o_TQhOQ,[3분요약] 자유 향한 북한병사의 목숨 건 탈출,23224,Korean
GCMjR3y9kY8,욕하는 새 (우왁굳 반응),89170,Korean
FGY0H5NM7wU,신의한수 생방송 11월 22일 / 한국인 불법 체류자 미국 떠나라!,56141,Korean
drWAVsTuwsg,Ep 34. 문과 1등 이과 1등 이그젝틀리를 하는 이유는?!,332619,Korean
tK0InKVZ4FY,여자앞에서 남자 개쪽주는 마동석ㅋㅋㅋㅋ,395700,Korean
luRar2yX3_A,YG 방예담 못알아보는 K팝스타 심사위원이였던 박진영ㅋㅋㅋ,283556,Korean
s8e9E3l4SKk,2017 사상최대의  아파트 입주폭탄 12월 3개월간 60만명 이동,29321,Korean
01N-M0xwQbY,귀모양 마이크로 ASMR를 처음 경험해본 미친남자!?,381637,Korean
vYOMd4XtEpA,"(충격리포트) 김정숙 문재인, 청와대 샀나? 윤창중 TV 칼럼(2017.11.21)",74817,Korean
EYI3H5UliRQ,[블락비]탤덕들의 태일 간증시간,36794,Korean
jKlswf9s2nM,“남한 노래가 듣고 싶습네다”…귀순병 의식 회복,243165,Korean
hw-RbC5T_90,[고화질] CCTV에 담긴 귀순 병사의 목숨 건 탈출/비디오머그,48987,Korean
CyQq2msWGW8,[황민현] 워너원고에서 잘 때 진영이를 안아준 이유,67040,Korean
ENASxkoZZGQ,귀순 병사 의식 명료…“이르면 주말쯤 일반 병실로”,19976,Korean
lUkcmGgfm_Y,"유엔사, '북한군 JSA 귀순' 당시 CCTV 공개 - 생중계",123998,Korean
Toym7ZqL4-M,17년11월23일-태블릿진실규명TF팀 윤석렬 위증으로 똥꼬검사받게 하겠다.,43797,Korean
hUqpAwxZSgk,김연아와 아사다마오코치의 기싸움 ㅋㅋ,283802,Korean
s7OO3WTyfa4,질투에 부들부들 갑자기 뽀뽀해달라는 서윤이?! /171120 │ 남순 #5,81705,Korean
ZlMcsbZxZr0,[중국반응] 방탄소년단 AMA 공연에 현지팬들 엄청난 환호!,56918,Korean
mstNgtZRp10,북한 군인 귀순 CCTV 영상 공개…긴박했던 그 순간,21748,Korean
vt_ff143FRU,171120 정유미의 FM데이트_ 워너원 강다니엘 언급,13230,Korean
TBXYTnxY0PE,미국에서 날라온 세가지 소식,79141,Korean
jyJf6yLIHD8,"유엔사, 판문점 당시 상황 CCTV공개 한국군 대응잘해",42273,Korean
dJ1STUd3sWc,극적으로 깨어난 귀순병사... 귀순병의 첫마디 남한 노래 듣고 싶다,36139,Korean
VTdsjirdukM,탄핵과 국민연금(정규재 칼럼; 11월 21일),88990,Korean
mt64pNqwbJQ,시청자마다 채신기술로 무장한 김도방송,65200,Korean
kTr-G-yV1mY,171120 BTS 방탄소년단 AMAs 공연후 Access Hollywood 인터뷰- 한글자막,86517,Korean
HHM7H3PrSqo,완벽한 살인요원,150828,Korean
NGR1uERZKWM,BTS 방탄소년단 AMAs 에프터파티 빠지고 호텔 돌아간 사연 ARMY 눈물난다!!,73557,Korean
kluz4H8lj2w,백반토론 나는 짐이다 171122(수) 9595쇼 '죄를 덮어버리자고 당당히 말할 수있는 언론',29471,Korean
vHg7ZurbIPQ,"미국을 열광시킨 BTS, 방탄소년단의 미국 활약상 모음",43904,Korean
mBlH4EDW93c,"미국공항,  한인 85명 입국 거부! (펌)",20320,Korean
7Brzux-olrY,[BT21] Making of BT21 - EP.11,396220,Korean
qEfub9Xxd8A,[법륜스님의 즉문즉설 제 1340회] 임신 중인데 아들 낳고 싶어요,12901,Korean
NpdfKPm_c0U,[BTS]방탄소년단 2017년 AMA DNA공연 미국반응 현실이냐??(무한 방부심♡),57567,Korean
e741kJIIZko,JSA 귀순병사 “TV를 보고 싶다” / 경향 귀순 북한군 난 25세의 오청성 / 동아 귀순병 25세 오○○입네다,29569,Korean
1d0GVBeu1c4,[리플] 리플 미식회 '씨리얼 5종'을 탐구해보았다! 국내에서 유명한 씨리얼 5종 리뷰!| Ripple_S,184748,Korean
RkhTQhbZ1M4,김어준의 뉴스공장 11월 22일 (수) 전체 풀버전 노회찬 김미루 표창원 김완 시사인 김은지 기자 / 홍준표 특활비 이명박 박근혜 까도까도 등,20450,Korean
OhuKgBIC-G0,새벽3시에 '감스트' 형 집에서 먹는 짜파게티! + 스트형 언제가좋아? 없을때요 응??? (17.11.21 #12) 봉준,52117,Korean
k1L1sCxEB3I,20171119 노량진 팬싸인회 워너원 강다니엘 사인 시작 전 4K,50148,Korean
vj_BZBhIDpk,너무 웃긴 이수근 레전드 영상 모음,57229,Korean
09KtNepHQPs,농부는 땅 파는 공사 중 진흙 속에서 놀라운 것을 발견하는데,191181,Korean
vIywlknefVU,[CJ오쇼핑] 초고화질 아이돌 최초 홈쇼핑 출연! 슈퍼주니어 슈퍼마켓 FULL 영상,178549,Korean
SV1fR2uk7r8,[김어준의뉴스공장] 홍준표 특활비로 야당 매수... 심각한 범죄행위! / 노르가즘,32525,Korean
i-ej5IxY_tw,"품바 뽕순자 - 연모,세월아청춘아,보약같은친구및 관객한명과 같이 청춘을돌려다오 코믹공연",14196,Korean
JzWHWh9Sck8,171121 레드벨벳  피카부,400462,Korean
o-VFF8hTckQ,(audio warning)방탄소년단 AMAs - DNA 해외반응 BTS LIVE AMAs 2017 PERFORMANCE (DNA) REACTIONs,141318,Korean
kEDECG457U8,이번 포항 지진 때 드러난 한국 사람 인성,31269,Korean
JPRPdg8jLBQ,[케이TV][합동방송#2]자꾸 손이.. 자꾸 만져...케수작(feat.금화)[17.11.20],44304,Korean
ukQdZSD533Y,[이춘근의 국제정치 13회] 트럼프 아시아순방(2) 일본/중국/베트남 방문의 의의,25602,Korean
339OKDuauzU,이틀만에 일억매출 달성! 비결은 말과 생각으로 미래 예언하기!,15725,Korean
0EDF-Hj2QTc,옥상에서 신아영 밀어버리는 장동민,102398,Korean
cbaoPUnuQdc,이국종 교수와 북한 귀순병사에 대한 정의당 김종대의 황당한 주장 이해성 TV,19682,Korean
Zos5fvQy9Yk,마동석'일격에 천국으로' 모음,107683,Korean
zCGOBN6-0Fw,AMAs 2017 and All The Fan Chants,74250,Korean
Adx10V3Su6g,고양이들에게 집한채 해줬습니다,87165,Korean
DkO_Q3Y7qEQ,[일본반응] 한국어 노래로 미국을 강타한 방탄소년단 BTS의 위엄!! 일본인들의 솔직한 반응 모음.,74968,Korean
Yq43jPI33Wo,슈주 홈쇼핑 은혁 4분할 홍보 ㅋㅋㅋㅋㅋㅋㅋㅋㅋㅋㅋ,22695,Korean
gRklF6dMye4,2017년 11월 멜론차트 듣기 광고없는 노래모음   top30 K-POP★달봉TV 달봉이와 해봉이,55032,Korean
zg5N5ppm1X0,범죄도시 전변호사님 ㅋㅋ,157232,Korean
aZjppgEhdcE,제 빚이 10억이라고요? 제대로 알려드리겠습니다 (눈물없인 들을 수 없는 파란만장 인생 썰),86348,Korean
GMTt_oA44Lw,학교 옥상에서 뛰어내린 중학생 : 돼지의 왕,147066,Korean
gQOCsCdE5mc,[EN/ID SUB] 여자친구가 그 날일 때 남자친구의 올바른 대처법.avi [오늘도 형제는 평화롭다] EP10. 변화,237260,Korean
rhnKzSMGxYM,[아라시] 니노랑 거래 시도하는 하는 코난 ㅋㅋㅋ ニノ、コナンに引っかかりました！二宮和也 嵐,7670,Korean
x3UL_o-iYBU,신서유기 시즌3 [ 송민호 ] 레전드 엑기스 짤 모음. PART - # 1,23365,Korean
h5_NEHibsY8,부산 편의점 사건 정리,15533,Korean
cTD6giRjDE8,방탄AMA출연이 일본방송에서 소개!! BTS AMA,175893,Korean
OJ78ROpzm9k,2017 11 22...........49,19632,Korean
a6cpo8QHHNc,[서프라이즈] 스스로 사이코패스라 고백한 남자! 사이코패스는 유전이다?,38669,Korean
sBc88hgvu38,20171119 노량진팬싸인회 강다니엘 위주,29188,Korean
BpCw-c3gJsw,솔직리뷰 * 대형견을 소형견으로 만들어버리는 특대형방석 리뷰 * 귀여운 강아지 소녀,84290,Korean
TPnzYh0Yycw,세상에서 가장 긴 이름을 가진 사람,304938,Korean
5b2pkb37Q1c,일곱개의 대죄 무기없는 킹의 진짜 실력 (지림주의),134902,Korean
2oiwPi2ovTg,BTSxAMAs recap/analysis 방탄소년단 AMAs 공연 분석 및 소감 pt.1,65707,Korean
3F7XRRwDSRU,애플 아이폰 8  플러스 리뷰:  듬직한 둘째 [4K],81380,Korean
yACtYy_301o,나루토 인기짱짱맨,87117,Korean
hznTXA-J-rM,[아라시/嵐] 약은 약사에게 연애상담은 마츠준에게(feat.우에토 아야),10124,Korean
k6VRXtwjVZk,성현님 여모남심 왜 안하세요? 오랜만에 올리는 진지한 공지영상..! [난쟁이성현],122855,Korean
UzndyDvV-yY,TWICE [트와이스] - [ENG SUB] - TV6 Ep.5 Cheeky Sana Steals Tzuyu's Mission Card.,31796,Korean
YnatH2leRRg,[ENG/JPN SUB] 🇯🇵 일본 유행 메이크업 Japanese Style Makeup  | Collaboration with Sekine Risa | LAMUQE,280255,Korean
ktBPXhiRQTw,방탄소년단(BTS) ama DNA 떼창 클라스,40922,Korean
-0SxwCD7Uc4,The Last A.I. (한국어 자막),34665,Korean
Ig6stqihW4o,크라운 챔피언십 월드 파이널 예고 두 번째,168136,Korean
M6VQhjh4fu0,속보.최경환 압수수색 자유한국당 초토화통잔당 해산급 되나?-트루만,32997,Korean
uW0-eOorf88,"BTS AMAs LIVE Performance U.S Debut Reaction ( SO PROUD OF YOU BTS, ARMY FOR LIFE!)",48158,Korean
mHDk3ydHPss,여자다운 브런치,24547,Korean
BKlGs3g6kWc,【嵐=아라시】 성질난😡리다 모음 영상#1 (リーダーの怒り集めてみた!),9425,Korean
a0_pFTO7M1k,지여닝과 남순이의 사생활을 확인하고 경악하는 서윤.. 알고보니 양다리였어?! 어쩌면 마지막 소개팅#2 (17.11.19-2) :: ChulGu,430984,Korean
fc_66giJVgI,Wanna One Go [예고/4화] ′남성미뿜뿜′ 워너원의 예측불허 운동 타임! 171124 EP.9,75344,Korean
eE-z8JUYJmY,맨즈 팩토리 | 5개 문제 모두 맞히면  구글 입사 가능? [ 대기업 입사 문제 리뷰 ] 보이즈빌리지,66087,Korean
2mJdEM4_tPM,처음으로 진지하게말할게 수험생가조쿠꼭보고...,205936,Korean
f04BiZvA1Cs,Haara Kotiya Episode 230 හාරකෝටිය | සතියේ දිනවල රාත්‍රී 6.30 ට සහ 9.00 ට . . .,90952,Korean
dk0oUQMVSHU,나루토 빡구토 되고 가장 잘생겼던 순간,129542,Korean
aj2HWyOgCpQ,리치와 하늘을 날다!! 패러글라이딩 체험 [섭이는못말려],74177,Korean
b8wulxDryGc,[방탄소년단] '여자친구를 데려오지 않았네요?' 에 대한 리더의 스윗한 답변..,189933,Korean
kLCIWc5armM,"대도서관, 윰댕] 대댕부부 몰래 여행 보내기 프로젝트 - 가고시마에 가고싶다!",96925,Korean
C8srvv7456U,[FANCAM] BTS Perform 'DNA' - AMAs 2017,42341,Korean
hCCWL06Mqo0,"아빠, 빨리 와주세요 수험생 아들의 다급한 전화",121449,Korean
K3KjWXo7i3E,범죄도시의 웃긴 명대사 BEST 7,475464,Korean
4BJaURPCoEE,범죄도시 깡패 삥뜯는 마동성 클라스,416617,Korean
vZ4Ilis1p7Q,블랙박스없는줄알고 남탓하고 도망간 외제차  뚝배기부숨,169674,Korean
jJ1K1i75sPI,귀순병사를 진짜 살린건 바로 이것 때문이었다! 사진 속 숨겨진 1인치는?,435956,Korean
xMoucH5Yl84,"귀순병사 한국차, 상표 떼서 北에 들어와 있어 / 탈북 인사 北 군인, 양말 아닌 발싸개 사용 / '판문점 귀순' 오 병사는 배우 현빈 닮은꼴?",85816,Korean
BE1lxwuISjQ,"김어준의 뉴스공장 [17.11.23] 양지열, 권순정, 안민석, 김성태, 박지원, 김진애",95577,Korean
PnZoSqMOXkA,"[ 전체 ] 김어준의 뉴스공장 1123(목) 박지원, 안민석, 김성태, 양지열, 김진애",72725,Korean
Uv06fB5ELx8,"이니스프리 50종 탈락템, 합격템, 숨은 꿀템은? by. 디렉터파이",67164,Korean
oy_KWkmqSnQ,귀순 북한 병사 CCTV 공개...기적의 탈출 / YTN,127173,Korean
bAZBfe2bM68,"[히카리] 귀신을 쫓던 자, 귀신이 되고만다...!?",15211,Korean
7nTi4DER4vY,긴급 점검 | KBS 내부에 어찌 이런 일이 … 성창경(KBS공영노조 위원장) 서면 인터뷰,30240,Korean
xnIVJ8mAafc,맘마이스 #76 박범계 “국정원 정치호 변호사 자살 맞나?”,37229,Korean
c7R93ZNgSlk,이거 실화냐?? 한국프로야구에서 나온 신기한 장면 모음,112122,Korean
NlCelRIPzQE,[범죄도시] 명장면 두목 장이수 vs 두목 장췐 지리는 카리스마,200072,Korean
SMr1qwc3B6A,정미경 할 말은 한다 왜 경고사격 조차 안하냐? | JSA 귀순 병사 | 이국종 김종대,40200,Korean
PhjEH6dkYAg,레드벨벳 (Red Velvet) - 피카부 (Peek-A-Boo) 교차편집 (stage mix),22772,Korean
JitmGRf5tRQ,108배 하다가 못 걷는 거 아니에요?,16227,Korean
D1ST3S-tkQs,워너원과 함께하는 #그린크리스마스 나만의 DIY 키트 인증 이벤트,27097,Korean
NPAWQIIwtXg,"귀순시각, 대대장포복, 낙엽더미, CCTV 사각지대 전부 거짓이다. 1시간 전체 동영상 공개하라 [세밀한안보] (2017.11.23) 2부",33647,Korean
Wm5mNPKQFBk,"박근혜 대통령의 '죽음'을 재촉하는 '잔인한 독재자' 문재인 (김홍기 목사, Ph.D., D.Min.)",25346,Korean
Xp-s3mKPmV8,"2017.11,23~긴급공지-조원진의원님 서청대구치소장 긴급면담성사 방문 긴급소집",23788,Korean
1nqvG5BQkcI,이국종 교수가 8억의 빚더미에 앉은 사연,35301,Korean
bQPiBjCiuik,"[11월23일] 박지원 직격탄 문재인 빨간불, 홍준표 외면, 유승민 야권 대표 급부상",17900,Korean
I4gTfrYGojI,노회찬 정말 화났다! 법무부 국장 어이없는 답변에 말 끊고 그게 답변이냐 분노,38928,Korean
shbQpPjTrwM,백반토론 나는 짐이다 171123(목) 9595쇼 '요즘 누가 고마우세요? 기레기들!',29843,Korean
kKYEB3l4K1E,[케이TV][다시보기#3]동생아 생일이니까 별풍선좀...[17.11.22],18004,Korean
l71aLv7pB9s,"신의한수 생방송 11월 23일 / 신혜식, 변희재 최악의 허위사실유포와 관련된 입장 발표!",36969,Korean
opf14gc3qdw,해외팬들 폭풍 감동시킨 방탄소년단 인터뷰,14405,Korean
VoIGx1VdPjQ,귀순병 인권논란에 이국종 내가 적폐냐…김종대 사과,37974,Korean
ubGemgEatqo,입국심사시 절대로 하면 안되는 말 TOP3 - 트래블튜브,111185,Korean
Umt7xXkKrjA,송영선의 시사 360 - 김관진 만세! 이국종 만세 ! (2017/11/23),16844,Korean
qKnk9ZUVRKk,방탄소년단 American Music Awards DNA Live 외국인 반응,41822,Korean
kfxMUaaHBl0,[171123] KBS 4시 뉴스집중 미국 '방탄소년단' (BTS) 열풍 cut ||,37068,Korean
Cr1H00cEDgo,[리플] 겨울에는 역시 붕어빵을 직접 만들어보았다! 리플 최초 요리 성공? 홈메이드 붕어빵! | Ripple_S,204348,Korean
y1BBeP1kntc,오늘 법사위 난리났다~ 김진태의 핵사이다!  일하다보면 현금으로 쓴적 있어요 없어요,75654,Korean
u_OTF2hpnGE,신비아파트 고스트볼X의 탄생 3화:삼각관계 실화...?,16589,Korean
lRzZmOXud3M,우리가 몰랐던 조선시대 버려진 비운의 공주,32709,Korean
GQuF_R5c4Jw,[정봉주의품격시대]261회 김관진 풀려났다 / 포항'수능 연기' 여론은? 안전이 우선,15637,Korean
IpKXheXDEwQ,세상에 나쁜 개는 없다 - 어서와~ 강형욱의 개(犬)스트하우스 제2탄_#002,12139,Korean
lZbXi822Cxg,오바메양의 이성을 잃게만든 손흥민 [토트넘 VS 도르트문트],132864,Korean
H6alOJ7DYME,Roger Ver: Roger Meets Korea and More,11715,Korean
MY3CF1rmDCs,귀순 병사는 '배우 현빈' 닮은 25세 오청성,11966,Korean
z6xylhF8740,여자한정 스윗남 김나영 아들 신우ㅋㅋㅋ (feat.단호박) [마마랜드] 4회,23524,Korean
rmhLRMhPyts,신비아파트 고스트볼X의 탄생 3화,34497,Korean
VDAb2Fc6gQI,전주 한정식 진수성찬 맛보는 호주사라!!,48366,Korean
HsonfaJy1M8,[진아] 진아Bar 개업?! 칵테일 만들기에 도전한다!!| 보고싶진아,131830,Korean
RtM_fpPRJLY,2017년11월23일 아침 뉴스,75884,Korean
ZW0s2-xbpCU,[뉴스타운TV] '5.18 특별법'이라 쓰고 '전라도 차별법'이라 읽는다. -안정권의 전라도가 전라도를 말한다. 제6회-,31863,Korean
c9FUl8TC-LQ,자유한국당 정우택 드디어 문재인 대통령 인정 대통령님 존경합니다!,81686,Korean
w8f_rD0AqHQ,[이벤트] 붉은 여우와 친구가 되었어요!!! 하남 주렁주렁 테마파크에 가다 - 강이,11811,Korean
zGYcW-Z2i4c,[17.11.09] 살 찔 작정하고 먹는 새우몰빵 로제 파스타 | 이마트 노브랜드 로제 파스타 소스 후기,18274,Korean
AbORdzfioUo,[2017 MAMA] Star Countdown D-2 by EXO,208336,Korean
fmgtrVwmEx4,트럼프 방한시 암살기도 있었다,17594,Korean
_k6vG6rdLdU,[무당튜브] 2018년도 부자되는 띠,16463,Korean
NcGNFkvoZUU,리듬파워 Rhythm Power - 동성로 Dongsungro (Feat. Crush) [어디갈래],19966,Korean
kmwucE1OUgI,"이국종 귀순 병사, 의식 명료 / SBS",33512,Korean
ceev7e8TbQc,워너비 더뮤지션 엔딩 영상,15857,Korean
qpFODIDH9XM,정선희 &문천식님 라디오 강다니엘 언급,6314,Korean
qCzOMoUYUDk,[찮찮 파일럿] - EP.1 퇴사를 부르는 최악의 상사,153533,Korean
5LyNsQVSzWM,100만유투버xx에게 일침당하고 앓아누웠습니다,349954,Korean
gyN2CDNMM_k,[세븐나이츠] 불멸의 화신 레이첼 각성하다!!,77365,Korean
xvTWMS_hfwU,"김진태 폭탄 발언! 윤석열 검찰 70년 역사상 최악의 정치검사다.정치검사 윤석열의 수사 받을 수 없다.  정용기 의원, 세월호 유골 이제는 은폐하나?",44755,Korean
HLAZuG3byjs,Deweni Inima  |  Episode 209 23rd  November 2017,303605,Korean
PVAdjcXL7EA,2시 탈출 컬투쇼 : 베스트 레전드 사연 ★ 웃어요 웃어봐요! (10만원 모음),11195,Korean
G5Fv6a5odnw,츄르를 만들었더니 고양이들이 난리가 났어요,144351,Korean
nXzWuR7PY3o,김어준의 뉴스공장 11월 23일 (목) 전체 풀버전 박지원 조현아 김진애 안민석 김성태 / 김관진 석방 / 김종대 이국종 귀순 병사 논란 등,19150,Korean
Nm7PsMycHvE,"25세 귀순병사 오청성, 연예인 현빈 닮은꼴?",147160,Korean
7T0WZF0-zew,《猎场》第30集：惠成功纠缠贾衣玫被阻止 郑秋冬宣誓主权Game Of Hunting EP30【欢迎订阅 芒果独播剧场】,34209,Korean
v9ClahJILRk,[스타일로 말해요] 뷔편,14303,Korean
y-n0y7xDqYM,[嵐/아라시] 아라시 대기실의 풍경,14874,Korean
h9G3RKJMiw8,"귀순 병사에게서 기생충 나왔다는 이국종 교수, 인격 테러범인가? / 정봉주의 정치쇼",13490,Korean
ZImZeobUwJ4,[다다리빙] 어디서나 간편하게 면도해보자! 시거잭면도기,27735,Korean
2AePsfsE6FE,[아라시/嵐] 패션의 완성은 얼굴이랬어 넥타이편 マネキンマストアイテム,8081,Korean
TbdPEsW233o,[Dance Practice] 몬스타엑스 (MONSTA X) - DRAMARAMA,64728,Korean
P1hNXtky33k,미디어워치TV 실시간 스트리밍 생방송 (음질 상향),12807,Korean
uycfgTFy4j0,............55,18200,Korean
2CEHybsHynA,THE MASK SINGER หน้ากากนักร้อง 3 | EP.10 | Group D | 23 พ.ย. 60 Full HD,821192,Korean
aD9V2JTANag,Pini | Episode 67 - (2017-11-22) | ITN,77358,Korean
bQFGYALQWKw,BLACKPINK - ‘블핑하우스 (BLACKPINK HOUSE)’ TEASER : JENNIE & JISOO ver.,718536,Korean
ruXJ4AfgcE8,슈주 홈쇼핑 신동 4분할 홍보ㅋㅋㅋㅋㅋㅋㅋㅋㅋㅋㅋㅋㅋㅋ,83378,Korean
75XjwIWy2Os,영화 범죄도시 요약 편집 빠르게 다시보기 [결말 없는 줄거리],25841,Korean
smXPpA9r__k,복싱 VS 공수도 국가대표들의 치열한 한판 승부,134769,Korean
JO_oKIsJzBM,문과식 끝말잇기 패러디,20605,Korean
h3db4061B2U,죽어가는 귀순병사 살려냈더니 ‘인격테러범’ 소리 듣는 이국종,16370,Korean
LgmxMuW6Fsc,OK Go - Obsession - Official Video,411462,Korean
QCxJoM4uhKo,Haara Kotiya Episode 231 හාරකෝටිය | සතියේ දිනවල රාත්‍රී 6.30 ට සහ 9.00 ට . . .,88396,Korean
ENZYxdKFPn0,"Golden State Warriors vs OKC Thunder - Full Game Highlights | Nov 22, 2017 | 2017-18 NBA Season",1333050,Korean
kgC8S5jpqRg,이국종 교수를 향한 외신의 찬사 왜?,238960,Korean
VqHxd_aG9dk,공룡메카드 1화 공룡이 나타났다! 티라노사우르스(알키온) VS 트리케라톱스(티톤)_DINO MECARD,168357,Korean
kTlv5_Bs8aw,BTS (방탄소년단) 'MIC Drop (Steve Aoki Remix)' Official MV,13945717,Korean
WRNSZYMUOcU,11월 4일 나의 결혼식 👰🏻 My Wedding Day!,122761,Korean
J7lpmmn1LN8,"‘이재민 대피소 배식 오찬’ 문재인 대통령, 포항 지진 피해 현장 방문 [씨브라더]",108403,Korean
FIfSOswDstM,[풀영상] 문재인 대통령 포항여고 방문에 학생들 환호...위로에 선물까지 감사 /비디오머그,159307,Korean
OwE6ynFy8T4,문재인대통령 포항여자고등학교 학생들과의 만남 풀영상,118016,Korean
4XR9uqMsh8c,Wireless Limitless Mobifren - 워너원에디션 출시 (30s),33696,Korean
tRkD2Dpfyyk,문재인 대통령 '나그네' 삼행시 영상입니다!,42359,Korean
Tm494TpfCSc,귀순병사가 말하는 북한의 실상 한국제품 사용 많아,62586,Korean
mcpH7MWlC88,바보 같은 천재들이 좀비를 상대하는 방법,209744,Korean
tywpjGA_HY8,소주 vs 맥주 - 뭐가 더 빨리 취할까  [대신리뷰],230309,Korean
pIMod4zaIL4,완전 신기한 10배로 커지는 알새우칩이 있다! 그런데 손에 화상 입고 병원행! (10times larger shrimp chip),150729,Korean
WjyM2pzK1JQ,[영화걸작선] 39회 - 발레리안 : 천 개 행성의 도시,53820,Korean
1M7TqJ3GRpI,역시 표창원✅이국종교수 언급하며~ 고품격 질의 선보여  ✔[채움tv],75987,Korean
77xAm8ZxeKQ,처음 만난 사람에게 애교 부리는 고양이,216487,Korean
LrG0ugNYRFU,관린이 방언 터진날ㅋㅋㅋㅋㅋ린린이 뿔나쪄,72320,Korean
n4ceIHl0258,[겁 없는 녀석들] 케이지 위의 저승사자 등장! 모든 도전자를 두려움에 떨게 한 그의 정체는?,57526,Korean
5E2IC1pTZ4s,DAD AND DAUGHTERS REACTIONS TO BTS (방탄소년단) 'MIC Drop (Steve Aoki Remix)' Official MV,40637,Korean
ZKNCTuYgUDs,[NU'EST W] L.O.Λ.E RECORD EP.7,50151,Korean
SbOwzAl9ZfQ,Capítulo 12 | MasterChef 2017,310130,Spanish
klOV6Xh-DnI,ALEXA EX-INTEGRANTE DEL GRUPO TIMBIRICHE RENUNCIA A ¨La Voz Mexico 7¨TELEVISA 11/11/2017,104972,Spanish
6L2ZF7Qzsbk,LOUIS CKAGÓ - EL PULSO DE LA REPÚBLICA,136064,Spanish
hcY52MFWMDM,Sismo de 6.7 sacude Costa Rica 12 Noviembre 2017,96153,Spanish
_OXDcGPVAa4,DOG HACKS | MUSAS LESSLIE LOS POLINESIOS,499965,Spanish
Q9kK6NWZR1U,Asi se sintio Terremoto en iraq al bordo de iran 7.6,129645,Spanish
c9VTD3n_IDs,La Resolana con el Capi | Programa 12 noviembre  2017,75197,Spanish
XzULSsZYMRc,M6.7 Costa Rica Análisis de Terremotos en (((ALERTA SÍSMICA))) con Alex Backman,142522,Spanish
uijjYNtl_UM,7 Niños Famosos Que No Supieron Adaptarse a La Fama - Los mejores Top 10,371110,Spanish
cOJ68MQm2ac,TOP: Los 7 libros infantiles más perturbadores | Angel David Revilla (Dross),1111314,Spanish
rZZEeeAVgog,Franco Escamilla.- Tradiciones y Faitelson,471516,Spanish
kTT472QeJGg,Juanpa Zurita ¿Se clavó el dinero de las donaciones? | Viral Team le tira a Dosogas,220315,Spanish
yhdI98_O-Xc,Disney Challenge - feat. Luis Angel Gomez / Miguel en Coco/ Memo Aponte,127796,Spanish
7jmJtdqI6YE,Sismo sacude Costa Rica la noche del 12 de Noviembre de 2017,53265,Spanish
Dhhp8M5K3UI,Deleted video,53265,Spanish
M16Usa8oqDg,"TERREMOTO 7,2 SACUDE IRAK E IRÁN 12.11.17 PRIMERAS IMÁGENES",66073,Spanish
OFXU_vrye9w,¡Se acabó la espera! El Privilegio de Mandar | Capítulo 01,30274,Spanish
238T-LaO_IM,Termina Telenovela  Las Malcriadas sin Pena ni Gloria,47789,Spanish
KO-QO5QQAyM,Mexico vs Polonia 1-0 RESUMEN GOLES [Goals-Highlights] Amistoso Friendly-Match 13/11/2017,39857,Spanish
7D-swI6qNLM,HACKS CON SILICÓN CALIENTE,217025,Spanish
WflHonz04Uc,Terremoto de irak 7.3 Momento exacto,29667,Spanish
d1oYTRYmNHs,"**SI TE RÍES, PIERDES** ¡¡(911% IMPOSIBLE)!! 🎀 Recopilación de los Mejores Vídeos de Risa 2017",667216,Spanish
GR1Af3ZG-lE,The Walking Dead 8 Temporada Episódio 4 (LEGENDADO),194758,Spanish
y_6rR8yKONo,Porque Carlos Vela no Quería ir a la Selección y se perdió el Mundial del 2014 Boser Salseo,227651,Spanish
Wi3nAYFigpQ,Iraq/Iran Earthquake felt in Kuwait !,28186,Spanish
nEAMm3nGxpM,El valiente ve la muerte solo una vez - Teaser,7127,Spanish
3RITF3vm-KE,Larry sube a Kenia al escenario | Larrymanía | Universo,17316,Spanish
1i71glG1P5s,LO ÚLTIMO: Muere la actriz Maru Dueñas y productor en accidente vial en la México-Cuernavaca,504940,Spanish
6YHkNTRMUL8,"Terremoto de magnitud 7,2 sacude Irán e Irak. (VIDEOS)",58827,Spanish
VVHWFZqV_mU,Se revela el sexo del bebé de Aislinn Derbez,18980,Spanish
O1v0F5-Xv68,Temblor en Costa Rica | temblor 6.5  12 de noviembre del 2017,16066,Spanish
RkTi5_hu-kY,YURI puso en su lugar a EX TIMBIRICHE en La Voz México y se desató el caos.,28098,Spanish
AvIh646qPg8,DEMON BOY Creepy Pasta  😈 - Draw My Life en Español,100349,Spanish
b_U9i0vSZnQ,CONDUCTORES DE UBER COMPARTEN EXPERIENCIAS PARANORMALES,43151,Spanish
GZGdFRttWDI,¡Top 10 Bromas LOCAS de Jackass!,142325,Spanish
lHJLYWwzphw,"Sismo de 7,3 grados richter sacude la frontera entre Irán e Irak Video Al menos 129 muertos",29887,Spanish
0zYvsH3IzTw,Evangelio del Dia- Lunes 13 Novimebre 2017- Salmo 139 Sangre y Agua,28342,Spanish
cgYhR-3QfhM,NOTICIAS DE HOY NUEVAS 13 DE OCTUBRE 2017,195613,Spanish
N5Ss8TbYnec,Evangelio de Hoy Lunes 13 Noviembre 2017  Si tuvierais fe como un granito de mostaza,166050,Spanish
RQMvpa4V2hM,La Peor Pedida de Matrimonio ! *Sale Muy Mal 😱,251933,Spanish
cU2FFwy0eKI,✨ARREGLATE CONMIGO completo! 0  a 100/✨ PROM GRWM full process !| auroramakeup,14723,Spanish
O_jDNNEvvJo,Programa Completo 13 Noviembre 2017,8088,Spanish
sBmvgi-gd2M,Así lucen los dobles de estos famosos,53340,Spanish
eyskwaltDLs,Terremoto interrumpe una entrevista de TV en directo en Irak,18206,Spanish
p-EupRWaX9E,¡Las reglas cambian en el Sin Palabras! | Venga la Alegría,23635,Spanish
vawBoPTwFeY,FRASES DE BORRACHOS | MARIO AGUILAR | BERTH OH,44056,Spanish
Mr2G7PcfXis,Feliz y Bendecido LUNES 🎁 ABRELO TIENE UN HERMOSO MENSAJE PARA TI 💌,36157,Spanish
9w6dJzxsDD8,"Joan Sebastian, Juan Gabriel, Vicente Fernández, Marco Antonio Solís EXITOS Sus Mejores Canciones",16437,Spanish
FhuxIRzs8LE,EXPECTATIVA vs REALIDAD: SER UN ADULTO 🤷🏻‍♀️ | Mariale,1085608,Spanish
S9qll04y4iw,¿MESSI ya amarró el 6º Balón de Oro? | GRIEZMANN SUEÑA con MBAPPÉ y NEY | ¿Qué harán con BALE?,1047926,Spanish
zexzfD25jWU,Así fueron los penales en el Partido por la Paz | Estrellas América,582042,Spanish
tU3b7GVb65E,EXTRANORMAL PUNTO 2│12 DE NOVIEMBRE 2017 - PROGRAMA COMPLETO,22085,Spanish
mevdRfjbwH4,Leslie mar vs Mayela Without you - la voz México 2017,15814,Spanish
zR-9Pf-BBrM,Dan el último adiós a Maru Dueñas y Claudio Reyes | Hoy,31145,Spanish
J5sgeaTui0w,LA CUIN BICH (HISTORIAS DE TERROR),32201,Spanish
XDqZ57zAsGY,Conocí a la Liga de la Justicia Completa en Persona (entrevistas y convivencia con actores),167066,Spanish
M4W-nrYGRYc,ULTIMAS NOTICIAS HOY 13 DE NOVIEMBRE 2017. TERREMOTO 7.2 EN IRAK E IRÁN HOY 2017.,75173,Spanish
ag3qaxX6lW0,7 Trucos Para CRECER DE ESTATURA Fácil y Rápido,231503,Spanish
ZIf-yocPdKM,DTOKE vs WOS - FINAL El Quinto Escalón: EL FINAL,124070,Spanish
8_MFaKfSZUI,MAQUILLAJE DRAMÁTICO Y ATRACTIVO PARA NOCHE.,46645,Spanish
0k6gGxwNFSI,Último adiós a Maru Dueñas y Claudio Reyes... | Sale el Sol,5895,Spanish
qlHi7uhZdvU,Pelea Entre Los Coaches De La Voz México Y Una Ex Timbiriche,149776,Spanish
mXmLxLCs9HA,LEO | 13 AL 19 DE NOVIEMBRE | HORÓSCOPO SEMANAL | ALFONSO LEÓN ARQUITECTO DE SUEÑOS,13816,Spanish
YxJB396gmWQ,Así inició #AristeguiEnVivo este 13 de noviembre 2017,37601,Spanish
3VDJQMaSWF0,Demi Lovato Performs 'Sorry Not Sorry' / 'Tell Me You Love Me' | MTV EMAs 2017 | Live Performance,316360,Spanish
5Dimg9RM4Lo,Maru Dueñas le escribió un último mensaje a Angelique Boyer antes de morir,87525,Spanish
OIBG99riACs,TEXTO DIARIO ANIMADO 13 de noviembre 2017,8090,Spanish
s-VstUmpPzM,TERREMOTO 7.6 EN IRAK 2017 ALERTA MUNDIAL,34707,Spanish
URnaV-AK4og,Le Lloran al INE Margarita Zavala y El Bronco ¡Fracasaron! – Campechaneando,31974,Spanish
IZRJsmfscIg,Lomo En Salsa de mostaza sin Horno,14409,Spanish
y5wvD7QH1x4,20 Chistes malos que te harán reír #12,299832,Spanish
IBd5v-MPEH4,"Evangelio De Hoy 13 De Noviembre De 2017, Lectio Divina - Tele VID",16963,Spanish
bbFsQ3QuJAc,Vuelo de la victoria final parte 1,149799,Spanish
3JMZx99Yb_0,5 Experiencias extrañas vividas por repartidores │ MundoCreepy │ NightCrawler,62550,Spanish
XcjFWrzjLPE,AL BURRO VAN RANKIN se le SALl0 decir CUANT0 es lo que GANA en el PROGRAMA HOY,89669,Spanish
DHt9_TXbKbI,Alexa PUBLICA MENSAJE tras SU POLÉMICA SALIDA de La Voz México,8661,Spanish
8DLQNl20YE8,HA ASH & CAMILA EXITOS Sus Mejores Canciones de Camila y HA ASH,11042,Spanish
LT4qAHRqrjU,La Voz México 2017 capítulo 5 completo,26416,Spanish
Dt3i0xvLW_Q,J Balvin - Pierde Los Modales (Bruuttal),63858,Spanish
OlKxqYmZNrc,'Me hackearon' mi fan page de facebook,10875,Spanish
qxyJYWGf57k,Santa Misa del lunes 13 de noviembre de 2017 (de nazaret.tv),8010,Spanish
P3q93hzUGEA,Fraudulenta salida de Lis Vega en el Exatlon México 2017,21323,Spanish
QzlD0W4J8mk,Sismo de 7.3 sacude Irak,5421,Spanish
uUUd_8Gl6Bk,El Gran Mensaje. Se vienen Grandes Cambios y una Catarsis para la humanidad. Entrev. a Miguel Crespo,8695,Spanish
qh3Vr7x_5bQ,Laudes -  Lunes 13 de noviembre de 2017 - Oración de la mañana,6665,Spanish
nOVd0sNNjc8,"EL VUELO DE LA VICTORIA, CAPITULO FINAL 12 DE NOVIEMBRE, EPISODIO 89 RESUMEN TODO FUE IMAGINADO",18932,Spanish
17bOlbDNjmk,Oraciones al empezar un nuevo día con Dios | Lunes 13 de Noviembre,16812,Spanish
nC0TkydzQM4,¿Qué tan Buena es COCO? - Platica con Spoilers | Caja de Peliculas,22189,Spanish
LTiiX8hq4Sw,Crema tonificante para el cuerpo,18212,Spanish
_GaoLGcZ8Wg,POR FIN!! DOS FICHAJES BOMBA PARA EL CRUZ AZUL RUMBO AL CLAUSURA 2018 LIGA MX,49349,Spanish
2-p6XmtKCVY,SANTA EUCARISTIA 13 NOVIEMBRE 2017 Misa del Día de Hoy - Dia del poder de la Fe,11140,Spanish
Yoa0Yqjedhk,Dragon Ball Super avance  Capitulo 116  Sub Español El despertar dotrina egoista,138232,Spanish
Rwlubt8S8MI,"Bachatas Mix 2017 Romanticas ► Prince Royce, Romeo Santos, Shakira - Bachatas 2017 / 2018",24466,Spanish
p8smIhAsI6g,🎧 ¿Te Identificas con tus Pensamientos? Entonces Escucha Esto - Por Eckhart Tolle,7751,Spanish
szAR--Hdtn0,❤️ DRAW MY LIFE - INNA MOLL ❤️,113965,Spanish
62uv76jjUG8,Steelers vs. Colts | NFL Week 10 Game Highlights,361416,Spanish
fCOYUfEvxcE,Victoria cumple su sueño | El vuelo de la Victoria (FINAL),22825,Spanish
nho5bnPE8qY,Diego y Julio Vive Batallas - La Voz México 2017,8058,Spanish
FEp_keCj6kA,Descubierta estrella zombi | Noticias 13/11/2017,91561,Spanish
8SmKYBgDTVA,COCO Disney/Pixar - Popurrí con Mariachi,93000,Spanish
jXndHBU_tq8,España vs Costa Rica 5-0 RESUMEN GOLES [Goals-Highlights] Amistoso Friendly-Match 11/11/2017,1269033,Spanish
YnQoEHHM_xc,Exatlón México | Programa 20,377398,Spanish
ExbVoHLXPzg,¿Por qué se cree en supersticiones? - CuriosaMente 98,129904,Spanish
eYcP7ItiHHI,Mandando saludos,21728,Spanish
s_kRjjlGCcQ,Clash Royale: Crown Championship LATAM Finais de Outono | A Temporada De Outono 2017,179904,Spanish
oFy58DC4Evk,Salmos | Cuando te sientas deprimido ¡Escúchalo!,29740,Spanish
of1vkf-Mxuk,Earthquake on Iran-Iraq border 12/11/2017 زلزله | Землетрясение на Ближнем Востоке.,112814,Spanish
zw26qBC32lQ,Deseret Tavares - El ojo Protector,5553,Spanish
of5k7eEtE6c,Macarrones gratinados con Espinacas Receta navideña,6088,Spanish
rl87CstffpE,NUEVA ENTREVISTA A TOYOTARO SECRETOS REVELADOS | NUEVO ÁNGEL | MARGARITA Y VERMOUT AMANTES | ANZU361,129304,Spanish
pCzGf2FYn4E,8 Hábitos de Pobreza que Heredaste de Tus Padres y Te Llevan o Mantienen en la Pobreza Segun Jack-Ma,8249,Spanish
vl8yv7kTTWI,Budín de zanahoria - Cocina Vegan Fácil,5113,Spanish
G2LKPsoc24k,Abdomen plano y piernas bonitas | GymVirtual,23352,Spanish
ehaaxAyRf18,A 213 Días Del Mundial Te Preocupa Que El Tri No Tenga Un 11 Titular Definido? La Ultima Palabra,1856,Spanish
A106_JEPWm4,Evangelio de hoy lunes 13 de noviembre de 2017,16844,Spanish
4DnWZQTytXo,Valeria vs Johan - Felices los 4 - La Voz México 🇲🇽,9588,Spanish
1q41CjSKa7s,Quien Es Maru Dueñas Y Claudio Reyes?? Actriz Y Director Televisa/ Lo que no sabias!!,262447,Spanish
1wF68X7X768,TOP 8 DJ FAILS | lo que NUNCA debes HACER EN festivales DE ¡ MÚSICA !,90793,Spanish
vDiN9657pNM,"ROMÁNTICAS DE AYER Y HOY Julio Iglesias, José Luis Rodríguez, Miguel bosé, Camilo Sesto y José José",9146,Spanish
K7i1BHg8yjc,"Así fue el V3L0RIO Maru Dueñas, rodeada de flores blancas. (EMOTIVO)",66941,Spanish
4cTYebG13fQ,Tipos de Dueños de Perro en el Parque | Casi Creativo,338785,Spanish
ch2bHvup3p0,"LAUDES -  LUNES 13 DE NOVIEMBRE, 2017",4558,Spanish
a9NZ4nWdjfM,Aprende a hacer este cuadro para tu habitación | MUY FÁCIL Y BARATO | DIY | ArteMaster,127368,Spanish
lELY0_ZrPMg,Confía - Natalia Nieto - 12 Noviembre 2017 | Prédicas Cristianas 2017,7506,Spanish
064HDEJjPHg,Llegó el 11:11 - Luisito Rey ♛,656622,Spanish
rm6Y60BmLa0,#TeamPausini Juan Carlos Vs Mike Born To Be Wild || La Voz México Las Batallas,8485,Spanish
0HCufSLOeE4,"Evangelio del día Lunes, 13 de Noviembre de 2017",46103,Spanish
BVJzVZ-gnA4,Sismo de magnitud 7.3 deja más de 60 muertos entre Irak e Irán - Milenio Televisión,16954,Spanish
8V5h1ZaOK8A,"Fallece Maru Dueñas, prosticatálogo de Televisa, romance de Polo Morín, Ceci Galliano fue acosada",1621,Spanish
JxrEs0ZeU44,"Evangelio  del día  Lc 17, 1-6 del 2017-11-13 con Mons. Fabio Martínez Castilla",2195,Spanish
SOFXq2cenSI,ASÍ SERA EL FUTURO DE MÉXICO SI  LOPEZ OBRADOR ES PRESIDENTE EN 2018,27198,Spanish
5Dprb5g-6_g,Blusa Crochet para Niña de 3 a 4 Años parte 1 de 2,14040,Spanish
rFNCO_VRaEk,"¿X-Men podría regresar a Marvel?, Deadpool, Trollhunters y más",74101,Spanish
7v8sd_Bar-w,TOP 7: Los fichajes de MEXICANOS más COSTOSOS,50782,Spanish
mx9IrngKvfg,¿QUE HICE EN HALLOWEEN..? | Ricardotaku,34723,Spanish
VvsVDp0aYHY,MI CANCIÓN POR LOS 4 MILLONES con MEGA SORTEO INTERNACIONAL!!!! SandraCiresArt,278001,Spanish
sX2qEhu97p8,The Walking Dead Temporada 8 Capitulo 5 Adelanto Subtitulado Español 8x05 Sneak Peek # 1 & #2 Season,10592,Spanish
X_vSOhNshg8,Buenos Días - El Video mas bonito del mundo - Abrelo,13583,Spanish
l5jL10riBtc,5 Acertijos de niños que son demasiado difíciles para el 95% de los adultos,24157,Spanish
HXoUb9ink6M,"🔴NOTICIAS DE ULTIMA HORA Terremoto de magnitud 7,2 sacude Irán e Irak 12/11/2017",28184,Spanish
UJC-hJbmlNA,12-La Voz De Mexico 2017 Las Batallas Mayela Vs Lsslie Domingo 12 De Noviembre 2017,6286,Spanish
3xiFKybX2RI,LESSLIE POLINESIA LLORA EN ÚLTIMO SHOW DE LA GIRAPOLINESIA,27004,Spanish
vV-F3sY34u4,Melendi & Ha Ash -Jesse & Joy & Yur i - Rio roma & Carlos R - Sebastian Yatra,20917,Spanish
0s12_01FIko,TAG DE LAS 20 CANCIONES | soyFrancisco ALV,248886,Spanish
V0VCNyvc9Mk,"Evangelio de Hoy (Lunes, 13 de Noviembre de 2017) | REFLEXIÓN | Red Católica Official",69295,Spanish
WI5MSR8BgXE,12 BROMAS ÉPICAS PARA TROLLEAR A TUS AMIGOS,697919,Spanish
zPn6Kl-RIkQ,Maru Dueñas le escribió un último mensaje a Angelique antes de partir.,3996,Spanish
KXb58FyoIa4,¿Lauren mando indirecta a Camila en EMAS 2017?||Camren sigue vivo,8873,Spanish
_xMcC2uIseE,EVANGELIO DEL DÍA Lunes 13 de Noviembre  2017 l Palabra de Vida Padre Carlos Yepes,21903,Spanish
hs6aBUAbTWc,Angelina Jolie and Agnes Varda at the Governors Awards (Best Moments and Dance),38892,Spanish
vmCjs1ZGpdw,Horóscopo de hoy lunes 13 de noviembre - Alberto Roy,17472,Spanish
sAOqENI8p9Q,Actualización Sismo de 7.3 y 6.5 en Costa Rica y Oriente Medio | Pepe En Vivo,3675,Spanish
o8_gcXkd8EM,"Noroña con Adela, Doña Margara, La Reina del Albur y Maryfer",5723,Spanish
gvvLino2tNY,Momento Exacto Sismo de 6.5 Grados Richter En Jaco Costa Rica 2017 #sismocr #temblorcr,3038,Spanish
dAHb2GDx6ok,MESSI NO GANARÁ EL BALÓN DE ORO| ¿BALE SE VA Y LLEGA LEWANDOWSKI? | CRISIS EN EL PSG | HABLA BENZEMA,104879,Spanish
mB7DwV9zRzg,Bordado Fantasía Regalo Betty Boop,5145,Spanish
-7K9G4eWzJc,Ye Botal Nahi Zindagi Hai |By-Prince |JVS MUSIC | जे वी एस म्यूजिक,154465,Spanish
ajBkZfW0nUQ,Porque nadie lo dijo antes # 39,40802,Spanish
x-qhQespWm0,DTOKE VS MKS | EL DOBLE TEMPO DE DTOKE | EL FINAL DEL QUINTO ESCALÓN (VIDEO REACCIÓN),106497,Spanish
7kvjzw0AQY0,"Cómo evitar que te roben gasolina, REVISIÓN shell, g500 y BP",1872,Spanish
L8DnWMqtxjE,No encuentro el móvil (DOBLAJE),512759,Spanish
mvFGr9q0vss,13 de noviembre de 2017 07:00h Pronóstico del Tiempo,3116,Spanish
O9g-hqEnfUo,"FUERTE TEMBLOR EN IRAK  HOY 12 DE NOVIEMBRE 2107,ULTIMAS NOTICIAS DE HOY 12 DE NOVIEMBRE 2017",43849,Spanish
d9ndEyk2lBw,Regime forces use UR-77 mine clearence charges in an attempt to break through in Jobar,151624,Spanish
0pNCxK0Hdl8,DECORACIONES PARA NAVIDAD - IDEAS PARA DECORAR TU MESA DE CENTRO - SILVIA EN TU VIDA,11553,Spanish
Dx7S34lNt6A,PARA TI 🎁...con todo el amor de mi corazón Ábrelo,41887,Spanish
QSwlPz3ruYA,Caballo Sereno despide emotivamente a su dueño en su funeral,11633,Spanish
Nfd31XfFZ94,"GASTE 10,000 DOLARES EN MI NUEVO MUSIC VIDEO",61222,Spanish
jRl689eyaWg,AYÚDAME SEÑOR #Reflexión,6143,Spanish
Zw5jzd4BvBY,Un dia muy movido|||||| ツ 🚗,2244,Spanish
PpvzVcnICJo,Miraculous Ladybug | La Befana | Temporada 2 Capítulo 4 | Análisis y teorías 🔍🤔,100352,Spanish
Ttqo0pFoAAM,"Rezo de Laudes y Misa Coral del Cabildo, 13 de Noviembre de 2017, 8:30 hrs.",2032,Spanish
RtPf3dHF8uM,La ex Timbiriche Alexa Lozano se siente diva y desaira a los coaches en la voz México,30726,Spanish
xQW3-CeUV2c,"Decidieron sacrificar a este perro con cara torcida, pero nadie imaginó lo que pasaría un día antes.",10120,Spanish
dTuYRCf-G1E,"Las Noticias de la mañana, lunes 13 de noviembre de 2017 | Noticiero | Telemundo",36827,Spanish
MGeSKdq1V20,Iraqi Kurdistan Earthquake live during an interview on Rudaw chanel !!,3033,Spanish
Mwsy6T99j04,"Chucky Lozano Puede Ser Estrella Mundial, José Ramón Critica que se Elogie Mucho Doblete a Bélgica",33278,Spanish
CZCQH6DGX3w,Ventanilla: profesora de 35 años sedujo a su alumna de solo 14 años,33363,Spanish
i0TXj8cjVfs,El Gran Secreto del BitCoin,162706,Spanish
hcuAuv-kkyg,EL VUELO DE LA VICTORIA CAPÍTULO FINAL PARTE 2,56195,Spanish
_0FiEmKkIHU,TERREMOTO 6.5 EN COSTA RICA 12/11/2017,6481,Spanish
e_XgSU1X4Ms,Preocupa a Chiapas que se “sequen” cascadas de Agua Azul RH Noticias 13/11/2017,2740,Spanish
7J44ynoFWSk,ADORNO NAVIDEÑO Y SOUVENIR PARA TODA OCASIÓN,3639,Spanish
jAdVVPw3Sao,Mustafá tendrá una nueva aliada para detener a Hürrem en El Sultán,3203,Spanish
Nr3AuidaiSo,TODO sobre el MISTERIOSO caso de JOHN F. KENNEDY (JFK) | Paulettee,327514,Spanish
5dCjl2efnyQ,Episodio #1257 ¿Como el hongo candida ataca el cuerpo?,6742,Spanish
W-4d6rdrg3E,INTENTEN HACERME REÍR ! (Edición chistes cortos),762127,Spanish
eAlsZp9S5x0,ICE CREAM ROLLS EXTRAÑOS | EL GUZII,207501,Spanish
DqiMJ6dAtC8,¿Cómo ven los daltónicos? (PyR),941864,Spanish
_4nBM09BSEI,LAPIZITO FUE POR POPOTITOS Y SE VAN DE CITA QUE PASARÁ ♥❓,544971,Spanish
RyEZQV9CwAM,ME SUBÍ A UN RASCACIELOS EN PARAGUAY / Juanpa Zurita,487248,Spanish
RyMVtv5wCIU,Trabajando en LA CENTRAL DE ABASTO!,1261625,Spanish
o7jUddH52JY,Enamorandonos la ultima y nos vamos 14 de noviembre 2017,160373,Spanish
t7cL_jDyuUI,Ultima parte de la Boda de Richy y Mafer - Enamorandonos,25732,Spanish
Nr-EpdBWeCE,Kelechi Iheanacho Amazing Goal - Argentina vs Nigeria 2-1 (Friendly Match 2017),12870,Spanish
IBRok8hS72o,Dramatic CCTV shows TOWIE star Ferne McCann's ex Arthur Collins spraying acid inside packed nightclu,79417,Spanish
BUdI6ot2j-8,Mexico vs Polonia  1-0 Resumen Goles Amistoso 2017 HD,218587,Spanish
6mux5Q9AGfE,El KUN se DESMAYÓ | ¡TRES de ERIKSEN y al MUNDIAL! | ALEMANIA le EMPATA a FRANCIA al 93,668353,Spanish
SWhfMrcS9eM,MANUALIDADES SÚPER VIRALES DE SILICÓN CALIENTE PARTE 1,376644,Spanish
eBaYLHNmlLs,¿Quién invento los Emojis? 🤔 (con DeToxoMoroxo) | Preguntas y Respuestas,195442,Spanish
ce2GdkBgYaE,ASÍ ERAN LAS COSAS ANTES...,129572,Spanish
Y_r7bvUt-YM,Dimitri se enoja con Jessica y la Insulta| Facebook LIVE 13/Noviembre/2017,91812,Spanish
KMXIKSi96LY,EX TIMBIRICHE responde a YURI ¡y denuncia farsa de La Voz México!,59543,Spanish
VQXfLFWhKRo,"Dámaris sin Rorro, Vanda sin Luis Fer, así la fiesta de Richy y Mafer / Enamorandonos",675008,Spanish
QuSEbo03fc4,"Becky G, Bad Bunny - Mayores (2017 Latin American Music Awards)",306290,Spanish
oPD8Z07zK4U,Mhonividente en Buenos dias Familia 11/14/2017 RITUAL PARA QUITAR MALAS ENERGIAS,29385,Spanish
cnOrjcG_Sxo,Programa completo del 14 de noviembre de 2017 | Enamorándonos,353534,Spanish
1GYQSPvoYww,CHICHARITO buscó VOLVER a CHIVAS | JONA quiere jugar en el AME | DESTROZAN a MARCHESÍN en ARGENTINA,110067,Spanish
4wiO5sGTHxg,La ex Timbiriche Alexa contraataca a la produccion de la Voz México,12951,Spanish
Q2XDusl1wR4,Exatlón México / Alberto Morales y su hermana buscan Denunciar a TV Azteca y Exatlón,35055,Spanish
ZMxnWZktTRA,PIMPINELA SUS MEJORES CANCIONES - PIMPINELA SUS MEJORES EXITOS - PIMPINELA ROMANTICAS,25584,Spanish
lI8TfgG2k6Y,Exatlón México | Programa 22,52166,Spanish
50jQol_-2dM,LADY TIMBIRICHE EN LA VOZ MEXICO #LadyTimbiriche,148635,Spanish
XhquqP9xSrI,¡Alejandra Ávalos confirma catálogo de actrices! | Sale el Sol,164986,Spanish
r1DvFVEL9As,Alexa Lozano exhibe Fraude de La Voz México,62446,Spanish
fSZC1S0JpJM,Programa completo del 13 de noviembre de 2017 | Enamorándonos,122378,Spanish
ok4tCywAlXc,Sin Senos Si Hay Paraiso 2 | Capitulo 77 - 5/5 COMPLETO HD,109176,Spanish
sB1btJg17Sg,Lo más ridículo de Venga la Alegría,103176,Spanish
Lz58Ch1VnR8,México vs Polonia 1-0 Amistoso 2017 TV AZTECA FULL HD | RESUMEN COMPLETO HD,338216,Spanish
k6F_JlX6LKg,"María Levy insulta a Daniela Romo y Tina Galindo, Carla Estrada habla del prosticatálogo",10156,Spanish
e7RcwQWSngE,9 COMERCIALES MAS RAROS VERSIÓN ANIME !!,138230,Spanish
HIUJFnY9ILE,Abriendo Caja Misteriosa NEGRA de Ebay | Caja Sorpresa,99957,Spanish
YaLmzawRjlk,RETO Los CHILAQUILES más PICOSOS del Mundo.,132220,Spanish
iaoieyQ749w,10 Asombrosos Pasteles Que No Creerás Existen,73639,Spanish
lfWfef1z3Yc,"La Muerte de Mihrunisa, la esposa de Mustafa | El Sultan Capitulo 278 en Español Latino",6715,Spanish
b6X9vE4CzMU,BALADAS GRUPERAS DE LOS 90'S - GRUPERAS DE LOS 90 ROMANTICAS MIX - Romanticas de Ayer y Hoy lo mejor,17074,Spanish
KFz_JBteACQ,Programa Completo 14 Noviembre 2017,18283,Spanish
DcTZilYN_1g,Trágico accidente les quita la vida a Maru Dueñas y Claudio Reyes | Ventaneando,415589,Spanish
Y4nEk2Y8HfY,¡El Equipo Favorito arrasa en el Sin Palabras de Venga la alegría!,45317,Spanish
oyvN5ExU4fE,Franco Escamilla.- La mesa reñoña 75,325176,Spanish
m7e3Yfc-N6k,iPHONE X - 5 cosas que ODIO!,81292,Spanish
AS-J_xhmwWg,LA INDIA YURIDIA Y TEO GONZALEZ ROUND 2,7499,Spanish
f29C4nLLvLQ,Lasaña para Cena de Navidad,44535,Spanish
rEexgn24Zd0,Hija de Mariana Levy responde a Daniela Romo,10578,Spanish
VHk0NJJYK2U,"Bachata 2017 Lo Mas Romantico - Romeo Santos, Prince Royce, Shakira - Lo Mejor Bachata 2017",95149,Spanish
YCQEo_2f5SU,Damaris y Magaly Volvieron a ser Enemigas,178523,Spanish
084uZsxEAIU,Liz Vega No Supera que Actrices de Segunda la Exhibieran,88335,Spanish
Grjf061dV4w,Peña descubre el secreto detrás de 'Mayores' de Becky G.,21148,Spanish
htC3S04x4zw,"Lo Mas Escuchado Reggaeton Noviembre 2017 Bad Bunny, Ozuna, Wisin, Shakira, Nicky Jam, Daddy Yankee",93086,Spanish
cwMGtzZrr1g,¡Jean Claude le roba un beso a Galilea Montijo! | Hoy,138401,Spanish
Cy6U9rlxXNo,Superpoderes Inutiles / Tila Maria Sesto,9967,Spanish
ZIQIYOvn0t0,CHARLY HACE MACARONS SIN AYUDA ¿LE SALIERON? | MIS PASTELITOS,322885,Spanish
3W9uwoM3WAc,ME ENGAÑO RUBEN .?.. Q&A - PREGUNTAS Y RESPUESTAS - Jackie Hernandez,90997,Spanish
NPi7GUNVMoM,LA PLANTILLA DEL MUNDIAL EN JUEGO... DISCARD CHALLENGE FIFA 18,395276,Spanish
j64xl7m8HhE,Alitas Picantes | La Capital,188866,Spanish
ERI3RDsmkQM,Rica Famosa Latina 5 Ep 32 HD Completo,30588,Spanish
ok4BV_EdMyY,Qué tan caro es comer en Rusia // Mundial 2018,31900,Spanish
IMOmpTtlmWU,¡Hasta el mariachi llegó a la boda de Richi y Fer!: Enamorándonos,48057,Spanish
FCU3WcPG-2U,Sin tu MIRADA avance del 15 de noviembre,11448,Spanish
hYxAT-574tE,¿Este sitio ES REAL?  o ¿El internet NOS ENGAÑA? | Alan por el mundo,97800,Spanish
-78WxK0q2v4,Señora Acero 4 - Capitulo 7 Parte 3/5,22412,Spanish
7GWXGqjSUJU,Donde el corazón te lleve Romántica Alemania 2006,34401,Spanish
cJUEwuoO2dA,CUPCAKES PARA PERROS | PUPCAKES | Quiero Cupcakes!,55098,Spanish
Z77YtiJAFyU,ESCANDALO de JACKSON de GOT7|DICE ADIÓS!|JUSTIN BIEBER y SEUNGRI de BIGBANG|MOMO de TWICE LLORA!,103445,Spanish
uQ4CX91GWnw,La hija pródiga Capítulo 17 | TV Azteca,4398,Spanish
GX9gZ4qh4v0,11 TRUCOS DE BELLEZA Y MAQUILLAJE PARA PRINCIPIANTES,444478,Spanish
2z0h1BOX4c0,Receta De Tela y Lazo Comestible Review Primera Vez,17477,Spanish
DhiYw8DYuZA,Daniela y Magaly de enamorándonos se pasan de copas y pierden los papeles!,14287,Spanish
Xc0V4S17T4I,Argentina vs Nigeria 2-4 Todos los Goles y Resumen (Amistoso) 14-11-2017 HD,109620,Spanish
RS6dEL5VIr0,"JOAO ROJAS Es Figura En Argentina, Regresará A CRUZ AZUL?",9555,Spanish
IwGjXDFC8kE,Sin Senos si Hay paraiso 3 Capitulo 77|3/7|Completo HD,87836,Spanish
qZ86rzeT9JY,El Semanal:  Contestando preguntas con Tarot y predicciones para cada signo zodiacal 👸♥️🌛🌚🌜,12911,Spanish
jGXRidkmKNI,Mon Laferte - Yo Te Qui,238173,Spanish
mqOgU3uJUUE,Larry baila con una fanática especial | Larrymanía | Universo,10570,Spanish
mbJ2wInVSyY,La divertida cena de bienvenida en México con doña Letizia bailando a ritmo de Taboo,104897,Spanish
t2wv7Etl0vc,"ROBERTO CARLOS, PERALES Y JOSE JOSE EXITOS Sus Mejores Canciones   Romanticas En Español",10853,Spanish
vRXIKBfJp5c,"PARA QUE NO TE SAQUE DE SU MENTE NI DURMIENDO, LAS 24 HORAS",12842,Spanish
BKHpi93sQOY,Gelatina de Piña Zanahoria Y Nuez,22001,Spanish
Wg2DYxo-Pow,DRAW MY LIFE ( MI VIDA EN DIBUJOS) ! - Pautips,980410,Spanish
NJMWETuxVic,Kike Pavón - Ganas de Vivir ft. Alex Zurdo & Manny Montes (Video Oficial),39513,Spanish
0n05ezCsczI,Rusia vs España 3-3 Resumen Highlights Goles Amistoso 2017,82306,Spanish
AWqYXzvT4OM,Transmisión en vivo del LXXIII Congreso y Campeonato Nacional Charro #Hidalgo2017,3874,Spanish
gF8sd2BQwoU,Otro Millonario Se Unió a Amlo Después de Analizar Su Proyecto,90986,Spanish
gHruDCvE93k,🔥 Se avecina un terremoto de 8.2 para la Ciudad de México 🔴| Noticias al Momento,14629,Spanish
744FHFygxiI,Caloncho - Equipo,60213,Spanish
1TUwj5r8MZQ,Así inició #AristeguiEnVivo este 14 de noviembre 2017,35755,Spanish
Mawjza3psiY,CANTAMOS ALELUYA  | VIDEO OFICIAL |  ENCUENTRO 2017 - En Espíritu y En Verdad,6224,Spanish
XLWjmAN2SLo,Caer en Tentacion Capitulo 37 parte 7,23567,Spanish
fPYffm4nIYA,MITOS ZOOLÓGICOS,129018,Spanish
Nnc362avOtM,7 Trucos para Sobrevivir si te Lanzas de un Avión,153533,Spanish
zASfdpG8UqU,Roban con violencia y presumen botín en ‘face’; cae uno; van por 8 más,27479,Spanish
18POj5UkGRo,REUNIÓN VIDA Y MINISTERIOS CRISTIANOS LATINO MÉXICO DEL 13 AL 19 DE NOVIEMBRE - EN VIVO,18150,Spanish
Qu0YhyzBB6A,ARGENTINA 2 vs NIGERIA 4. Resumen y goles (full highlights) 14/11/2017,422947,Spanish
m7cRGq35eK8,Galletas de Mantequilla Navideñas | Postre Navideño,3873,Spanish
rYts-vQmlZk,CRIMENES IMPERFECTOS RESUELTO 30 AÑOS DESPUES,12000,Spanish
v9nEWtEdkmc,Argentina vs Nigeria 2-4 - All Goals & Highlights - Friendly (14/11/2017),414653,Spanish
PVVFOXUZObQ,CENA ECONÓMICA - TAQUITOS DE FLOR DE JAMAICA,9023,Spanish
yoeHU8qaewE,[BTS (방탄소년단) - DNA Live] James Corden (Preview) 1/2,39095,Spanish
asvHEW9v2WI,VIDEOS RANDOM SDLG,92913,Spanish
UO4ZYiqVkN0,Primer Plano - Lunes 13 de noviembre de 2017,6161,Spanish
0CkkoaLSCtw,Le enseñan a bailar,14365,Spanish
9O9XvEWWjOk,¡Hasta Aquí!#JusticierosAtacan LosJusticierosevidencían el fracaso de las instituciones encargadas,8204,Spanish
ORn38gU3zAc,POPOTITOS PODRÍA IR A LA CÁRC3L POR CULPA DE LAPIZITO - ENAMORANDONOS,2297,Spanish
Ega4GZhszPs,TEJE CUELLO MAPLE - CROCHET FÁCIL Y RÁPIDO - YO TEJO CON LAURA CEPEDA,38924,Spanish
znAe-yoVvA4,Cantando con Los Pericos - Luisito Rey ♛,263524,Spanish
iEc-Qi1KJ0Q,Penosa pelea entre damas en los tacos Acatlán,11529,Spanish
iBU3wxHzEHA,¡La 'dueña' del estadio Azteca! Las 5 increíbles atajadas de Blanca Félix ante el América,193227,Spanish
zgM6-41jzuo,MON LAFERTE EN ESCALERAS DE CENTRO COMERCIAL,2978,Spanish
vFI-kU_Hb38,Argentina vs Nigeria 2-4 RESUMEN GOLES [Goals-Highlights] Amistoso Friendly-Match 14/11/2017,119937,Spanish
n9uXUiBPPPY,Test - (ADEXE & NAU) - Adivina  La Canción,3761,Spanish
tOwTdl-CR7o,Especial 6 años (4 horas de Enchufetv),303774,Spanish
9519Irf1W20,Dime cómo te abraza y te diré lo que siente por ti,170258,Spanish
sJ1Drsk7Cfc,Lomo Adobado sin Horno,10494,Spanish
C7R39aVhQuA,Me Declaro Culpable Avance 15 de Noviembre,5462,Spanish
77o299p5dFw,Caer en tentación | Avance 14 de noviembre | Hoy - Televisa,15238,Spanish
9yPJRctSJB4,Italy vs Sweden 0-0 (0-1) Highlights & All goals  European Qualifiers HD ITA 13/11/17,185581,Spanish
B7Vp_0qLIPg,¿QUÉ SIGNIFICA OK? | DrawXpress (el verdadero origen de la palabra es INCREÍBLE),150206,Spanish
4HrqAdtHsvY,Tacos al pastor receta casera  Trompo al pastor,12931,Spanish
y0yyOekGQqE,¿WANNA ONE PLAGIA A BTS? | MONSTA X ROMPE EN LLANTO | SE REVELA CUANTO GANÓ KANG DANIEL,40911,Spanish
N_xJgJNcRzk,"30,000 ORBEEZ en GLOBO GIGANTE – EXPLOSIÓN AL CORTARLO!! | Extra Palomitas Flow",107701,Spanish
N0dGdT80fsU,LA VUELTA DE CHUCKY,67819,Spanish
XSjvqLN15fE,MARY CROCKETT | MORIR POR AMOR,9923,Spanish
6TAUjQerS5M,El Instagram De La Muerte☠😭👍 | Caso Cerrado | Telemundo,142774,Spanish
XStpREMS8Fw,Motorola Moto X4 - Unboxing en español,36423,Spanish
l1dQZ-dDZRk,Argentina 2 Nigeria 4. Resumen y Goles,14461,Spanish
jQUk4bzyxkw,CONFIRMAN MALA NOTICIA,12820,Spanish
JVcOZdS0RFU,ALEXA ARREMETE CONTRA YURI  Y LA PRODUCCIÓN DE LA VOZ MÉXICO,5239,Spanish
qXftNTBdEog,¿Quién és el SUPERHÉROE MÁS RÁPIDO? LAS SUPER OLIMPIADAS | Ep.5 [Crazy Crew],266023,Spanish
WnUrVKTnPWc,¿EL PRI SE DESPLOMA? La MALA IMAGEN del PRI por estrategias SUCIAS - Análisis Completo,5497,Spanish
w9nThMKhmys,E39. Ricardo mete la pata en Muy Padres,11950,Spanish
UCoMgd1vDe4,SE SACO EL QUE? 🍆😐,22762,Spanish
mRydIvA6fDM,Las verdades con las que Ma. Elena Morera le hizo bullying a EPN,5880,Spanish
W5Xn11roRcE,ROBERTO CARLOS LO MEJOR DE LO MEJOR (GRANDES EXITOS),91867,Spanish
lV-5FiVde-s,THE SHIELD QUIERE A THE NEW DAY EN SURVIVOR SERIES WWE RAW 13/11/27 EN ESPAÑOL,25482,Spanish
zsLAf-Dn7Wk,Monreal se queda en Morena. Sería coordinador de campaña de AMLO o senador,29165,Spanish
xNZ50VgYArQ,ULTIMA HORA! Italia Fuera Del Mundial! - No Marcan 4 Penales! - RAUL JIMENEZ DA EL TRIUNFO AL TRI!,52887,Spanish
eBft4vEcuoQ,YOKOI KENJI | La Enfermedad más Peligrosa: Delirios Estrellatus,23457,Spanish
Ldt3QLqj0UI,Poland vs Mexico 0-1 - Highlights & Goals - 13 November 2017,186162,Spanish
pA7-syt_0dc,"Maru Dueñas y Claudio Reyes murieron, ¡todos venían cansados y el chofer se durmió!",10794,Spanish
U9LAm3on8KQ,Evangelio de Hoy Martes 14 Noviembre 2017 Somos unos pobres siervos,201828,Spanish
RojGF6fwE-U,"NO MMS VALERIA TE ESTAN COG13ND0, OK HASTA NUNCA!! El panda show 2017",8840,Spanish
QKcc9EGj7g8,MTV EMA 2017: Los más RIDÍCULOS!! // gwabir,68924,Spanish
aB_7Og-sYCw,Trenza francesa con ligas|Peinados fáciles y rápidos para niñas|LPH,7740,Spanish
xqJmV8QcW-g,El vuelo de la victoria capítulo final parte 2 HD,22333,Spanish
7zNsSDUAoTw,ARGENTINA PIERDE | AGÜERO HOSPITALIZADO | DOBLETE DE RAMOS Y LACAZETTE | HAT-TRICK DE ERIKSEN,127262,Spanish
3hy5shfK4Ac,Tonos Binaurales,9575,Spanish
aGY4nyjAdyM,BUENAS NOCHES 🌃 AMOR TENGO UN MENSAJE PARA TI 💌 TE AMO,10018,Spanish
-50iGYl_VD0,Outfit Luna | Soy Luna,46907,Spanish
Wmn7cYCeUGM,SISMO EN COLOMBIA 6.6 o 4.3 ? | Pepe En Vivo,7048,Spanish
KUdJjEkVHk8,SANTA MISA DE HOY MARTES 14 DE NOVIEMBRE DE 2017,10122,Spanish
YPeKjFV1-ac,Jorge Poza se reencuentra con Mayrín Villanueva | Cuéntamelo YA!,8572,Spanish
2wZmRK_bt7k,Anni y Jasmin 339 (Subtítutlos Español),19444,Spanish
dqMGDmIIusg,Caer en tentación: Mía descubre la verdad | Este miércoles #ConLasEstrellas,3147,Spanish
KJ_9T51VZb8,"Señora Acero 4 capítulo 7,Lunes 13 de Noviembre del 2017",29335,Spanish
oo40Wd_Z0wA,¿Cuidas o maltratas a tu niño interior? Con Mario Guerra | Martha Debayle,2294,Spanish
vcEjcgB9OCo,EL CHINITO DESCARADO!! Como el Galaxy S8 pero casi regalado,84581,Spanish
rKZEjgSC52M,BFGoodrich SCORE BAJA 1000,6118,Spanish
ApAAdA5pZzU,De paseo por Xochimilco :: Geraldine Bazán,10002,Spanish
76ZV5I0vqkE,ELECCIONES 2018 SIN FISCAL ELECTORAL,2897,Spanish
o6Qj8FgmgXU,Great solo performance by Taboo of Black Eyed Peas in Mexico City!,121927,Spanish
8YY36IUmQ8c,Repechaje: Italia empató 0-0 con Suecia y quedó fuera del mundial 2018 (Resumen),98339,Spanish
5AppiAWjR30,Mexico le Gana a Polonia / Italia Fuera del Mundial Suecia Si - La Ultima Palabra Radio,78682,Spanish
Z3lhrL3qo_o,Alexa Lozano abandona La Voz México,25065,Spanish
1g3u3AyEZ8o,Argentina 2-4 Nigeria Resumen Completo & Goles Amistoso 2017 HD,135094,Spanish
7X2HOaQSGac,Lab Rats VS Mega Med Parte 3 Audio Latino,9158,Spanish
irfxThagxy0,Oración para pedir a Dios por los Hogares,8376,Spanish
rKtWh732n1c,UN GRAN CAMBIO A LA MOTO!!! (fabricando base del ASIENTO) | JUCA,583714,Spanish
8vdmh6BUz7g,Royal Rumble YouTubero IV - Luisito Rey  ♛,431751,Spanish
fo9610Cj3k4,Caperucita Roja | Destripando la Historia | Canción Parodia,313372,Spanish
EBKz0E6i_vc,Monterrey vs America 0-0 PENALES (3-0) Resumen Copa Mx 2017 Semifinales,65603,Spanish
OzH56jsQ3p8,Sobrevolando una fabrica de Cemento (Mavic Pro) 4K,11336,Spanish
i8_GlmNP0h4,Peru vs Nueva Zelanda 2-0 Gol de Farfan - Repechaje Rusia 2018 - 15/Noviembre/2017,101695,Spanish
54Q6TpcPxj8,Programa Completo Enamorándonos EN VIVO 15/NOVIEMBRE/2017| EnamorándonosTV,77152,Spanish
dul_EuolX8w,Perú vs Nueva Zelanda 2-0 Resumen & Goles Repechaje Mundial 2018 (15-11-2017),123901,Spanish
vUKRhDKBV-s,HITLER EN 30 SEGUNDOS,299792,Spanish
MnF2ddTz95U,Pepe & Teo Opinan EEHHHHH PUT*!!!! y el Piojo Herrera | #MTVEMA2017 | Reputation Taylor Swift,26877,Spanish
hHGOdHbLlU0,COMIDA de GOMA vs REAL! COMER OJO...OH NO! RETO SandraCiresArt - Gummy Food Challenge,672175,Spanish
r18pMV8ElDs,Carmen Corrió a Brian porque este Flechado quiso A8redirlo,346806,Spanish
ozztqm3plJo,PARTE 2 DE MANUALIDADES SÚPER VIRALES DE SILICÓN CALIENTE,338039,Spanish
yCWqnxYEDmE,"NEYMAR revela ‘VERDAD’ a niños | VUELVE FALCAO |  DE ROSSI, un CABALLERO | SPOT del MADRID para XBOX",627877,Spanish
SB3PV7OIWiw,Australia vs Honduras 3-1│Resumen Completo HD│Honduras eliminada de Rusia 2018.,419566,Spanish
L7vMtX7No0g,Australia VS Honduras 3:1 All goals & Highlights 15/11/2017 HD,848267,Spanish
AKHdQVpRkCU,Exatlón México | Programa 23,68836,Spanish
Sqluv4O2uyo,Enamorandonos la ultima y nos vamos 15 de noviembre 2017,147788,Spanish
7GLskOxW4ns,"Beauty Creations Tease Me / Demo ,Look y Vale la pena ?! | Mytzi Cervantes",24798,Spanish
fZxv0m3QQrU,La Liga de la Justicia - Opinión/Review,75804,Spanish
pq4SNvzfI7I,DIBUJITOS DE OTOÑO♡ Dani Hoyos Art,49357,Spanish
JsHgnyS7Glk,VLOG 87: MORGAN TUVO A SUS BEBÉS,246467,Spanish
5n-t96K9GeA,"KUIJEZ, tu DOBLE en un UNIVERSO PARALELO - Draw My Life en Español",201857,Spanish
i0VF6Nl2qhM,Justice League,26661,Spanish
Y8-A5TpaI8w,Enamorandonos en vivo 14 de Noviembre 2017 HD,101720,Spanish
AeMPTuEGv1E,Esto es lo que Pasaba Después del FINAL de Monsters Inc. (OFICIAL),55647,Spanish
moR8vvRSLuI,Sin Senos Si Hay Paraiso 2 | Capitulo 78 - 4/5 COMPLETO HD,96672,Spanish
Tih7m8k0GC8,RICARDO ARJONA EXITOS SUS MEJORES BALADAS ROMANTICAS MIX - RICARDO ARJONA 30 CANCIONES INOLVIDABLES,14031,Spanish
uYfTV5ujZ2k,Sin Senos Si Hay Paraiso 2 | Capitulo 78 - 2/5 COMPLETO HD,183580,Spanish
8CAg0yvPDpI,Avance EXCLUSIVO Sin Senos Si Hay Paraiso 3|Capitulo 79|,92881,Spanish
aEQ81NxuSk0,Monterrey vs America 3-0 PENALES Resumen Goles Semifinal Copa MX 2017 HD,15507,Spanish
qYrQRjKtRYc,Agarrón Vanda y Luis Fer,9704,Spanish
pzECFazgfUo,TAG DEL NOVIO | BOYFRIEND TAG | PATRY JORDAN,80583,Spanish
m0YboXTRjkU,Transmisión en vivo del LXXIII Congreso y Campeonato Nacional Charro #Hidalgo2017,3979,Spanish
2ZakeOsieKw,Programa Completo 15 Noviembre 2017,18077,Spanish
qjXOFVlihj8,Sin Senos Si Hay Paraíso 2 | Capitulo 78 HD 2/5,12915,Spanish
TDcyviHSN1E,Así lucen hoy los actores de Malcolm. Ya no son famosos.,99428,Spanish
J24X3qxeFRQ,¡¡ALERTA!!,130412,Spanish
egdeKCqA0Ck,"ROCIO DURCAL,MARCO ANTONIO SOLÍS BALADAS INOLVIDABLES EN ESPAÑOL - Baladas del Ayer, Hoy, y Siempre",34245,Spanish
MCPZHTdfWJk,"La Liga de la Justicia, sueño o pesadilla hecha realidad?",95655,Spanish
6ns6QKvYB5A,🌸Maquillaje FACIL y SENCILLO en ROSA / ❄ Easy PROM Makeup in PINK makeup tutorial | auroramakeup,16949,Spanish
JuUba6Pphbc,MALDITO TEAM SIN NOMBRE,19992,Spanish
BrbqKWLSt10,Osito Navideño 🎄🎁 Uñas para Diciembre 2017,8819,Spanish
NzD354q8MeA,Fracasan EPN y gobernadores en seguridad; van 90 mil asesinatos: María Elena Marera,9745,Spanish
MA0g3Chb5Bo,Daniel El Travieso - Mami Confunde Nuestros Nombres.,295221,Spanish
9-R54dDfRcY,¡Llegaron los hijos de Larry! | Larrymanía | Universo,15192,Spanish
vDsDg7iuT-A,Así inició #AristeguiEnVivo este 15 de noviembre de 2017,52086,Spanish
VxGjjWNcPWE,Señora Acero 4 - Capitulo 8 Parte 2/5,25474,Spanish
KoKnNggaTZY,Ya son Tigres y Monterrey los Nuevos Grandes ? Reflexion Boseriana,44982,Spanish
1kv7f9eZXBA,Somos Perú y estamos de vuelta - La Blanquirroja,61431,Spanish
fP3xTYGHZJA,Railrod- The Opening Act of Aerosmith,3786,Spanish
T9Evjw09woU,"RANCHERAS MIX SOLO PARA MUJERES-Ana Gabriel,Adriana,Chelo,Jenni Rivera,Rocico Durcal,Chayito Valdes",32099,Spanish
Nw9wMgE7s3U,Estos son todos los 32 clasificados a la Copa Mundial Rusia 2018,82769,Spanish
hW0iRpvZ88E,Dip De Requeson /BOTANA,20838,Spanish
7KBf_SPeHl0,Twice - Laiki (Teaser 1: Jihyo),7726,Spanish
Uy2YKotRThk,Roger Gonzalez Show - PROGRAMA 3,7316,Spanish
wgZv-ELzgn8,Patricia abre su corazon | Rica Famosa Latina 5 Ep.34,8459,Spanish
qMRIOecBxpE,Ana Morquecho EMPUJA a Serrat l Enamorándonos,24089,Spanish
WyWdQfJ6uSo,Carta no entregada de Mayra Rojas a alguien a quien extraña | Sale el Sol,4518,Spanish
_uYTvUAnLWM,Así pidió Sergio Ramos a Iniesta tirar el penalti ante Rusia: “Es el cumple de mi hijo”,125042,Spanish
hz7335YtmFU,Los AÑOS PERDIDOS De Pedro Infante (Antonio Pedro) | VIDEO INÉDITO,9220,Spanish
g0dWLIbG1_g,Caer en Tentacion Capitulo 38 parte 3,33731,Spanish
xM8YD9ZJvKs,SME Informe reunión SAE 15nov17,4291,Spanish
BBMERzpEe-k,"TRENDING 15 NOVIEMBRE - ¿PERÚ IRÁ AL MUNDIAL?, PEÑA CONFUNDE URUGUAY, PAUTIPS ESTRENA CANAL Y MÁS.",58761,Spanish
rHkXhlBzRr4,INCREÍBLE! América Pierde En Penales Por Culpa Del Pasto? Monterrey vs América 2017 0-0 Pens(3-0),32460,Spanish
5B7bCn6EZqU,GOL DE CHRISTIAN RAMOS - Peru 2 x 0 Nova Zelandia - Eliminatórias da Copa (16/11/2017),34286,Spanish
oQALGtoqI2c,MEXICANOS AL GRITO DE CHUCKY - DEPORTOLOGÍA,52519,Spanish
Vre0wdYG2Is,Mitsubishi Montero Sport - Uno de los autos más raros que he manejado - Primer Vistazo,60499,Spanish
9sJtfCOjBwg,"Star Wars: Los últimos Jedi, de Lucasfilm - Nuevo tráiler",38744,Spanish
s2y3z7IsCqY,Australia vs Honduras 3-1 - Highlights & Goals Resumen Goles - Word Cup Play OFF ( 15/11/2017),333014,Spanish
Jkcun4KNiRk,¿QUE INTEGRANTE DE BTS IMPACTO Y ENAMORÓ A NO FANS DE EU? | EL MEJOR Y EL PEOR VESTIDO DE BTS,44549,Spanish
7a1lcw9O5gQ,"Y tú, ¿adivinarías con una sola mano en el Sin Palabras? | Venga la Alegría",64589,Spanish
4rLHNsOXVDo,HOY | Emotivo último adiós a Maru Dueñas y Claudio Reyes,26048,Spanish
GegDJ0zYeWg,Lamborghini dona un auto deportivo al Papa Francisco,13880,Spanish
oa-WPEBVBz4,El Show De La Mole.- PROGRAMA 2,41071,Spanish
OGdLNNp0e3E,Programa 15 de noviembre 2017 | Ventaneando,27890,Spanish
mGQ4C_UfyDM,Maria Rubio ROMPE EN LLANTO al enterarse de la MU3RT3 de su hijo Claudio Reyes,51229,Spanish
jpyMlH6Izvc,Resumen capítulos 37-39 | Caer en tentación | Televisa,8962,Spanish
Ru0Ws2_y3Bs,"3 Familias, avance del capítulo 19 | TV Azteca",3512,Spanish
zZiIUMy-ERc,Sin tu MIRADA avance del 16 de noviembre,11359,Spanish
XgwjVGadwns,"Bachata Romantica 2017 - Romeo Santos, Prince Royce, Shakira - Bachata Lo Mas Romantico",48394,Spanish
0apRfQ2mjkQ,¿Quienes Son Las Voces Detras De Los Personajes De Coco De Disney Y Pixar? (Doblaje Latino),7799,Spanish
f-_mmbKY910,Estos 3 productos van a transformar el iPhone X,231617,Spanish
_WBOghYG8wo,Making Of: Representante Escolar,254048,Spanish
CPjMb4zfByw,[PREVIA] PERU vs NUEVA ZELANDA | CLASIFICATORIAS RUSIA 2018,107867,Spanish
tBhy1C2JtvU,NOTICIAS DE LAS 7 pm ALERTA FRÍO REPENTINO EN MÉXICO | Pepe En Vivo,9027,Spanish
r95_QLPoCY4,LerayYarel The Regreso - Mis Episodios todos en un solo video,1108,Spanish
n7PCZ8oVCz4,Ya empezó la construccion del nuevo hogar para Julio y familia. Tu donativo en accion. Parte 2,58073,Spanish
pCff9BD8YuY,REGAÑAN A JOEL POR ALZAR DULCES 😭😱,10035,Spanish
1Zj2HUTY-aY,Primer Informe de Gobierno,2207,Spanish
GU3NHhkgfpc,NARRACION DE  Honduras VS Australia RESÚMEN Y GOLES   Repechaje Rusia 2018,14576,Spanish
3RhwURUXFq8,QUÉ PASA CON LAS ABEJAS l Mini documental,50247,Spanish
KoE5lHfLwos,Mhonividente en Buenos dias Familia 11/15/2017 Significado de Sueños,11106,Spanish
1wenw53Dkro,PARA TI 🎁... TE AMO mi amor Eres mi todo,38376,Spanish
bP_PugqKiKo,Caer en Tentación avance 16 de Noviembre,3877,Spanish
RW88KOezzkc,De música ligera COLDPLAY La Plata 2017 VIVO,106722,Spanish
P3nYOK_vM9U,SE ACABO LA NOVELA!! HIRVING LOZANO YA TIENE NUEVO EQUIPO Y LLEGA EN ESTA FECHA COMO REFUERZO,70770,Spanish
To2GTNVohEs,"¡Hasta Aquí!  #FobaproaVive ¿Deudas? Naces, creces, te reproduces.",7239,Spanish
3MXsBF3rbhU,AMERICA SIN PRETEXTOS POR LAS BAJAS!! - America Es El Papa De Chivas! - MONTERREY ES FAVORITO!,3288,Spanish
jSdreTP7z24,Reaparece Angélica Rivera con Varios Kilos Menos,4764,Spanish
NQRigANzrVI,Cómo tener una Relación de Pareja Sana y Feliz | 9 Consejos Prácticos,8668,Spanish
E0r9H-uiIbs,Dante Gebel #529 | Días de transición,42458,Spanish
ZJQJWumrsAA,Superman | Te Lo Resumo Así Nomás#138,101434,Spanish
6MIf8Z1QGNM,ASÍ DUERMEN A LOS NIÑOS EN EL CEDI KYNGO,3632,Spanish
UfvqYdDGKak,GUERRA DE SHOTS CON @MYMALK4PON3,18643,Spanish
chR7iFOdV00,"CRISTIANO ROMPE SU SILENCIO| CLAUSULA SECRETA DE NEYMAR| BALE,ALEXIS (CRACKS QUE NO IRÁN AL MUNDIAL)",147195,Spanish
4ElbjzSg4KY,Amor Verdadero Y Cómo Encontrarlo | 3 Pasos SECRETOS Para Conocer y Atraer a un Buen Hombre,30831,Spanish
PFJfyci60kI,"Estrenos Reggaeton 2017 *OTOÑO* Wisin, Yandel, Bad Bunny, Daddy Yankee, Maluma,Ozuna",39508,Spanish
h4c3gmVxy6s,Famosos que se Casaron en Secreto,11755,Spanish
ZEYMIMgPCQY,7 Decisiones Inevitables que Debes Tomar para Cambiar Tu Futuro Financiero - Robert Kiyosaki,12854,Spanish
iYrsah3teSY,3 COSAS CASERAS para Fabricar en CASA,85789,Spanish
lNPeuNMgBZM,[Sub español] 171115 BTS en exclusiva con Daily Denny (Entertainment Tonight),44266,Spanish
lVJ5Bm2uQxA,EL SECRETO MAS GRANDE DE TODOS LOS TIEMPOS - No hay casualidades,15091,Spanish
VwZuo1EBdxw,KSTLCN - Gignak,4342,Spanish
ZJHodorwPUs,Loading dance,4978,Spanish
wxrkhPhRa4A,MC DAVO DE PAQUETERO 2017 | MUESTRA GRAN HUMILDAD,1276,Spanish
U_3Op0bQtZk,Feliz y Bendecido MIÉRCOLES 🎁 ABRELO TIENE UN HERMOSO MENSAJE PARA TI 💌,32039,Spanish
wAXAixs2teA,PERU VS N. ZELANDA 2-0 REPECHAJE AL MUNDIAL DE RUSIA 2018 EMOTIVA  NARRACION DANIEL PEREDO,41899,Spanish
1dSHVh3FYfg,"Video chat No.22: CFDI de nómina, actualización a la guía",2752,Spanish
9ln8DAn28Bg,"¡LUIS MIGUEL, YURI  Y PAULINA RUBIO HACEN GROSERIA A ALEKS SYNTEK!",8372,Spanish
tTtuVmLbzjE,RAPHAEL LO MEJOR DE LO MEJOR (GRANDES ÉXITOS),25711,Spanish
byyrD0yjKb8,RDC - Callo de Hacha confiesa y se entrega a las autoridades - @callodehacha,2446,Spanish
G-pSkCXbBWY,Peru clasifico al Mundial Rusia 2018 | Ultimo minuto y festejos | HD,26306,Spanish
H-FiZfmqfes,Rossy Moreno: Los medios de comunicación le hacen pura publicidad a Dulce Sexy,1851,Spanish
68MEzM3TbuA,"MARCO ANTONIO SOLÍS, JUAN GABRIEL SUS MEJORES ÉXITOS - GABRIEL, SOLÍS 30 GRANDES ÉXITOS ENGANCHADOS",6078,Spanish
nGrmXOg0Lek,Samsung Galaxy A5 2018 ¡REVOLUCIÓN EN GAMA MEDIA!,118912,Spanish
baIWnZdDtUM,ENAMORANDONOS  15 DE NOVIEMBRE 2017 |  enamorandonos capitulo completo 15/11/2017,5654,Spanish
aVnoTmZiq0o,Delicioso Pan de Ajo,9615,Spanish
NTYG3ozrG2Q,5 Momentos Captados cuando graban Gigantes !,14856,Spanish
B1tQ389S0wI,(Weekly Idol EP.327) K-POP Girl Group Standard Version [걸그룹 댄스의 모범답안],255217,Spanish
kcTlLlhc9_I,The Flash: Flash y Ralph Vs. Bisonte Blanco (Sub Español),4251,Spanish
PS5XJ19ME-s,Papá a toda madre: Verdades ocultas | Este jueves #ConLasEstrellas,4000,Spanish
Sm9EB4lDQA4,¿En que consiste la alianza que ofrece Rusia a México? Acá te lo explico,9025,Spanish
nvHFFbCHMLU,Le pedí a Dios y el me dio el mayor Regalo...,8420,Spanish
tTpGUkNYyZ0,Equipo de Jorge Aravena renuncia a Gira la adrilla | Hoy,5360,Spanish
KZpB9fWXDvQ,EEG Competencia de Verdad - 14/11/2017 - 2/5,7181,Spanish
I8WFHK3jHyc,Festejos Emocionantes de Jugadores y Aficionados!! Perú al Mundial de Rusia 2018 (15/11/2017),31296,Spanish
OC4GTCT2kDo,Donde el corazón te lleve  Drama Alemania 2006,24578,Spanish
JKsKsVx9IFQ,Yamileth le jaló el pelo a la cita de Oskarín | Enamorándonos,460881,Spanish
4HcZ3mBPmOQ,"Escuchó raros gemidos debajo de este bote, al levantarla se llevó una gran sorpresa",30553,Spanish
N8yGEfUaX10,CUIDADO !!! CON ESTE NUEVO EVANGELIO - RAFAEL RAMIREZ,10077,Spanish
AtJtyj7_BxU,"Viejitas pero bonitas gruperas mix Los Acosta,Los Bukis,grupo Bryndis,Los Caminantes,Los Temerarios",10393,Spanish
b2s2vegP1Eo,Policía de Tlaquepaque abate a hombre tras lesionar a su compañero,3832,Spanish
6dUMVRRnwe4,Cómo conocí a Pitbul Mexicano: Claudio Yarto #Anecdotario,34508,Spanish
lnugLV6TSBM,Niño de 10 años burla el Face ID del iPhone X de su mamá | El recuento,86810,Spanish
cFyzucqhWgQ,Futbol Picante 14 Noviembre 2017  En Vivo Duilio Davino sobre clásico regio,24750,Spanish
LL8rruyTyCw,"La manera mas facil de hacer PAVO DE ACCION DE GRACIAS con su SALSA GRAVY, Dia del pavo #477",7722,Spanish
y1YVencIN3o,La Mano Peluda (Especial de 6 Relatos) - Juan Ramón Sáenz (216),1751,Spanish
Gs-FV8GhBQU,¿Qué hará el papa Francisco con el lujoso Lamborghini que le regalaron?,13036,Spanish
lYWnBUiNHak,The Walking Dead Temporada 8 Episódios 4 Completa /dublado PT,38527,Spanish
Y9QsjZYRdes,Pepinos con Aguacate y Camarón,2132,Spanish
llU3o-ElhPE,El que se cree señor de los cielos | Sarco Entertainment,1373,Spanish
gy82G0titRA,Llevense a Osorio La Ultima Palabra Mexico vs Colombianos 2Round,65932,Spanish
5pFI3-Ut6t0,Seis bombarderos rusos atacan al Estado Islámico en Siria,20394,Spanish
MsRWkjuhblg,La Rosa de Guadalupe El amor es felicidad,306713,Spanish
WjI8jMjUnTM,SIN SENOS SI HAY PARAISO 2 - AVANCE CAPÍTULO 78| EL TITÍ ELIMINÓ A ¿MARIANA? O A ¿DAYANA?,76035,Spanish
yBJ8uFP0h9I,El nacimiento de una belleza Cap 6 Sub Esp,6639,Spanish
tv4AWootLQw,australia vs honduras 3-1 goles y resumen repechaje 2017 15/11/17,92843,Spanish
gH777GgPKFY,Macrolibramiento de Guadalajara,3710,Spanish
lAC_TrzR3EE,Holiday State - We Smile (Cherry Beach Remix),26187,Spanish
wl1Jl_So7Ns,ORACIÓN DE MISERICORDIA A LOS CORAZONES DE JESÚS Y MARÍA PARA LOGRAR UN MILAGRO EN NUESTRA VIDA,4457,Spanish
supiogUqVpY,LOS ARETES ! Historia De Terror,326611,Spanish
L-kalEFn8Ms,DRAW MY LIFE | 8cho,1168527,Spanish
1S4sO3BOfWY,Barbacoa de Horno? Birria? | La Capital,96501,Spanish
uexYI3kVUrE,HOTEL TRANSYLVANIA 3 Trailer Español (2018),158121,Spanish
veKCW6QPLUU,Give Away - Te Regalo un Iphone 10 ♛,213360,Spanish
n1E5YukqRQ8,Enamorandonos la ultima y nos vamos 16 de noviembre 2017,154029,Spanish
M9tvMPF07wQ,Bruno Tiene Cita con Venezolana y Magaly no le Gustó,262030,Spanish
h_aS4lFpG08,¡RETO DE LOS CHALLENGES!  COMIDA REAL vs COMIDA DE GOMINOLA,591421,Spanish
2lMIS32YepU,ZLATAN ASOMBRA | AUBAMEYANG castigado | “Es la PEOR LESIÓN que vi” | CR7: “SUEÑO con ganar el 5º”,805189,Spanish
EFoTzUEG_V4,Programa completo del 16 de noviembre de 2017 | Enamorándonos,362510,Spanish
IPOAJA4begI,EL VIDEO MÁS SATISFACTORIO DEL MUNDO 🤤 *TE RETO A VERLO COMPLETO* | Mariale,664717,Spanish
67JcaXD1h5w,PASTEL DE PAPAS FRITAS | MIS PASTELITOS,307347,Spanish
J6ppQs_A-nI,Sin Senos Si Hay Paraiso 2 | Capitulo 79 - 2/5 COMPLETO HD,259402,Spanish
PwervJzDYYI,No me digas.- Episodio 9 - Familiares Incómodos !,86956,Spanish
4Srf4QCobpI,Maluma - Latin Grammy [HD],47753,Spanish
syJ2i4Uz42o,Programa completo del 16 de noviembre de 2017 | Exatlón,41539,Spanish
CkM_ATMt32M,MATÍAS acepta: CHIVAS busca a CORONA | ¿CR7 y VELA JUNTOS? | MÉXICO conoce al primer RIVAL para 2018,96926,Spanish
hM23vXlT_VY,UÑAS DE POLYGEL USANDO MOLDE (DUAL SYSTEM FORM),8201,Spanish
Z1erSu_ikO0,Pablo Alborán - Tu refugio (Audio Oficial),60011,Spanish
8obOOQG_kQA,Latin Grammy - Revive la Alfombra Roja,56202,Spanish
HiNOTFt2POI,La Wanders Lover d3lata fraUde *le dicen que decir para su portal* | Enamorandonos,16839,Spanish
nTME7i01lb4,Yamileth Todavia Siente algo por Oscarin  Enamorandonos 16 Noviembre,46537,Spanish
Pfu8ayVMEjE,Sin Senos si Hay paraiso 3 Capitulo 79|4/5|Completo HD,97916,Spanish
9TqIrdDPqSs,"Estoy en DIRECTO en YouNow November 16, 2017",77355,Spanish
43i6ULPnh9M,Peru vs Nueva Zelanda 2-0 Gol de Ramos - Repechaje Rusia 2018 - 15/Noviembre/2017,79649,Spanish
K5HhHzec4cg,Los Niños Grandes No Juegan Tour // CDMX - Cuautitlan // Gera MXM,22931,Spanish
sdmDHOiYEgA,E40. Te voy a encontrar Alan en Muy Padres,31514,Spanish
Hxi3b7KnO5Q,OSKARIN BATEO ZANDY Y YAMILET SE BURLA Y LA CORREN,259488,Spanish
xPbC25UNi68,Cómo hacer PURE DE PAPA Estilo KFC Vicky Receta Facil,33042,Spanish
iJAa3MbK1Eo,[Sub español] 171115 Q&A con Daily Denny (Entertainment Tonight),15625,Spanish
1sHrQoyTYi4,Cezür,22273,Spanish
HU_hbX0hD2s,5 Famosos que manejan carros que valen millones,172896,Spanish
fQ4-aUIbff8,HAZ SLIME COMESTIBLE ❤️ 5 IDEAS - Tutoriales Belen,88403,Spanish
1NhedxVMVms,"El Alfa, Farruko, Bryant Myers, De La Ghetto, Zion, Noriel, Villano Sam - Banda de Camión (Remix)",686838,Spanish
QiTKwMIQt30,Programa Completo 16 Noviembre 2017,19890,Spanish
GADyZGqelyY,"La Arrolladora da golpe bajo a Jorge Medina, Concursante de Enamorándonos llegó a pesar 100 kilos",9670,Spanish
Tn4HjEJ4ZCs,Natalia Lafourcade en los Latin Grammy 2017,7596,Spanish
sX123gohl9E,Sin Senos Si Hay Paraíso 2 | Capitulo 79 HD 3/5,7299,Spanish
IoARH8nJluc,Mon laferte En vivo Latin Grammy 2017 Amarrame,12853,Spanish
IBA4T0kMEV8,"ROCIO DURCAL,MARCO ANTONIO SOLÍS BALADAS INOLVIDABLES EN ESPAÑOL - Baladas del Ayer, Hoy, y Siempre",53477,Spanish
hAEsTQk5_3Y,AVANCE EXCLUSIVO Sin Senos Si Hay Paraíso 3 Capitulo 80 Completo HD,43604,Spanish
GkskGWrIq0g,PEPE AGUILAR - EL VLOG 093 - TLAQUEPAQUE,12935,Spanish
beK18BLR8bY,Alexa Lozano habla sobre el Fraude de La Voz México,20012,Spanish
YOyubtH2jOs,Señora Acero 4 - Capitulo 9 Parte 3/5,14843,Spanish
i8FmC23jS_k,TRUCOS Y PEINADOS que triunfan en internet,65212,Spanish
lJO9sDSJ5Bg,Twice - Laiki (Teaser 4: Mina),8808,Spanish
gui0XPvlvRE,TEN CUIDADO SI TIENES UN ESPEJO EN TU HABITACIÓN PUEDE PASAR ESTO @OxlackCastro,51028,Spanish
5m4UlI97dNE,¿Qué pasaría si LOS NAZIS HUBIERAN GANADO LA GUERRA? - Draw My Life,386426,Spanish
e3yJPSWxk5E,REPITE ESTE VERSÍCULO EN TODO MOMENTO Y TE SORPRENDERÁS / ¡TODO LO PUEDO EN CRISTO QUE ME FORTALECE!,12696,Spanish
VAXurTKlZlo,Lesslie Regaña A Kler,3773,Spanish
0el0qa5Gz1w,Así le llaman la atención Kler porque mordió un peluche de Lesslie Polinesia,2971,Spanish
RX2EyrCi6Yo,No Se Olvidar - Jovanny Cadena y Su Estilo Privado (Official 2017),13051,Spanish
5-W66g0LBvc,Programa 16 de noviembre 2017 | Ventaneando,31754,Spanish
uSc1O3SduqY,Liga de la Justicia - Opinión SIN Spoilers,43594,Spanish
3L27ILCI1DA,Papá a toda madre capítulo 19 última parte,47155,Spanish
oZWfGX_xKcg,"3 Familias, avance del capítulo 20 | TV Azteca",2844,Spanish
1P5R2En8PvQ,17 Cosas asombrosos que no sabías sobre el cuerpo humano,47040,Spanish
euDb2CxSHPU,Como preparar una cena especial  para tu pareja,13392,Spanish
vVioMPhM3NE,¡Inicia la rivalidad en MasterChef 2017!,33908,Spanish
d6qcFVRCiqE,Discriminacion experimento social // Perros guia,5477,Spanish
vdXex2xZgNQ,PIDE UN DESEO y Manifiéstalo con el Poder de tu Subconsciente,5285,Spanish
VhDAf_cjT3I,Señora acero 4 capítulo 10 avance exclusivo,10246,Spanish
DOscaqaujV8,Sueño Gamer I Trailer I,43564,Spanish
RCWFVTzPA8k,SELENA GOMEZ y V de BTS!|QUÉ LE PASÓ A LOS CHICOS DE GOT7?|MALAS Y BUENAS PARA EXO|SEVENTEEN DOMINA!,148959,Spanish
LTzx6feeX9w,Peru vs Nueva Zelanda 2-0 EMOCIONANTE NARRACIÓN CHILENA GOLES REPECHAJE RUSIA 2018 15/11/2017,985377,Spanish
5tHyEZvqbpE,Anni (y Rose) & Jasmin 343,22327,Spanish
VYxWvXCfG_o,PARA Ti🎁... QUE TENGAS UN FELIZ DIA...ABRELO,34147,Spanish
QQ3_BFqTrLc,"El Buen Fin - Lo bueno, lo malo y lo feo con @Dany_kino",21164,Spanish
ZymQQdpo3do,"CHARLES ANS & GERA MXM – CAFÉ (PROD. ISAAC H, ODIN PARADA & DJ ZERO)",55014,Spanish
D-dwmYeLLng,Lindsey Stirling - Christmas C'mon feat. Becky G,380767,Spanish
e7n1wiuVlD0,Volvamos Hablar - Bryant Myers | Video Oficial,339414,Spanish
FpPJ77Gj4QY,Mi Estilo Tu Estilo Latinoamerica VALENTINA y CAROLINA,13221,Spanish
wLL1VEuwmw8,Teletransporte y el Efecto Túnel,120351,Spanish
uDocKL4WRQE,"América ELIMINADO, Monterrey a la FINAL Copa MX | Futbol Picante 15 Noviembre 2017",136231,Spanish
ub17n7FvyLQ,EL DESPERTAR DEL ULTRA INSTINTO DE VEGETA | MIGGATE NO GOKUI VEGETA | SINOPSIS OFICIAL 117 | ANZU361,213213,Spanish
tJsiLM88ZWs,Transmisión en vivo desde España,19758,Spanish
Dp6PVAeUEh4,HISTORIAS DE TERROR CORTAS II (RECOPILACION DE RELATOS),8917,Spanish
15pHWNYed4c,EL COYOTE NO QUISO GRABAR A PEPE GARZA - Pepe's Office,70006,Spanish
IBLVSxcWqNI,CONTÉSTAME (PARODIA CAMILA CABELLO - HAVANA FT. YOUNG THUG),27409,Spanish
UcrQNsHjFJY,Marina y Alberto se hacen amigos | Sin tu mirada - Televisa,69800,Spanish
Pz27VpzJTLg,Peru vs Nueva Zelanda 2-0 RESUMEN COMPLETO Y GOLES Repechaje Mundial 2018 | 15-11-2017,182586,Spanish
aKopiJ5-RZY,CRISTIANO MOLESTO CON RAMOS | NO SOMOS NADA SIN MESSI | INGLATERRA PIDE PERDON A PAULINHO,220498,Spanish
GsZ7-5oWg4s,SIN SENOS SI HAY PARAISO 2 - AVANCE CAPÍTULO 79| LA DIABLA SE ENTERA QUE TIENE UNA ENFERMEDAD,107968,Spanish
b8DBtOfixgI,¿CANCELAN ENTREVISTA DE BTS? | BTS ESTA POR ENFRENTAR CRITICAS Y A LOS ANTIS | MALA Y BUENA NOTICIA,37926,Spanish
cVTIB-qedDA,¡Gira de Frank en México en Noviembre!,4519,Spanish
j0SPBv_3NdE,Sin Senos Si Hay Paraiso 2 Capitulo 79 Parte 3/4 HD,57378,Spanish
FMGMH3HnVu0,"¿Pánico escénico? ¿Mi primer autógrafo? 20 preguntas, anéctodas y datos curiosos",11594,Spanish
sGI8qPK7mBg,Evangelio del Dia- Jueves 16 Noviembre 2017- El Reino De Dios- Sangre y Agua,122006,Spanish
ZwglRbc6rkI,lo dice un agricultor mas claro que el agua,9359,Spanish
FuWwwKT8PF4,SISMO EN OAXACA DE 5.1 Y EN JAPÓN DE 5.8 | Pepe En Vivo,9365,Spanish
quX6kr0InYQ,"ME QUEDE EN SHOCK PENSE QUE ERA BROMA, ESTAS MAL! El panda show 2017",8436,Spanish
XLR81PJ9FWI,20 CURIOSIDADES de SADIE SINK (STRANGER THINGS) SPOILERS,15387,Spanish
32ybRpQUl5w,¡¿Qué?! ¿Todos los turnos son ruleta en el Sin Palabras? | Venga la Alegría,58955,Spanish
0fJYGIUhwkM,Adiós Bulma - La VERDAD de la muerte de Bulma y el fin de su personaje en Dragon Ball Super,45195,Spanish
W6PCTYvFfXE,"Los Flores Magón en la Revolución Mexicana querían cambiar el Modelo Económico, No reformarlo .",2602,Spanish
7tMQj8r5dtY,"🔥 RUSIA RESCATA A VENEZUELA, ESTADOS UNIDOS SE PONE NERVIOSO 🔴| Noticias al Momento",6436,Spanish
MQCqMWEqJb4,Bebida Navideña  de frutas,26742,Spanish
EqEmrrbOKgk,GRAN COPA GALLERO EXPRESS DICIEMBRE 2017,5109,Spanish
khdXA2WacpE,conjunto primavera   puras romanticas,8863,Spanish
2TREHAq7QAk,Algo Increíble Ocurre en el Planeta Ross 128b,71015,Spanish
YNIxoOxPGWA,SHARIF - LA TRAICION feat. BOMBONY MONTANA (PROD. ACCION SANCHEZ),86444,Spanish
0ZyXb7VqXjg,REMATES 99% IMPOSIBLES ¡RETO FÚTBOL! PYR CHALLENGE,287015,Spanish
1hOzMtzFwg0,Mon Laferte - La Trenza (En Vivo),83616,Spanish
hKNNCofEehE,Marco pierde el corazón de Star *Sebastián Deráin*,30532,Spanish
KoCCiKcNSl8,Pay de limón sin horno,3888,Spanish
KnpmZkWmZfc,Spanish time with bts,73049,Spanish
Vc5yRwRjq9o,ENSALADA FRIA PASTA Y MANZANA NAVIDEÑA DELICIOSA| ROSVI HERNANDEZ,4383,Spanish
lBI5-SXIut0,El Caminante y el Labrador - Reflexión,5047,Spanish
kJqZ6cGZWRE,Peru 2 x 0 Nova Zelândia - PERU SE CLASSIFICA - Melhores Momentos - Eliminatórias da Copa,101838,Spanish
qilpG6wySdI,FILETES DE PESCADO A LOS TRES CHILES,5781,Spanish
b3g-d4vDfRk,ATENCION!! LLEGAN A LA LIGA MX ESTOS DIRECTORES TECNICOS PARA MONTERREY CHIVAS O CHIVAS,5171,Spanish
oIS1_zHeqp4,Cortar Tablas de un enorme Árbol!!,7463,Spanish
0z9_SB6NT8Y,Monterrey vs America 0-0 (3-0) Resumen y Goles SEMIFINAL COPA MX 2017 HD,214229,Spanish
Ev43_5xTXAk,Programa completo 16 de noviembre 2017 | De Primera Mano,5478,Spanish
WSggcKscf5g,Alan Saldaña / El Maestro De Los Pobres,19114,Spanish
7eUNPdrbYbY,ALEBRIJES VS ZACATEPEC Y MINEROS VS TAMPICO MADERO EN VIVO EN MI OTRO CANAL - LINK EN LA DESCRICION,1824,Spanish
zzUYpmEyuMI,Mane se le va a la yugular a Jawy en su nueva cancion!,10264,Spanish
24PSvTn3hqU,3 TONTERÍAS QUE MUCHA GENTE NO SABE HACER - Life Hacks #04,349461,Spanish
ZKIAw0kxIcg,Decorando mi árbol de Navidad,24343,Spanish
yHGSR2OTnPU,Dragon Ball Super Capítulo 117 : Vegeta Ultra Instinto l goku vs kafla,37049,Spanish
YWnEddq90Xk,Huérfanas - Capítulo 36 - Kader intenta terminar con su vida,15772,Spanish
rVEHCs9jwyI,RETO/CHALLENGE: PANCAKES CON MIS HIJOS,15413,Spanish
wj2YwjnhyWE,Can Hermano de Emir conoce a Feriha,3053,Spanish
M0q0JgQo6IA,ALMEYDA CONFIRMA PRIMER REFUERZO EN CHIVAS 2018 CHIVAS CLAUSURA 2018 LIGA MX,45092,Spanish
9Ms_hGvFfJg,Los goles de la semana (16 nov 17),11365,Spanish
KesQmDU-hXc,El Elixir de la Eterna Juventud ha sido descubierto,132653,Spanish
XgGkM3igrtk,Enamorandonos nos la vuelve a aplicar NO ESTA ESPERANDO RETOÑO,26638,Spanish
iCj34Kn0p3s,6 Ideas de Reciclaje para Navidad,15946,Spanish
KrQckuhoe4E,3 poderosos sacramentales para tener en casa,10485,Spanish
RTSqlAIX0to,Así celebró la hinchada de Perú en las tribunas por el pase a Rusia 2018,166525,Spanish
Jn7tf1eKaFg,Isabel Lascurain En La Luna Con Jesús Guzmán,1904,Spanish
GzbhbNkTIDo,Como acelerar el metabolismo para adelgazar mas rápido / Suplementos / Hipotiroidismo,4690,Spanish
Ee2bJwgDV1g,PIDE DESDE TU CORAZON TU DESEO MAS ANHELADO Y SE TE CONSEDERA,8078,Spanish
7IZlPSI5Vrg,Buen Fin/Black Friday - ¡Cuidado! Checa estos 5 puntos - Dr. César Lozano,4316,Spanish
xhLReQ_vUb4,Carreras de carro de alta velocidad. Nos encontramos un suscriptor. Cumpleaños de Abby. Parte 6/6,29393,Spanish
FbKucqSr55I,Lomo Cerdo en Salsa de Mostaza,1903,Spanish
j5cMeBlrj6Y,Lunes GRAN FINAL!!,2546,Spanish
hORij5-p9Y8,CÓMO DECORAR TU ÁRBOL DE NAVIDAD PEQUEÑO! FEMENINO Y SÚPER FÁCIL!,5412,Spanish
OLNn1OuZr6Q,Evangelio de Hoy Jueves 16 Noviembre 2017 El reino de Dios no vendrá espectacularmente,195698,Spanish
osqqrV3bY-0,"Impulso vs Tiger, en Lucha Memes",1531,Spanish
sFcbhEh5ujA,Rishard Matthews Goes 75 Yards on Spectacular TD Catch! | Can't-Miss Play | NFL Wk 11 Highlights,28848,Spanish
sQB2NjhJHvY,iPad Pro — What’s a computer — Apple,197491,Spanish
kMqjpmZe7pI,EL MEJOR MOMENTO DEL CÓMIC (que vendrá en la temporada 9) - The Walking Dead,32787,Spanish
02y2zz0jYG8,[CREEPYPASTA] SI LAS RIVALES FUERAN YANDERES | KIZANA SUNOBU | YANDERE SIMULATOR,13129,Spanish
8By7qogzE3g,Un Hermoso Mensaje de la Noche para Dormir Tranquilos 🙏 Oración de la Noche,9738,Spanish
g-2vfzNECVI,"Deadpool BobRoss?, Starwars FanEvent,Gotham, TomCruiseconTarantino?,The Greatest Showman #ComboNews",32964,Spanish
msvVibUovfU,LIVIA BRITO - ¿CÓMO ES TRABAJAR EN TELEVISA?,3115,Spanish
P7MJnELbCIk,Señora Acero 4 | Capítulo 08 | Telemundo,96685,Spanish
j1zt-EZzSMc,OnePlus se burla del iPhone X en presentación del OnePlus 5T,60633,Spanish
lLjifWlf4wc,¿DIOS o ÍDOLO FALSO? Review celestial del Google Pixel 2 XL,70189,Spanish
bgSpCJCxUg0,Revela ex timbiriche fraudes y mentiras en La Voz México,4619,Spanish
QHPJRAyynFY,"Ricardo Arjona, Marc Anthony, Franco De Vita, Luis Miguel EXITOS Sus Mejores Canciones",11251,Spanish
y-XXscu_q_k,"DIBUJANDO A MIGUEL, DANTE Y HECTOR / 11 CURIOSIDADES DE COCO | Juan Da Corte",10064,Spanish
1st_Bgvw7OQ,"Pantera Negra, de Marvel Studios – Nuevo Tráiler",74283,Spanish
JUi77D5wkJk,"Julio Astillero. AMLO, un priista rojo: Javier Sicilia.",25488,Spanish
eUbgosTE2Is,ENSALADA de CAMARÓN FRUTAL,2726,Spanish
uXT3f5nsJQA,Alberto del Río El Patrón y Súper Escorpión El di0s Al Volante,584922,Spanish
nLyCJQJ0Nds,Gucci Gang - Spanish Remix | HotSpanish,1364035,Spanish
cf_NolK_bns,DIMITRI EL VENADO ES ROSTIZADO #ENAMORANDONOS - KINGS DEL WEPA,112987,Spanish
1DXVXF3PZ8Y,LAMPARAS DE NUBES NEÓN | KAREN POLINESIA MUSAS LOS POLINESIOS,790983,Spanish
IIurzx12GeA,Serrat se pone loca y tumba al piso a juan carlos por un beso termina mal!!,110967,Spanish
qW1Q8IaaRto,HAZ CHICLE EN POLVO y Mastica La Magia!,454887,Spanish
8Eokgoc91iY,Encuentro TRES TELÉFONOS y algo MISTERIOSO buscando TESOROS en el río (2/2) - Detección Metálica 125,203204,Spanish
VBiz1MDcdAI,"JBalvin, Steve Aoki, Bad Bunny, French Montana - Latin Grammys [HD]",410207,Spanish
HnEkf5t0ghU,Luis Miguel - Llamarada (Lyric Video),188452,Spanish
ZAqTdzq7qX8,Programa completo del 17 de noviembre de 2017 | Enamorándonos,379487,Spanish
XOTUMEgJDag,¡14 BROMAS GRACIOSAS! ¡GUERRA DE BROMAS!,519881,Spanish
6GuJz9len-U,Sueño Gamer | Episodio 1,110851,Spanish
5wuq08B4u_U,9 FORMAS DE PREPARAR PAN TOSTADO (DULCE & SALADO),26184,Spanish
oDmblhAq3Cw,HA-ASH - Ojalá (Lyric Video),642845,Spanish
g69IvDmWHis,Dosogas - Nadie Nos Va A Parar Jamás (Video Oficial),710071,Spanish
xsu0VodjA3s,HAZ MASAJEADORES CON SILICÓN CALIENTE,326078,Spanish
1C53hgijnyM,15 PREGUNTAS QUE NADIE PUEDE RESPONDER,157643,Spanish
tfiuE9_rvhQ,Sin Senos Si Hay Paraiso 2 | Capitulo 80 - 2/5 COMPLETO HD,234484,Spanish
FlorHemr3SI,⛄️ Muñeco de Nieve Fácil ❄️ Chuladas Creativas,12569,Spanish
V9YuziDCXtA,Matisse - Acuérdate de Mí (Acústico),188886,Spanish
IcdRQy-lJN4,ESTE VÍDEO ARRUINARÁ TU INFANCIA.,182432,Spanish
3TxcNH2psoM,Damaris criticó a Bruno y Magaly Porque se Besaron,153403,Spanish
lwz1WU77hl0,TOP 10 Animales Con SUPREPODERES!! | Reaccionando,283588,Spanish
wf36jZxnbCk,"Malcolm El De En Medio - Temporada 4 - Capítulo 4 - ( La Fiesta, De Reese )",19930,Spanish
w-Ksq3W6QHg,Paul Stanley Furioso con Productor que lo Hundió,112803,Spanish
aM3_pMIqs3A,¿QUIEN ES EL ASESINO? ACERTIJOS IMPOSIBLES (MUY DIFICIL),106736,Spanish
23GZcpr3Fqk,Señora Acero 4 - Capitulo 10 Parte 2/5,31097,Spanish
3n4_AWqo91Y,Enamorándonos la ultima y nos vamos 16 de noviembre 2017,70388,Spanish
YeZpbuzNKWs,Mi Soledad y yo - Mon Laferte Latin Grammys 2017,414845,Spanish
ImeRo3WWQSM,Enamorandonos la ultima y nos vamos 17 de noviembre 2017,76564,Spanish
4SRzzWr2414,[Sub español] 171117 BTS abre regalos de navidad de Jojo,46392,Spanish
K8hU3PxDGY8,BANDA MS - HABLAME DE TI (EN VIVO),34990,Spanish
17iQpD35kOg,Feliz y Bendecido VIERNES 🎁 ABRELO TIENE UN HERMOSO MENSAJE PARA TI 💌,38897,Spanish
IRHwhISJVcQ,"Maribel se queda sin Latin Grammy, Anabel se operó, Yuridia dieta, Barbara de Regil pancita",9383,Spanish
R4UBL2BNz_E,LAPIZITO no DISFRUTO su CITA con POPOTITOS // ENAMORANDONOS,180987,Spanish
w95SgWoUnuU,Los Ángeles Azules Mix Cumbias Bonitas del Recuerdo,12683,Spanish
ENYEdLtVYGM,Me declaro culpable | Avance 17 de noviembre | Hoy - Televisa,19279,Spanish
GeJ9BVn54os,Andrea Escalona nos muestra lo mejor que tiene | Venga la Alegría,74092,Spanish
mY9VJF7G6Ic,EL INCREÍBLE PODER DE JIREN QUE SUPERO LA RESTRICCIÓN DE DAISHINKAN | JIREN ANIME/MANGA  | ANZU361,177097,Spanish
TmWypJ08m9s,15 Cosas ridículas que los millonarios compran,127635,Spanish
mE2zJlvS7I8,KAREN POLINESIA LE GANÓ UNA APUESTA A LESSLIE,65116,Spanish
q_x8oIOg7Lk,Meten a MESSI en un LÍO | ZIDANE: “No pasa NADA con CRISTIANO y RAMOS” | “No soy MÁQUINA de GOLES”,877140,Spanish
1fWXOLsoYGY,Me Declaro Culpable Avance 20 de Noviembre,7165,Spanish
Sb5Vgs5_JtU,"3 Familias, avance del capítulo 21 | TV Azteca",3617,Spanish
OfyqaByT-qg,Entré a la RECÁMARA DE VAN GOGH!!!,29203,Spanish
4n0Zx7Ir51Y,LIL PEEP - Antes De Que Fallecieran - RIP,85288,Spanish
GS_Efh8ziU4,Famosos que con Canas se ven Acabados,22139,Spanish
LLeLTaELb4A,Programa Completo 17 Noviembre 2017,17543,Spanish
XH5ZKbStN2M,TRIFULCA EN SORIANA POR PANTALLAS DE 10 PESOS VIDEO EL BUEN FIN 2017 CAOS,2838,Spanish
yKR9tT331Og,MI TARTA DE CUMPLEAÑOS | MESA DULCE DE PAM | Quiero Cupcakes!,70058,Spanish
6NSxERaXFCU,Respuesta Oficial: ¿Por que habían 5 kaioshin? - Dragon ball Super,99068,Spanish
E8VdmNUUrMU,¡AMLO VS MANCERA! - Diputados INDIGNADOS ASÍ le responden,25091,Spanish
uhtDQZgraEs,Mhonividente en Buenos dias Familia 11/17/2017 Numeros de la Suerte,16473,Spanish
vGMJVLruFao,Si es que no quieres - Algo de Poesía con Odin Dupeyron,8776,Spanish
Decjbm6wWcA,Peinado De Árbol Para Navidad,21755,Spanish
l7LyWLsHnL8,🔥 SORIANA VENDE PANTALLAS EN 10 PESOS EN EL BUEN FIN 🔴| Noticias al Momento OFERTAS EL BUEN FIN,14336,Spanish
kPlSKissT40,"Salsa Para Bailar Toda la Noche MIX 2 , Alberto Barros , Victor M  Adolecentes o  , Maelo Ruìz ,",19156,Spanish
_PjS_oYWWmU,Ha*Ash Ojalá letra,10729,Spanish
k9u7fIeXagY,Pastel de Zanahoria,36082,Spanish
3Bjh45wlBC4,Sin Senos Si Hay Paraíso 2 | Capitulo 80 HD 1/5,8421,Spanish
DaGBRW4oh0g,"Bachatas Mix 2017 Lo Mas Romanticas - Shakira, Romeo Santos, Prince Royce - Bachatas 2017",71715,Spanish
cIU0vSdm_iQ,Mon Laferte gana su Primer LATIN GRAMMY 2017,47589,Spanish
q0sc0MNZ--k,Karime & Mane - Backstage Putivuelta,34525,Spanish
JyWjDs2Um7w,LOS PREMIOS LATIN GRAMMYS 2017 | VIDEO COMPLETO,115542,Spanish
XspHC1QLYqk,JUSTICE LEAGUE - Opinión / NAVY,149467,Spanish
Esj5PEDNWkU,Kabah - Casi al Final / Te Necesito / Encontré el Amor / Una Ilusión (En Vivo),8189,Spanish
DTtH2skqFPc,MAYORES BECKY G - IMITACIONES CANTANTES Y FAMOSOS,52581,Spanish
_FbHQCib-uM,SÍNDROME DE LAS MANOS TORPES,131287,Spanish
491bxO8tgSI,Qué TIPO de CUERPO tienes y cómo entrenarlo | Gymvirtual,88357,Spanish
Z8G4d-94jBw,"Joan Sebastian, Juan Gabriel, Vicente Fernández, Marco Antonio Solís EXITOS Sus Mejores Canciones",37073,Spanish
eiuNHYV13Wk,"TRENDING 17 NOVIEMBRE - POLINESIOS EN MBFW, JUSTIN Y SELENA REGRESAN, INICIA EL BUEN FIN Y MÁS",70874,Spanish
VRX0_O1VavE,Intercambio entre Santos y Chivas,3650,Spanish
Ov2mIPI9JuQ,Asi se mueven las mujeres de Sin Senos Si Hay Paraiso 3 !!,47827,Spanish
dRQKwuuQqEc,Tacos Altos - Arcangel X Noriel X Farruko X Bryant Myers X Alex Gargolas,2547874,Spanish
0eNOvOzOkhI,Así inició #AristeguiEnVivo este 17 de noviembre 2017,34640,Spanish
Y_Tki7QekZw,Es Viernes y el cuerpo lo sabe! Hot dogs 🌭 y  🍹🍷🍻🤗,18959,Spanish
T1tZwQJWrYY,Puebla vs Lobos BUAP 2017 0-1 GOLES RESUMEN COMPLETO Liga MX Jornada 17 Apertura 2017,61298,Spanish
noka40W4_Ck,INVOCAMOS a un ESPIRITU | Las cajas misteriosas 📦,154676,Spanish
osBXauHQ5Yg,Ensalada de Papa Tradicional,19430,Spanish
eWhpTWkUpIU,¿Qué sucederá este domingo en la cocina de MasterChef 2017?,22281,Spanish
qAxVrtXDcm4,Estilo DF News: Las noticias con estilo 17 noviembre del 2017,81730,Spanish
AtitIdK4v2k,"CÍNICA, RATERA Y TODABIA SE ENOJA Y SE INDIGNA LA SEÑORA JAJAJA! El panda show 2017",6263,Spanish
_z8PV7manxI,No volverás a ver a JIREN del mismo modo | Conoce su OSCURO secreto,148482,Spanish
zz4q3jmDFZc,DILE A JESÚS ESTA FRASE Y UN MILAGRO LLEGARÁ A TU VIDA / “JESÚS YO CONFÍO EN TI”,10463,Spanish
QYutQB6qSSc,Acuérdate de Mí,9592,Spanish
NdnEZnXfEPU,Señora Acero 4 | Capitulo 9 5/5 Completo | Telemundo Hd,131509,Spanish
iffCGJDS2uE,Cosculluela - Solo A Solas (feat. Maluma)  I Video Oficial,349935,Spanish
W-4p-NqoTvA,Mon Laferte en LATIN GRAMMY 2017,180520,Spanish
RgzEk1LCeiE,Sin tu mirada: Comienza a surgir el amor | Este lunes #ConLasEstrellas,9097,Spanish
TVZ_MozAwfQ,Muere la actriz de voz de Bulma (se retira el personaje),5034,Spanish
IOwWJmrjfhg,"1er canal en español de cine con Botón de Oro, cambiaron el diseño del premio!",44509,Spanish
lVwyz1x3zYk,Transmisión en vivo del LXXIII Congreso y Campeonato Nacional Charro #Hidalgo2017,6385,Spanish
2R3yqYF8Nbk,Cafe ☕ con Julianna: Charlas & Libro Magico,15709,Spanish
zIJJIjDvrT4,Baja 1000 2017 Trophy Trucks,20471,Spanish
pGECQPRnRTQ,Alejandro Sanz recibiendo el premio y cantando en los Latin GRAMMYs (Completo),68653,Spanish
p9WjUsuWW5M,AVEC - Waiting For (Alex Schulz Remix),26347,Spanish
y_FD61fVI8k,"Sebastian Yatra, Carlos Vives /  Robarte un beso - Premios Latin Grammy 2017 (HD)",89025,Spanish
WF4VzRZ1pZk,15 Curiosidades de Lemonade Mouth | Cosas que quizás no sabías,92535,Spanish
xUv_5_m1jOA,Audi Q5 - La quesadilla con queso de las camionetas de lujo,69033,Spanish
fZySW-I-yRY,Evangelio de hoy viernes 17 de noviembre de 2017,23724,Spanish
9Mjmy1U0iPk,Víctimas de Atenco llegan a la Corte Interamericana de DD. HH.,5914,Spanish
L2BjgRorp9s,"Cumbias para Bailar Toda la Noche 3 Angeles Azules , Los Askis , Jalado , Raymix",9222,Spanish
LVPjn_XYxxc,"CD9 - Ven, Dime Que No (Versión Urbana [Cover Audio])",64270,Spanish
g0SXTNYKDUE,Medios Extranjeros Dicen La Verdad de México,56700,Spanish
_KBsV-_Rg34,Hurrem cada vez peor por su enfermedad - El Sultán,18814,Spanish
CZyHA5uAMEQ,Uñas acrílicas Azules con efecto de plumones / Brillosas y elegantes.,4396,Spanish
eiGrNlimmZc,LIGA DE LA JUSTICIA | Draw My Life,259593,Spanish
rXhHXAz0moY,Una guerra de celos entre Pam y Perla en Muy Padres,6818,Spanish
ulgG4tqRk7s,Residente Gana Latin Grammy 2017 | Mejor Cancion Urbana,92776,Spanish
HabUsbff5aY,TRAIDOR!! MIRA PORQUE ALAN PULIDO LLEGA AL AMERICA COMO REFUERZO Y QUE PASARA CON ORIBE,32119,Spanish
Y2y5Z7i4M2I,Entrada Criminal de Paco Torres que se va expulsado. Puebla vs Lobos Buap 0-0 Liga mx Apertura 2017,1603,Spanish
MB0_Q46cGe8,Alejandro Fernández - Quiero Que Vuelvas / México Lindo y Querido   (Latin Grammy 2017),27412,Spanish
VZIrg0vdYGM,Sin tu MIRADA avance del 17 de noviembre,7410,Spanish
cxJfj1y1JX4,"Boom Boom (Fan Made) - RedOne, Daddy Yankee, French Montana & Dinah Jane",82663,Spanish
UtLXSM4WUIw,Ensalada de Frutas Navideña,8183,Spanish
mwkkzqyYBLw,"COCO, de Disney•Pixar | Clip Sin Música *Subtitulado",14447,Spanish
CKgCiTQMxm4,CHAYANNE - RICARDO ARJONA - CRISTIAN CASTRO EXITOS Romanticos Del Ayer 2017 - EXITOS MIX,11337,Spanish
YgOu4AHs-UI,RESUMEN DE LOS ¨PREMIOS GRAMMY LATINOS 2018 EN EL PROGRAMA ( Hoy ) TELEVISA 17/11/2017,20289,Spanish
NYIydgra2SQ,La Rosa de Guadalupe | Un nuevo Despertar  |La Rosa De Guadalupe Capitulo Completo 17/10/2017,5765,Spanish
cefeV-Aluec,FUERTE SISMO EN CHINA DE 6.3 CERCA DE LA INDIA | Pepe En Vivo,8169,Spanish
iEjAI8kOVEw,Huérfanas - Capítulo 37 - ¿Qué planea Sedat contra Banu?,15646,Spanish
Pqrsew3p4EE,Caer en tentación Capitulo 41 Avance,21172,Spanish
KMd1AT51La0,EL GRAN SECRETO DE LOS UMMITAS: LA VERDAD SOBRE UMMO,122331,Spanish
pxk7LWuu1ps,CLOSET TOUR - LOS SECRETOS DENTRO DE MI CLOSET ECONOMICO | JORYCK,10137,Spanish
ZcPtLyaHQ6Y,Top 5 DOMINÓS MAS EXTRAÑOS Juego DE Caida - Video Extrañamente Satisfactorio,4424,Spanish
aY2yf-yhNmE,EN VIVO: Lucha libre en la piscina se puso bueno el ambiente. Desde Perquin,57285,Spanish
0yDkoj9Q2II,Cesur ve Güzel Capitulo 71 Español Latino,26995,Spanish
oq9sPnLGLs8,AVANCE EXCLUSIVO Un Nuevo Día | Sin Senos Si Hay Paraíso 3 Capitulo 80,41623,Spanish
QrofqBYumVA,Coctel de Gelatinas con Frutas  Navideña,7796,Spanish
lUbhJmTa1tM,"Atlas, el primer robot en hacer un salto mortal",17586,Spanish
9craEFMRXvs,7 Momentos que si no los  hubieran grabado nadie los  creería | parte 30,19239,Spanish
0ydrnmoGpP8,Transformación - Resting Bitch face  Drag Queen Makeup,14459,Spanish
bpnskwPdpZs,FOX RADIO CHILE CUANTO MÁS EQUIPO ES PERU QUE CHILE?! despues de la clasificacion,454445,Spanish
2udY5jY9VKk,Adelanto DNA (spanish version) - Kevin & Karla,43373,Spanish
AV60jjO8PN8,Llamarada,28388,Spanish
fkeknO7L6Ho,"Evangelio de Hoy Viernes 17 Noviembre 2017 Donde se reúnen los buitres, allí está el cuerpo",183443,Spanish
mEuItz-MKbk,NENAZA Y MARIMACHO - Frases típicas | Roenlared,153260,Spanish
EKDI6d6x5gs,¡Aqui caben todos los Pokémon! Unboxing: New 2DS XL Pokéball y Pokémon UltraLuna,56973,Spanish
elLyORLGEhs,"Prueba estas faciles ALITAS DE POLLO AL LIMON Y SOYA, ALITAS PICANTES, #476",6471,Spanish
JIXHmVbkUkk,LA EVOLUCIÓN DE LOS OPENINGS DE ANIME A TRAVÉS DEL TIEMPO 1963- 2017,13540,Spanish
c7X845hK5bE,"LAS VEGAS con LAPIZ CONCIENTE , HOTSPANISH , DANNY ROMERO *LATIN GRAMMYS*",35300,Spanish
bvvEdZYngeA,Mascarilla para manos agrietadas y secas (genial para el invierno),20458,Spanish
UL6xPiYvzS8,PASO A PASO PUNTADA DE VOLUMEN EN VELAS  *BordandoConEstilo*,5193,Spanish
BkqH4Q4jaSY,GOBIERNO SE ROBÓ cajas de seguridad en Cancún y ¡no las quiere regresar!,6624,Spanish
7n51EoSBHtk,OTRO nuevo amor de Maire,12182,Spanish
d_Hf8XMghg4,JOEL SE VUELVE LOCO AL VER A CAMILA Y LOS CHICOS SE RIEN. CNCO. ENTREVISTA LATIN GRAMMY.,14000,Spanish
b4Ajm0tDmL4,Kenia poniendo orden | Larrymanía | Universo,33564,Spanish
_qPd49Rsqs8,PREPARANDO COMIDA KAWAII,11273,Spanish
6VI5_Qi908I,Puebla vs Lobos BUAP  0-1 Gol y Resumen Liga MX Jornada 17 Apertura 2017 HD,8579,Spanish
4Q2JUxmU1BM,Adelanto | LOS INCREIBLES 2 (The Incredibles 2) (2018) Samuel L. Jackson,24317,Spanish
OXRkj_WyOaE,Programa completo 17 de noviembre 2017 | De Primera Mano,5583,Spanish
PAA3neqaErI,¡Miguelito se enfrentó al detector de mentiras! - Morandé con Compañía 2017,41742,Spanish
0ASYVB5bwo4,Dosogas en ¿En Qué Mano Está?,252747,Spanish
8NXpfS2wSic,¡LAS HISTORIAS SECRETAS DE LOS CACHUNES!,7052,Spanish
GljA6W21gPU,"¡¡ Asi narro el mundo ,Peru 2-Nuevazelanda 0",975212,Spanish
HEeGQ-V6pZA,"PARA TI🎁...  No me imagino mi vida sin ti, sin tu amor ÁBRELO",24242,Spanish
Qto12dpPrS0,Magos y hechiceros --- Película completa en español,44737,Spanish
qjVuNvfDJVA,Finales Dance  - C&D 2017,4413,Spanish
ea9Byabk7M0,El Hábito que Diferencia entre Crear Fortuna o Vivir en la Pobreza Segun Robert Kiyosaki,11582,Spanish
7Oa2aC1E3H4,"Reggaeton Mix Noviembre ,Maluma , J Balvin ,Shakira ,Daddy Yankee , Becky G , Ozuna , Bad Bun",21373,Spanish
iGoLto7A-E8,ÖZIL AL BARÇA SI COUTINHO FALLA| CRISTIANO: ¿MIEDO AL PSG? SOMOS LOS CAMPEONES| SANÉ MEJOR JUGADOR,167413,Spanish
cjin9tPE21s,6 Outfits Casuales Con Jeans 👖 Como Combinar Pantalones 🦄 Bessy Dressy,14873,Spanish
ssXatmC1dv0,"Los Increíbles II, de Disney•Pixar – Primer Tráiler",512209,Spanish
dnWT6lV8Zms,¿TE CREES MAS FAMOSO QUE YO? (Historia),345166,Spanish
J_JUcnlP2x8,DRAGON BALL SUPER AVANCE CAPITULO 117 SUB ESPAÑOL,197251,Spanish
Wz-jUmc2-Nc,Esto es lo que UN MILLÓN de Dólares ($1M) puede comprarte alrededor del Mundo,331264,Spanish
qzTan067o4Q,Videojuegos En La Vida Real 2 | SKETCH | QueParió!,101418,Spanish
bMtmGmYzyqs,Resumen Cruz Azul 1 - 0 Veracruz | Apertura 2017 - Jornada 17 | Televisa Deportes,41902,Spanish
92oQ1wl2L9w,CRUZ AZUL vs VERACRUZ Jornada 17 2017 En VIVO,134927,Spanish
cjMMf21G4LQ,"Estadio de primera, cancha de llano; Nahuel levanta el pasto con las manos",126716,Spanish
azJEOdKIzuc,#CHUMELxHBO | Cállate y haz algo,115578,Spanish
YWaL0JCqwn8,Cruz Azul vs Veracruz 1-0 Gol y Resumen Liga Mx 2017 Jornada 17,62061,Spanish
T2zDipmYKuQ,"León 0-2 Chivas, Jornada 17, Apertura 2017 Liga MX",22683,Spanish
pvpfXupJyIc,Leon vs Chivas 0-2 2017 GOLES y RESUMEN COMPLETO Jornada 17 Apertura 2017 Liga MX,150791,Spanish
0Fd2PkbxDx8,¿ADIÓS LIGA para el MADRID? | RAMOS salió con NARIZ ROTA | GRIEZMANN en CRISIS | ¿Qué dijo IBRA?,584910,Spanish
oVVW8N7CD4w,Cruz Azul vs Veracruz 1-0  Gol y Resumen  Liga MX Jornada 17 Apertura 2017 HD,47688,Spanish
Yf7YncTg1x4,LOS 10 ANIMES MAS ESPERADOS DEL 2018,211782,Spanish
frwWD0bMCPQ,Programa completo del 18 de noviembre de 2017 | Exatlón,49626,Spanish
M4BfUCTv5sU,Rayados Monterrey vs Tigres 2-0 RESUMEN Jornada 17 Apertura 2017 Liga MX,56745,Spanish
wFCoThLQ314,VER EN VIVO MONTERREY VS TIGRES JORNADA 17 APERTURA 2017 LINK EN LA DESCRIPCION,72977,Spanish
4OFkGrQryfM,HACIENDO POPPING COOKING!!! Son comestibles?,62193,Spanish
kQAfFe6ykVA,Partido Querétaro vs Pumas,94226,Spanish
4XGD-QEDez8,Gastar la Vida | Casi Creativo,86360,Spanish
gAAe6Jj-6Ss,"Monterrey vs Tigres, Clásico Regio J17 A2017 ¡En vivo (Narracion)",98978,Spanish
2HnNLKkF8wE,"Malcolm El De En Medio - Temporada 4 - Capítulo 8 - ( El Amigo, De Hal )",8851,Spanish
OUxTAobs2ng,TAIYAKI de Baku NO Hero o My Hero Academia (Pastel Japonés en forma de PEZ),98411,Spanish
Qymvsuy6gHg,George abre la herida de Chocolove,20023,Spanish
oMDJVUb_WoI,¡PENALTIS IMPOSIBLES con PELOTA DE HELIO! [LA ÉLITE],401674,Spanish
kzZo5EPw3fI,Conoce al Jugador Mas Salado de la Liga MX y no jugo en Cruz Azul Boser Salseo,39616,Spanish
rBmFQuqhl8U,Cornelio Vega y Su Dinastia El Problema feat. Adriel Favela (Detrás de Cámaras),60734,Spanish
9kNKAzKfqm8,Daniel EL Travieso - Las Telenovelas Son Lo Máximo Para Mami Y Abuela.,296735,Spanish
RvbsQi4-Uvk,La MUJER que MÁS ASESINATOS COMETIÓ - Draw My Life en Español,240254,Spanish
8zQ9KOA_Zws,"Ver Cruz Azul vs Veracruz en vivo online: Liga MX, jornada 17",34390,Spanish
HQZsn_Xmxhc,ULTIMO DIA DE CLASES: EXPECTATIVA VS REALIDAD | Lyna Vlogs,177532,Spanish
IhsoZ4OHNiU,"Bachatas Romanticas 2017 Lo Mas Nuevo Mix - Prince Royce, Shakira, Romeo Santos",100739,Spanish
cTeVM5Vh50k,Primeira Live MOT VS TIG,12192,Spanish
VhP-MiErIuI,Baile,5655,Spanish
YsV-JyLK6lw,En vivalavi le pregunta a jerry sobre si ya le entrego el anillo a gaby en nueva york #jerby 😍😘😙,3671,Spanish
GuuOzrm0t_k,Yessica se va sin pagar por que se cree famosa,19870,Spanish
QKdQFnYT0qA,Golazo De AVILES HURTADO MONTERREY vs TIGRES 2-0 Jornada 17 2017,12879,Spanish
PfSE-pGUHeE,5 Cosas increíbles que el iPhone X puede hacer,102138,Spanish
tJP-ltPKEag,"Se da un triste noticia en Enamorandonos, conductora confirma la perdida para un integrante",15344,Spanish
GyNcd0kfnk0,Deseret Tavares - Prediccion Cumplida - Terremoto en Ecuador,16520,Spanish
cE7ySdURSj0,¿QUIEN ES EL ASESINO? ACERTIJOS CRIMINALES | FoolBox TV | Juegos Mentales difíciles de responder,40703,Spanish
yTO4Q3M01aM,"EN VIVO | MONTERREY vs TIGRES | Liga MX, Jornada 17 |¿Dónde Lo Puedo Ver?",83281,Spanish
2W8OSelMBY8,50 DATOS QUE NO SABIAS DE EDDIE KASPBRAK / JACK DYLAN GRAZER - IT ESO,18695,Spanish
P002LvziVVQ,Leganes vs Barcelona 0x3 ● Resumen y Goles / All Goals & Highlights ► La Liga 18/11/2017,161456,Spanish
hlQNk0N7cWk,La Rosa De Guadalupe | Un Nuevo Despertar (3/3),75336,Spanish
sUi_xYFA8TA,Transmisión en vivo del LXXIII Congreso y Campeonato Nacional Charro #Hidalgo2017,6487,Spanish
1bqAMbitgHY,Jefe Encubierto 2017 h&h Cadena de Jochos,10979,Spanish
hXB1ZafiZ20,Leganes vs Barcelona 0-3 Resumen Goles La Liga 2017,154143,Spanish
toJYmS0jHbs,Miraculous Ladybug | Robustus | Libro Decodificado | Temporada 2 Capítulo 6 | Análisis y teorías 🔍🤔,102103,Spanish
L4wgpkWugFE,¿PRÓXIMA GIRA DE BTS EN AMÉRICA LATINA? | ESTO PASÓ CUANDO ESTUDIANTE DIJO QUE ERA COREANO,54135,Spanish
0B_gSFwnhD4,"Jugo para limpiar los riñones, contra la artritis y bajar el colesterol",26638,Spanish
wZm6kKSHaog,Esta Psicóloga Realizo un Cruel Experimento Con sus Estudiantes y Descubrió algo impactante,21029,Spanish
AywjUb-EP0Q,Mon Laferte - Transformacion Maquillaje,4913,Spanish
naH20v8A5fg,EN VIVO - CLÁSICO REGIO #113 MONTERREY vs TIGRES - Liga MX Jornada 17,18145,Spanish
6FFAsgvDRVE,[ESPANOL SUB] BTS ABRE REGALOS DE NAVIDAD-MYfm Radio 17.11.17,35792,Spanish
1LfX-xvmiaU,Leon vs Chivas 0-2 Resumen Goles Liga MX 2017 HD,22037,Spanish
Nug-xwiL8_0,RESUMEN LEON VS CHIVAS LIGA MX 2017,12344,Spanish
ypnZOHq1tVE,"López Obrador en Agua Prieta, Sonora México",21047,Spanish
Vwi3ZbFIPz0,Ver Monterrey vs Tigres EN VIVO Clásico 2017,11618,Spanish
51J4cOlixeI,CURIOSIDADES Y ERRORES ADELANTO DRAGÓN BALL SUPER CAPITULO 117 | ADIÓS RIBRIANNE | ANZU361,89042,Spanish
ia9Qz4pnC1g,FALLECIÓ GUITARRISTA  Y FUNDADOR DE  AC/DC MALCOLM YOUNG,10736,Spanish
ZhhP3N8hb9g,FAUSTO MURILLO SE CONFIESA,52464,Spanish
Qhux3QN2gbc,Irma Dorantes visita el foro de Ventaneando sin filtros,20570,Spanish
g32CMojhvh4,[SUB ESPAÑOL] 171117 BTS (방탄소년단) FULL INTERVIEW - ON AIR WITH RYAN SEACREST,37265,Spanish
6UYc5QMUSeY,CD9 - Modo Avión (Letra) HD,5110,Spanish
wmepvf8Sag0,Cesur ve Güzel Capitulo 72 Español Latino,14643,Spanish
GyNTOVMn1vc,Señora Acero 4 | Capitulo 11 Avance Exclusivo | Telemundo Hd,113732,Spanish
nF7VyiwLxs0,Lupillo le regala una canción a Larry | Larrymanía | Universo,16914,Spanish
0tqMUUMZXPA,MAQUILLAJE SENCILLO PARA SALIR BY KAWAIIDOLL1,14494,Spanish
0cGvs-QKHDA,MÚSICA QUE SANA Y ARMONIZA - EL PODER DE LA MÚSICA Y EL CEREBRO,8246,Spanish
3_6mRF_gED8,[Sub español] 171117 BTS en On with Mario Lopez,20423,Spanish
hjHXJSavVxM,CNCO | LA INOCENCIA DE JOEL,15565,Spanish
DqVNvDuLav0,La Rosa de Guadalupe - Un Nuevo Despertar (1/2),239630,Spanish
Setz0TINv3o,BAJA 1000 2017 Conquista Agraria TOP SPEED,7373,Spanish
Q6zLkEhSe50,LLEVADO de EMERGENCIA AL HOSPITAL|SUGA y CAMILA CABELLO!|GRAN CONTROVERSIA|EXCLUSIVA MI BIAS TV!,122417,Spanish
O8cljoP08Eo,Pastel de Cajeta,3465,Spanish
iPvwkNmKXBE,CARRERA de KARTS!!! ¿TROMPOS? OMG... [Crazy Crew],242913,Spanish
gdX4wXSu_xg,7 Curiosidades / Errores de Dragon Ball Super 116 | Dash Aniston,39427,Spanish
pFUHsoCchWM,"Evangelio de Hoy (Sabado, 18 de Noviembre de 2017) | REFLEXIÓN | Red Católica Official",60779,Spanish
F5PuQ9uogOg,AHUMADO CON GLITTER,6767,Spanish
mkkjGNHOtAs,El buen fin con CD9! 😂😂,1788,Spanish
z6tVw2Ercpo,NO TE DETENGAS... Dios estará contigo...,7387,Spanish
6Tw_LpsyCzM,Anni (y Rose) & Jasmin 347 (Subtítutlos Español),19690,Spanish
6kWekpDzprM,"NOTICIAS DE ULTIMA HORA NUEVAS 18 DE NOVIEMBRE 2017, ULTIMA HORA 18 DE NOVIEMBRE 2017",74613,Spanish
gEgu9abhwHs,DRAGON BALL SUPER CAPITULO 117 ADELANTO | ¡EL UNIVERSO 2 DESATA SU FURIA CONTRA GOKU!,27934,Spanish
wS0joELbcag,DECORA EL ARBOL DE NAVIDAD CONMIGO/ Ft BRENDA DELGADILLO,27205,Spanish
SlRuVqHCtG4,ADIÓS MALCOLM YOUNG 1953-2017 | AC/DC,55433,Spanish
moG5JwbiE1c,Dragon Ball Super avance del capitulo 117,3585,Spanish
sq6U57oIkxI,Prediccion Cumplida Mhonividente RAYADOS GANA EL CLASICO REGIO 113,3007,Spanish
dro9MZjpARw,Dimitri se Cansó que lo Humillen y Mandó Lejos a Yessica,438010,Spanish
4otuLFJg6mM,Misa 18 de Noviembre de 2017 Tele VID,13799,Spanish
wym30pf_UKw,Como Dibujar a Ozuna 😱 😱 😱 Ozuna Speed Paint,12760,Spanish
MO127MPvdZU,Evangelio del Dia- Sabado 18 Noviembre 2017- Por Que Aveces Dios No Nos Escucha- Sangre y Agua,65612,Spanish
NpMj-73ewM4,Pavo Ahumado Adobado Relleno,21710,Spanish
2Yq9BYaSK44,Resumen Final en el encuentro entre Querétaro vs Pumas | Liga Mx,16871,Spanish
7z5nazksKBA,¡IMÁGENES REVELADAS! DRAGON BALL SUPER CAPITULO 116 - Gokú Migatte no Gokui 2!,244870,Spanish
qCSmBh2XnNk,Imagina con Yoongi ❤ [CAP11] No me alejes de tu lado...,6614,Spanish
XKFr9DLMruE,Enganchada | Lo Que Callamos Las Mujeres,11922,Spanish
SzqcIpXZ-54,Las Alas de Ki del Migatte no Gokui - Dragon Ball Super,104159,Spanish
WCmke48mH_E,DUELAZO DE TÉCNICA EN LUCHA DE MAESTROS SOLAR Y SUPER ASTRO VS VIRUS Y BLACK TERRY,5227,Spanish
xdLT301JZno,Carrusel - Capítulo 101 | BAILE EN EL CAMPADENTRO | Parte (2/4) - Audio Latino,7393,Spanish
TbgZ3cKGDsw,Dragon Ball Super Episode 117 Preview HD Androids vs Universe 2,161428,Spanish
TTXbMelqTQg,CD9- Firmando Mas de 10 000 LIBROS!!!!!  RÉCORD,2700,Spanish
SI-tl0Nolxc,Todo lo que debes saber de LOS INCREÍBLES 2 - Pixar,41823,Spanish
Q-je9ETtPVg,LOS POLINESIOS EN LA FASHION WEEK EN MÉXICO,12144,Spanish
Rx2E_ooQPeU,Mis Respetos Si NO te RÍES Viendo Este Video NIVEL : VIDEOS RANDOMS XD SI TE RIES PIERDES SDLG :V,58742,Spanish
XgljJO4aHuU,Star Wars: Los últimos Jedi – Héroes,3885,Spanish
AX_5ag5jefA,Una Vieja Pareja Tomó La Misma Foto Cada Estación Pero Nada Pudo Prepararme Para La Última,4217,Spanish
GlRPSzbelGc,Feliz y Bendecido Sábado,39154,Spanish
6_kH9xt4JJg,Abarrotan Soriana por precios equivocados en pantallas plasmas,14318,Spanish
JFMVjX5Jexo,Caer en tentación Capítulo 45,6737,Spanish
U8YkV6bOcHg,¿Piojos contra Nazis? La historia de Rudolf Weigl,14125,Spanish
mrZgMI58Jkw,Los Cadetes de Linares - Que Seas Dichosa,1896,Spanish
NzBH88ztQm4,MUSICA LOS MAS ESCUCHADAS 2017 🎶 La Mejor Música Electrónica 2017 🎶 Lo Mas Nuevo Music Mix 2017,123486,Spanish
-31Zs4RXeoM,Primera noche de Selim y Nurbanu,18518,Spanish
0mWLriPL51Q,Luna De Miel Sin Dientes🌙😑🐰 | Caso Cerrado | Telemundo,206626,Spanish
NiEJ0EBwPz8,Twice - Laiki (Parodia de Likey),8347,Spanish
Njv7rSebxoI,FICHAJE SAGRADO | Chivas ya tiene a su Primer Refuerzo para el CLAUSURA 2018,4895,Spanish
GoMnSYvcvPk,50 Curiosidades De Descendientes 2,12496,Spanish
2NlDM40s5iU,CupHead y los años 30 - Leyendas & Videojuegos,91335,Spanish
gdRIf5y7tCw,Conferencia Paco Jémez,9071,Spanish
SPzQv3oDNmE,"Insólita reunión Margarita Zavala, Mancera y Moreno Valle buscan parar a Amlo",5752,Spanish
tXqhBQry9jM,Oramos por todo los que sirven a Dios | Vigilia de Oracion,5423,Spanish
wLQ6kWWXBwo,Programa completo | El minuto que cambió mi destino: Enrique Guzmán,2287,Spanish
AHfiYI0BwK8,15 ACTORES que INTERPRETARON a PERSONAJES MÁS JÓVENES que ELLOS,10060,Spanish
mCtgDPzph-I,"Club Puebla vs Lobos BUAP 0-1, J17, Apertura 2017, gol, el color, primer clásico",4840,Spanish
tS687zE1j2M,OSKARIN NO APOYA A JONATHAN CON LA CITA DE ANA MORQUECHO,2433,Spanish
Zdduzaa0doo,171119 BTS APARECE EN TELEVISION DE ESTADOS UNIDOS | MIC DROP DNA AMERICAN MUSIC AWARDS AMAs REMIX,13921,Spanish
pQKtWACtc74,Evangelio de hoy sábado 18 de noviembre de 2017,16571,Spanish
C2C8YSef4EU,Atlas vs Pachuca 1-1 Resumen Completo HD Jornada 17 Liga MX 2017,29022,Spanish
B_1FohdWHOk,10 ACTORES Que Tardaron En TRIUNFAR Pero Hoy Son Súper FAMOSOS!,7930,Spanish
NkPhKNt-wis,Stranger Things - Honest Trailers en Español,71446,Spanish
T-VPG7S9uLc,"Villano IV, Rayo de Jalisco Jr. y Dos Caras vs. Cien Caras, Canek y Máscara Año 2000.",3284,Spanish
oi68hFCX8P4,"Previa Monterrey vs Tigres Jornada 17, Quien Es Favorito Para Llevarse El Clasico Regio?",12741,Spanish
AP3J3R_GSgw,Momentos más Graciosos del Fútbol | Para MORIRSE de Risa (Comedy Football),2255,Spanish
FGeGimyLJAI,Lo que DEBES SABER de RAFA MÁRQUEZ ¿El MEJOR futbolista mexicano de la HISTORIA?,46154,Spanish
RIv7yvlQPLE,DESPUES DE TRES AÑOS CRUZ AZUL CLASIFICA A LA LIGUILLA,1487,Spanish
HR1vseenRNA,10 TECNOLOGÍAS PARA VIDEOJUEGOS QUE TODOS DEBERÍAN VER,194520,Spanish
glvqxSPXuHQ,Tesla presenta su futurístico camión eléctrico,9333,Spanish
TQuoqGYhZXM,Atlas Afectado por el Arbitraje Para Que Entre Cruz Azul a la Liguilla? |Atlas vs Pachuca 2017 1-1,33261,Spanish
4LpJBN9JJ3U,DIY ÁRBOL DE NAVIDAD CON LUCES FÁCIL Y ORIGINAL,13619,Spanish
6yvIML6i0MU,Una Hermosa Oración Para Agradecer y Dar las Gracias a DIOS por Este Día 🙏 Oración de la Noche,16279,Spanish
O1_eT10KpZ0,"BARÇA GANA CON DOS DE LUIS SUÁREZ| ¿CRISTIANO, NEYMAR Y MBAPPE JUNTOS?|MARCAN ALEXIS Y LEWANDOWSKI",171005,Spanish
fSy1HPxFoe4,"Acción, Jornada 17 Apertura 2017 Liga MX HD | COMPLETO FULL HD",374514,Spanish
1YAp1EftWE4,Los 7 himnos nacionales más épicos de la historia,901970,Spanish
IsT3oNQBwWs,microYAPA: Ducha Insensible,849837,Spanish
Wgi2lYlM7FE,Rayados vs Tigres 2-0 Resumen y Goles Jornada 17 Apertura 2017 CLASICO REGIO 113 HD,514194,Spanish
naHeFTUzFi0,Transmisión del #CoronaCapital17,81417,Spanish
vgoQIB2RNVs,Santos vs América | Resumen J17 Apertura 2017,33643,Spanish
MrtgHyO7Lms,10 TRUCOS PARA EL CABELLO Y PEINADOS QUE TODA CHICA DEBE SABER,923869,Spanish
LYKJrL05FPo,VOY CON MI HERMANA al ATLÉTICO DE MADRID vs REAL MADRID,792764,Spanish
Y-H9_kDVRhk,PERU AL MUNDIAL!  *Los Videos mas gracioso*  🇵🇪,196207,Spanish
UO54sU-VGrA,TOP 10 Niños MÁS FUERTES Del MUNDO! | Reaccionando,344693,Spanish
uTfV7j6P1wU,Orden de Eliminacion: Exatlón México 2017 (Predicciones),73914,Spanish
NsSUMGReNvQ,¿Por qué todos odiamos el corto de FROZEN en COCO?,34055,Spanish
ThfwSjaP3ns,"Dosogas hace un evento en Córdoba, Argentina y SALE MAL *Mathi ll0ra*",249287,Spanish
9D-iQRoje4g,DOBLETE de ICARDI | CAYÓ la JUVE | Así RECLAMÓ PIQUÉ | IMPRESIONANTE la afición del LYON,510701,Spanish
E_kZXf2vD6A,Santos vs America 0-1 Resumen Goles Liga MX 2017 HD,38781,Spanish
9RY4dgTM4zE,ROAST YOURSELF CHALLENGE | Matu Garcés,729203,Spanish
o7bQAWP_4u8,[SUB ESPAÑOL] Weekly Idol E329 parte2 15-11-2017 Super Junior,33177,Spanish
RlngECQXQus,14 Secretos telefónicos impresionantes que pocas personas conocen,81602,Spanish
9c14aZTq1WM,BROMAS SUPER EXTREMAS REY GRUPERO Y DANGER TROLL,46100,Spanish
pK-hXdIP3F8,Aparecen las primeras imagenes del catalogo de Televisa,183686,Spanish
Uc4sMOVAlxQ,POLICÍAS COMPARTEN HISTORIAS PARANORMALES,13200,Spanish
JRj43Tjq2ZY,7 enigmas de la ciencia - CuriosaMente 99,149276,Spanish
Wi2Ay6w1TpU,Nahuel Guzmán imita a un pingüino en el Clásico Regio 113,13436,Spanish
i_ooU6LKab4,EL ORIGEN DEL BLACK FRIDAY | Draw My Life,253870,Spanish
8gTdXx5OxDc,PEC Zwolle vs PSV 0-1 Resumen Gol Highlights Goal 19/11/2017,134019,Spanish
NAMbzuc24-s,Futbol Picante 18 Noviembre en Vivo - Cruz Azul califica Monterrey es Lider,10577,Spanish
boWIv31GIQU,Cara a Cara para los jóvenes adultos solteros con el élder Oaks y el élder Ballard,19876,Spanish
R7rNcvcM5Ag,EL EZEQUIEL MOLESTA A RAMÓN AYALA,54144,Spanish
O7VkEOTYU_o,NUEVOS TRAILERS DE PELICULAS 2017 (Español) Semana 46,281371,Spanish
r3fTXvQIqBg,El Gran Estrenón,1992452,Spanish
BNfwhofPYIg,7 COSAS QUE SEGURAMENTE NO SABIAS DEL MIGATTE NO GOKUI | MIGATTE NO GOKUI 4 | ANZU361,99566,Spanish
hHNi5HEB0GU,Famosos que Acabaron en la Ruina y Abandonados,34484,Spanish
kvwwkTpXJnU,WWE Survivor Series 2017 Highlights,271509,Spanish
okejmNF3uS0,Fede vigevani LLORA por C4OS en SHOW de DOSOGAS en CORDOBA | #FUERZADOSOGAS,460863,Spanish
1vcf-n0ST5U,Los Cadetes de Linares - El Palomito,6612,Spanish
XsWwGL3SIUo,¡CRUZ AZUL a LIGUILLA! JÉMEZ pide no cag… | CHIVAS dice ADIÓS al ‘GALLITO’ | ANOTÓ GOVEA,230892,Spanish
0fPe4wG39TU,℗ Flan al microondas SÚPER FÁCIL | #recetasturbo  | Superpilopi,76563,Spanish
2TKZd5n7yas,Las 7 Mochilas más impresionantes del mundo,88179,Spanish
baZRaFkXxC0,Irlanda Valenzuela Vs Erika Peña Duele #TeamMaluma || Batallas La Voz México,22065,Spanish
YaaPsijqkCw,CLASICO 113 RESUMEN RAYADOS VS TIGRES 2-0 JORNADA 17 APERTURA 2017 - Karlztv :),7353,Spanish
Q3hoT3O_bD0,SECUNDARIA VS CULTURA,6560,Spanish
n4THQ-YvBJU,Dragon Ball Super  avance Capitulo 117,149928,Spanish
u7lqfnnOJMs,PISTOLERO RENEGADO - Película del Oeste en Español,44014,Spanish
L3gmS68vhRs,Mohamed reto a Nahuel Guzmán | Nahuel y sus malas actitudes (NARRACIÓN),56849,Spanish
hg5pLIGGogM,😍Yeya😍 A Nayeli ni Yenny les cuadró la visitante. La cena romantica Nano & Nayeli. Parte 2,81883,Spanish
FRRGmHoWYaQ,Anni y Rose & Jasmin 349 (Subtítulos Español),28281,Spanish
gTnUCzeRmtU,EXTRANORMAL PUNTO 2│19 DE NOVIEMBRE 2017,5706,Spanish
X6ZM7uRwcVA,"Spin-off de X-Men, película de Metal Gear Solid y más",39156,Spanish
dLhKS_ttKqc,SANTA MISA DE HOY DOMINGO 19 DE NOVIEMBRE DE 2017.,9026,Spanish
SxRIvJxrnV0,Wentz's Perfect Opening Drive Capped Off by Barner's Strong TD Run! | Eagles vs. Cowboys | NFL Wk 11,82567,Spanish
qC42eKliO44,Agónico triunfo del PSV con gol de último minuto,59411,Spanish
kqj4lsb7Yy4,Ernesto D’Alessio - Receta de la Super Galleta de mis hijos,3622,Spanish
ck9623Pogm8,Murió el actor Claudio Báez a los 69 años,11780,Spanish
DDFIJ6Ed6M0,Top 40 Mejores Canciones de Noviembre 2017 [Semana 47],48908,Spanish
__-RHlreaec,PIERDE LA V1DA el actor CLAUDI0 BAEZ a los 69 AÑOS dejò un LEGADO en la TELEVISIÒN,65181,Spanish
At7F55Zf1h0,Mi Rutina De Noche 2017 | Fer Estrada,10778,Spanish
686jOS02cog,Análisis Episodio 116 - Los 2 lados del Ultra instinto - Dragon Ball Super,69708,Spanish
FyodafRqb5o,"[Sub español] 171119 en Adam Bomb Show (UNICEF, canción favorita, etc)",18266,Spanish
TwydLMPScqI,Naked Heat vs. w7 Blazin' | ¿Clon? Adivina cuál he usado en cada ojo,106170,Spanish
PxX8Fum8gOw,"Bachata 2017 ► Bachata Mix 2017 - Prince Royce, Shakira, Romeo Santos",54609,Spanish
8fQB7eR8KDI,DESTROZAN A CRUZ AZUL CON CRITICAS Y BURLAS A SU AFICION! - Revientan a Jemez! - Billy Alvarez Habla,84549,Spanish
L4avKramunU,Martinoli y Dr Garcia Analizan la Clasificación de Cruz Azul a Liguilla,2875,Spanish
LymuZ8abvmc,Weekend Update on Senator Al Franken - SNL,1675419,Spanish
OmVc478YAjQ,Cruz Azul a Liguilla Sera Campeón? Monterrey Gana a Tigres. Necaxa Fuera Chivas - La Ultima Palabra,64345,Spanish
eg5GxMXUVO8,BRUTAL FÚTBOL CHALLENGE con LA ÉLITE *nos echan del campo*,373370,Spanish
3bP6HaqWLLw,Cuauhtémoc Blanco Pronóstica al Campeón de la Liga MX,4740,Spanish
0VsBbSk9EwM,Aurora Jimenez - Octubre,4410,Spanish
Iq98-1IV_6g,"Perro está tumbado al costado de una lona rosada. ¡Cuando sepas por que, no podrás dejar de llorar!",23642,Spanish
UZzJybzQgjY,CNCO - Nadie Como Yo (Adelanto Oficial),9649,Spanish
e5nsUvA1Jms,cniora kra d p4pa,7745,Spanish
YQumnsfqgFM,América se Verá las Caras con el Cruz Azul en Cuartos de Final - Santos vs América 0-1 Análisis,28419,Spanish
NL0o7PV-LlI,SANTO ROSARIO - DOMINGO- MISTERIOS GLORIOSOS.,12024,Spanish
SXqC_VDjbD0,"Dios Mio... Clamamos a Ti, Sabemos que nos escuchas",5365,Spanish
f-fgnm1vzW4,Team RAW Will Defeat Team Smackdown on WWE Survivor Series 2017? Triple H & Kurt & Braun Win?,366825,Spanish
FqAGfxjzrSA,La verdad detrás del Migatte no Gokui AZUL y ROJO - Instinto Defensivo y Ofensivo,78215,Spanish
aB4JbeKXB5w,Peinados mañaneros,15939,Spanish
ZIzHfMVzlKs,[171119] 방탄소년단 BTS x AMAs Red Carpet Arrival,14635,Spanish
J6oB-rDPf0I,El nacimiento de una belleza Cap 8 Sub Esp,7172,Spanish
R749btO_lHY,"Ninjarín, Liz y el Árabe, víctimas de John Milton",32422,Spanish
3egj1_r2ZbU,"Evangelio De Hoy 19 De Noviembre De 2017, Lectio Divina - Tele VID",15376,Spanish
L_Ya0k2p7zg,Evangelio de hoy domingo 19 de noviembre de 2017,19137,Spanish
Dh2AA9d5C88,¡urgente! SISMO DE 7.0 EN EL PACIFICO (NEW CELADONIA) | Pepe En Vivo,11832,Spanish
FP1fVzMUMaQ,Buen Fin 2017: compraron pantallas por 10 pesos - En Punto con Denise Maerker,57679,Spanish
qlJqdyLrXhI,Dante Gebel #530 | Culpable soy yo,37501,Spanish
uXF1RnaTJxQ,"Bandas Mix 2017 Estrenos Romantico Banda MS, Banda El Recodo, Calibre 50, Julión Álvarez",7444,Spanish
poIIiPQMQ3g,Ensalada Navidena Estilo Carmen8a,23788,Spanish
Dypz1T85cb8,3 INVENTOS Increibles que NO SABES HACER,86271,Spanish
3RZ0nRYOXu0,10 Rimas graciosas #6,146210,Spanish
i7jci03-wg4,Ausencia de la Figura Paterna en la Mujer | Mujeres jóvenes con hombre mayores,6802,Spanish
PbXjKHQIe40,"Evangelio de Hoy (Domingo, 19 de Noviembre de 2017) | REFLEXIÓN | Red Católica Official",46612,Spanish
nRoAn5yOgPU,La Rosa De Guadalupe | Tan Linda Como El Sol (Parte II),49208,Spanish
GnLCqm0ybO4,Extraordinarias Sanaciones Con Ángeles y Seres de Luz.  Entrev. a la Canalizadora  Gloria Barrientos,14415,Spanish
6JQRryECYfA,HORÓSCOPO Y PREDICCIONES DEL 17 AL 24 DE NOVIEMBRE DE 2017,38469,Spanish
DFxDJlc7o34,Un Misterioso Objeto ha Entrado en nuestro Sistema Solar,202907,Spanish
e82g4cbD9nM,"ORACIÓN AL ÁNGEL DE LA PAZ NOCTURNA, PARA PROBLEMAS DIFÍCILES Y URGENTES",10934,Spanish
TysPrTYYUzg,López Obrador y la MISTERIOSA Diputada del Pan - Campechaneando,31621,Spanish
CMaSv7Ig-ZM,Papas al Horno Gratinadas con Queso y Crema 🎄  Pasta de Fría  Cena de Navidad y Thanksgiving,8644,Spanish
4xWuSQF_cz0,Episodio #1263 ¿Porqué la ley prohibe los medicamentos naturales?,12191,Spanish
DUp5ByLvx_c,IMPRESIONANTE ESTE SERA EL RIVAL DE CRUZ AZUL EN LA LIGUILLA,8570,Spanish
CxeIfKFNppo,Los GOLES MAS RAPIDOS del Mundo del FÚTBOL,145865,Spanish
qUqSiey4uwg,Robo en Familia - La Rosa de Guadalupe (capitulo Completo),14648,Spanish
pyffq1nACNY,Resultados y Tabla General Jornada 17 Liga MX Apertura 2017.,13807,Spanish
XxvSOr8ahEA,"Los Momentos Mas Graciosos De Naruto,Naruto Shippuden l MOMENTOS MAS DIVERTIDOS l SI TE RIES PIERDES",59851,Spanish
sQQp_1sOjcY,Nosotros Los Guapos - Capítulo 16,303624,Spanish
QCm7yUN8JPU,UN OTACO EN LA CALLE,45562,Spanish
NfQwvwjNMJc,"ORIBE SE VA, TODAS LAS BAJAS DEL AMERICA PARA EL 2018",30966,Spanish
zjMD8iJNmRo,Evangelio de Hoy Domingo 19 Noviembre 2017 Parábola de los talentos,138435,Spanish
Km9sSokmBbk,Lazo para el cabello dorado  en un solo paso  VIDEO No.527 creacionesrosaisela,5609,Spanish
Wl79Y6mn40s,100 Mexicanos Dijieron 18 de Noviembre 2017,12965,Spanish
wX6OvArgiWI,CERRADO: FIERRO A CRUZ AZUL Y CORONA A CHIVAS 2018 CHIVAS REFUERZOS CLAUSURA 2018 LIGA MX,42971,Spanish
dycf0hXDuLw,TAROT ¿QUIEN SERÁ TU PRÓXIMO AMOR 2018?,7215,Spanish
HyUHzPqW1xk,Gucci Gang (Version Mexicana),232572,Spanish
D02u-bNmLok,keanu reeves dice la verdad y habla de ri.tuales en Hollywood,16985,Spanish
7Jz9HOjckdA,Un Lindo Mensaje Para Dar Las Gracias A DIOS Por Este Día 🙏 Oración De La Noche,14041,Spanish
UUVAiTWFXDk,Como hacer casita de Navidad a Crochet regalos sorpresas ideas tejido tallermanualperu,35570,Spanish
ufEEsyFH5iE,MAQUILLAJE NAVIDEÑO ELEGANTE COLABORACIÓN CON BERENICE,17017,Spanish
jNF1h3_LQCE,"TEO GONZÁLEZ💗CHISTES - LUCERITO, CORTE LA LUZ✂️,DIETA🍮, CREENCIA POPULAR, PORTERO GAY E IDIOMAS",6154,Spanish
1K-59BHyqIk,Así la tabla hasta el momento,22013,Spanish
adj0AKj5CUo,El cabreo de Cristiano Ronaldo al terminar el derbi en el Metropolitano: “Mi pxxx madre…”,154521,Spanish
ygCDTkzbhic,6 Luchadores que más se Destacaron al Romperse sus Equipos en WWE,6106,Spanish
xiV72m2bjKk,UN AMOR DE VERDAD ES LO QUE SIENTO POR TI 💕 TE AMO | PARA TI ESTE MENSAJE DE AMOR,10757,Spanish
hjC5AOFfQ0s,El primer vuelo del radar volante ruso capaz de detectar cazas furtivos,17395,Spanish
n6xzsLDzyBk,Lady Gaga - The Cure (Live at AMA's from Joanne World Tour),18937,Spanish
kW0sB0bqNGg,Selena Gomez is Blonde AMAs 2017,84993,Spanish
g6qRGQFLhV4,REPOR-TELECHEA - ESPECIAL ELECCIONES EN CHILE,234499,Spanish
nRRjXVDnDK4,✅Draft Liga Mx Clausura 2018 CONFIRMADO FICHAJES - CHIVAS YA TINE PORTERO ?  Y FIERRO SE VA🙀,176670,Spanish
4Hu3T-mTiWw,Lectura Semanal 20 al 26 Noviembre_Aries a Piscis,3810,Spanish
hPJX2KvOGAw,TOP 7 MAGOS QUE HICIERON EL RIDICULO EN CAMARAS,61742,Spanish
CKcnlKKLfPA,COSAS DIVERTIDAS QUE SE PUEDEN HACER CON SALCHICHAS,82341,Spanish
pgkeWr9554Q,Como hacer el color morado en acrílico fácil y rápido,3966,Spanish
F1-Phmq5Fzo,COMBO LOCO #14 || SI TE RIES PIERDES || BIZARRAP,77444,Spanish
WG72cgkEHUY,Capítulo 13 | MasterChef 2017,27192,Spanish
4xGAmb7-Now,Anitta and J Balvin - Downtown (Audio Official),247685,Spanish
PRxknRSqBdk,Vámonos de Rumba al debut de Pedrito Sola DJ | Soy Dario | Fiesta Bomba de disfraces,1645,Spanish
6eJycB2I42s,misa en vivo de hoy domingo 19 de noviembre 2017,13179,Spanish
DcJiug6StV8,JUNGKKOK PODRÍA VER A JUSTIN BIEBER | DONDE VER LOS AMA | ¿QUIEN ES EL IDOL MÁS POPULAR DE ESTE MES?,33371,Spanish
THvb2NKvMfs,Más bienaventurado es dar que recibir | Palabra de Vida,5295,Spanish
SJrIX2Raego,The Walking Dead 8x06 Temporada 8 Capitulo 6 Avance Subtitulado Español latino HD,6441,Spanish
_9ZD85owi5U,Sebastián Ligarde y su marido ADOPTAN a un chico de 25 años.,3005,Spanish
yXI5E01Ri-0,Santos vs America 0-1 Resumen Completo HD Jornada 17 Liga MX 2017,16053,Spanish
Cc3PdaAaUnM,Preguntas y retos #1! :D,6399,Spanish
ersZr64egAY,Honda Civic Type R. ¿El más hot de los hatch?,26062,Spanish
Pa8an1GDZcM,Gala Montes y Alejandra zapien...Partido verde,7350,Spanish
eyLoAdlI4Eo,DRAGON BALL SUPER CAPITULO 116 LA ELIMINACIÓN DE KALE Y CAULIFLA REACCIÓN Y CRITICA,21142,Spanish
v9Bp2hQ2Ls8,ACTUACION DE TYSHA Y EIMI    ME ESCAPE CON MI ESPOSO,2716,Spanish
wI0OOOXtoqo,"Krippy Kush (Remix) Farruko - ft. Nicki Minaj, 21Savage, Bad Bunny",34743,Spanish
h2HeNfHlsZk,"Altas Y Bajas En Chivas, Llega Elias Hernandez Y Sandoval, Se Va Fierro, Cota Y Gallito Vazquez",37930,Spanish
fINlfyWQR5M,Llueve Cada Vez Más Antimateria en la Tierra y Nadie Sabe por qué,64142,Spanish
sv5RZpqPF7Y,Muñecos diabólicos,4604,Spanish
f54Gslv1VzQ,CÓMO HACER TAKIS GIGANTES - ¡CON SOLO DOS INGREDIENTES! | DACOSTA'S BAKERY,467851,Spanish
PmpGexZh3YU,Abriendo Caja Misteriosa de LUJO de $130 de Ebay 📦❓ |  | Caja Sorpresa,226090,Spanish
F57zZYg5S1g,INDEPENDIENTES DE LECHE - EL PULSO DE LA REPÚBLICA,314685,Spanish
HxPgseObjQs,LE PIDO MATRIMONIO FRENTE A 1000 PERSONAS! *nos vamos a casar?*,834204,Spanish
OvoapR-soOQ,La Resolana con el Capi | Programa 19 noviembre  2017,135560,Spanish
BgHd6t5_pKw,Exatlón México / Las parejas actuales de los Participantes del Exatlón,109349,Spanish
giKpSZGDTaQ,Detector de mentiras y Bruno se va del programa y damaris se burla termina mal!!!,91141,Spanish
DAHcpOp3SE0,COMO VESTIRTE Y VERTE COOL! MODA HOLO | MUSAS LESSLIE LOS POLINESIOS,729800,Spanish
qALn1dGs3W0,Programa completo del 20 de noviembre de 2017 | Exatlón,91873,Spanish
gQMNOV3cIY4,Juan Carlos le Dijo Changuito a Serrath por Besarlo | Enamorandonos,167550,Spanish
rBa2fGqeuF0,American Music Awards 2017: HORROR en la alfombra!! // gwabir,58873,Spanish
ARxcGn6g-oY,PELÍCULAS MODIFICADAS EN DIFERENTES PAÍSES 5,190596,Spanish
gHhzkSRZ-nU,LA CANCIÓN DEL MILLÓN l ¡SOMOS 1 MILLÓN! l Sofia Castro,424092,Spanish
KohuOUQRWZQ,51 INCREÍBLES COSAS que QUERRÁS REGALARTE en NAVIDAD,186660,Spanish
F3Zb366XbQc,Lizeth VS Martin Dejame Volver Contigo Batallas La Voz Mexico,35517,Spanish
AvGglIHWLy4,Nos visitó el Travieso Arce tras su salida de Exatlón | Ventaneando,28970,Spanish
vMsV6uPkLUA,LOS MAS QUEMADOS DE LA SEMANA #ENAMORANDONOS - KINGS DEL WEPA,143237,Spanish
1AJkj_WbWyM,Probando las HAMBURGUESAS MÁS PEQUEÑAS DEL MUNDO,379428,Spanish
OmAGt9h8PlE,¿DÓNDE ESTÁ LA HUÉRFANA AHORA? - Draw My Life en Español,445651,Spanish
aikgdtZG6sE,El color de Cruz Azul y su Pase a la LIguilla,275219,Spanish
qBAcq4J34XU,RETOS en la PISCINA ft. Santimaye I By Kika Nieto,591459,Spanish
4VsoMbtBwsE,VEN a SALAH en el MADRID | MESSI es 9º en la BOTA de ORO ¿Quién va ARRIBA? | ¡ASUSTAN a CR7!,730243,Spanish
36sO84Hq6kw,Imperial Anthem of the Ottoman Empire - Mecidiye Marşı,705557,Spanish
ISimpohUIU8,Así fue el show de Nahuel Guzmán en el Clásico Regio,463634,Spanish
f0BfrckrPfk,"Cada fin de semana miraba a su vecino en el techo, cuando supo lo que hacía pidió ayuda de inmediato",70743,Spanish
QF9JnGVOBzk,¿ EN QUE CASA FAMOSA DE DIBUJOS ANIMADOS VIVIRIAS ? - ElChurches,248930,Spanish
vqF-EdwkuQ0,Enamorandonos la ultima y nos vamos 20 de noviembre 2017,163386,Spanish
3uB4WNT86Rc,Peliculas En español En Vivo - Peliculas De Accion Completas En Español Latino 2017 | j.medeiros #4,262429,Spanish
V00fhRGH2vs,Sin Senos Si Hay Paraiso 2 | Capitulo 81 - 4/5 COMPLETO HD,282357,Spanish
8bfg0ve2gik,Sin Tu Mirada | Avance 21 De Noviembre,21032,Spanish
MQrHlL5P694,La Voz De Mexico 2017 Emma Calo Vs Luis Adrian Cruz Domingo 19 De Noviembre,49084,Spanish
JoLZG4KTfM4,Meet Miss Universe Mexico 2017 Denisse Franco,17517,Spanish
lo-usTlw2jk,El Chapo Segunda Temporada 2 Capitulo 10 Completo HD,106863,Spanish
M1Ou68qEQlc,7 Trucos Fáciles Para IMPRESIONAR A TUS AMIGOS,310425,Spanish
jBHTxCchPc8,"Noticias #71 (Películas de Nintendo, el mundo odia a EA y Star Wars Battlefront 2)",56935,Spanish
pSBz39pcsnM,BTS FUE CON SUS NOVIAS A LOS AMA | ODIAN A ARTISTA POR COMO TRATÓ A BTS | TERRIBLES NOTICIAS...,55160,Spanish
TDLLc4q_qHQ,SPEEDRUN: Resumen de noticias - Semana 47 de 2017,109839,Spanish
1ZFPpY5rxXs,Chef Benito Molina le da la Espalda a Tv Azteca,92926,Spanish
zF7jd0kNwec,[Sub español] 171119 BTS @ AMAs | Cantando y bailando Havana de Camila Cabello,107061,Spanish
2tN5Zzhas98,Tesla Semi y Tesla Roadster - Mi Opinión y preocupaciones,64792,Spanish
bFHOCi7w1ak,¿Se ha logrado el primer trasplante de cabeza en humanos? | Noticias 20/11/2017,189384,Spanish
8uYMXA3YE6Q,¡BOLETO A LIGUILLA! | Cruz Azul 1-0 Veracruz | Jornada 17,37092,Spanish
6tiW6A6440Y,Un beso de Nayeli. Lo que Nano habia esperado toda la vida. Cena romantica Nano & Nayeli. Parte 11,79955,Spanish
1SjdrA0vb4M,⛄️ Pinos Nevados de Papel 🎄  Pinos Navideños  ChristmasTree DIY,23625,Spanish
DHkUbCjJJxE,Señora Acero 4 | Capitulo 11 2/6 Completo | Telemundo Hd,68826,Spanish
dlwgNq5xyMI,Noticias con Ciro Gómez Leyva,17448,Spanish
TWoHp0jsdJc,"LIGA DE LA JUSTICIA, SAW VIII (Opinión) - QUEFISHTV",16275,Spanish
yUeOTFHQbiU,[ Actualizando Responde ] Subir de Nivel y Recompensas | Jugabilidad - League of Legends,105243,Spanish
BXLo2Bifx9A,¿Cómo sabes si eres civilizado?,131777,Spanish
eX-OHWlQmDI,Programa Completo 20 Noviembre 2017,17019,Spanish
IgZST3yloRc,MIS FOTOS VIEJITAS // DONOVAN MORALES,36549,Spanish
0zAX658amBw,AMOR & DOLOR Baladas Romanticas Adoloridos!,34085,Spanish
eqWJ-A6FfCE,Oración para un milagro URGENTE YA !!!,42197,Spanish
t0S3z7biXQA,PON TU DEDO AQUí 4 - JUEGO,100574,Spanish
7HAlPSAOchI,BTS en los AMA! decepción por lo que pudo ser | DisKucion... BTSxAMA 2017,16171,Spanish
vplj4MZFLZ0,Luis fernando finjio casarse con Vanda para ausentarse del programa por que disque ya es actor,14746,Spanish
IcBLqyGo88o,TÚ TODO EL SEMESTRE VS  AL FINAL DEL SEMESTRE // SNAPS ALEX CASAS,51905,Spanish
M46uTHQltQk,Congreso Nacional Extraordinario de Morena y Proyecto de Nación en el Auditorio Nacional de la CDMX,17232,Spanish
eTDqoZ9Nq_Y,El Día Después (20/11/2017): La nariz de Ramos,96131,Spanish
QbCs27FHlB8,Sin Senos Si Hay Paraíso 2 | Capitulo 81 HD 4/5,15169,Spanish
uAbA5BH4aRw,Sin Senos si Hay paraiso 3 Capitulo 81|2/7|Completo HD,107104,Spanish
GtA34b4EoKk,TERREMOTOS CONTRACCIONES  DE FIN DE AÑO Y 2018,18325,Spanish
NGSMsKKX2iU,"Mix Bachata 2017 - Prince Royce, Shakira, Romeo Santos - Bachata Lo Mas Romantico Mix",58422,Spanish
zxPY_BQB66I,TEORÍAS SOBRE EL HELICÓPTERO - The Walking Dead Temporada 8 Capítulo 5,45084,Spanish
FiCuEonr2gw,El Jardin de La Dama Gris Película Completa en Español EU,28113,Spanish
pJhu5ncyzEo,LIVE: Who's your FRONTRUNNER? Miss Universe 2017 Preliminary Competitions ONLINE STREAMING REAL-TIME,349158,Spanish
FE4lFX9t0i8,El Color de Cruz Azul vs Veracruz,88751,Spanish
ozYClctSYA4,Llegando a los 500 k de suscriptores :) ME TROLEAN ;(,13386,Spanish
kiw4JXfMZSE,"Cruz Azul Ya Esta Listo Para Ser Campeón, América Sigue Siendo El Papa De Cruz Azul",23145,Spanish
AXsRjx-wm0Q,Oi nomas ese cumbion papa ... Monólogos shidoris,40679,Spanish
SoWYjZygTKI,Discurso de Lady Gaga al ganar en los American Music Awards 2017,25368,Spanish
Q4dOujCArgg,¿Es pecado faltar a Misa?,9524,Spanish
wds-phL289o,El Equipo del Pueblo arrasó en el Sin Palabras | Venga la Alegría,47602,Spanish
tQEmdge6PE8,"Paige, Mandy Rose and Sonya Deville brutalize Alexa Bliss: Raw, Nov. 20, 2017",175626,Spanish
pXVRc9o_GkM,ARREGLATE  CONMIGO! #GRWM SALIDA CON AMIGAS,60844,Spanish
RcvEB3zJYsA,PISCIS | 20 AL 26 DE NOVIEMBRE | HORÓSCOPO SEMANAL | ALFONSO LEÓN ARQUITECTO DE SUEÑOS,20971,Spanish
53sunA8AAY8,Modelo Cae en Victoria’s Secret Fashion Show y Harry Styles Canta Entre Exes,125857,Spanish
vmosxFCyvzw,Vlog 942 | EVENTO DE COCHES EURO,50025,Spanish
kpxxvjE3OCM,Marian y Mariel- Batallas 2017,31410,Spanish
Bi4HVxXh-ys,La Mejor Payasasita Popotitos !!! Iker Hablando,3283,Spanish
7GOgJz-Sc6M,"Evangelio de Hoy (Lunes, 20 de Noviembre de 2017) | REFLEXIÓN | Red Católica Official",66381,Spanish
fWNBFlThUlk,Jamon Horneado Super Especial,20607,Spanish
BFQwkPVy_8o,The Flash: Ralph Dibny es Elongated Man,7322,Spanish
67kvr5syE4o,SANTA EUCARISTIA 20 NOVIEMBRE 2017 Misa del Día de Hoy - Dia del poder de la Fe,18216,Spanish
yK7OY8XcRX8,RANDOM,12157,Spanish
wr_HWdolNww,¿Quién fue Charles Manson y cuáles fueron los crímenes que cometió?,9127,Spanish
x1UCBCp3auo,Poncho corto o capa con cuello tortuga en punto turco tejido a crochet / Tejiendo Perú,35370,Spanish
zvLEN_SVPAQ,Anni y Jasmin 351 (Subtítutlos Español),25349,Spanish
eSpUfqzNlh0,SANTA MISA DE HOY LUNES 20 DE NOVIEMBRE DE 2017,11197,Spanish
iJ4t7K5l4p8,"AMLO apoya a Claudia ¡CON TODO! en Congreso Nacional/ Monreal, el GRAN AUSENTE",15990,Spanish
WTjvWUCW4sI,Resumen 4tos de final - Jaiba Brava vs Mineros FC - Ascenso mx,3110,Spanish
hAx-Aq4yYBo,"Accion, Gol, Error y Figura Jornada 17 Apertura 2017 Liga Bancomer Mx",33095,Spanish
kqO8hfrTKnA,¡DE ULTIMA HORA! HIGUERA CONFIRMA MALA NOTICIA CHIVAS CLAUSURA 2018 LIGA MX,63894,Spanish
OsVDC9aB3Hc,¡¡Dios Santo!! si lo hubiera sabido antes.. Congelar limones puede curar diabetes y tumores malignos,8800,Spanish
hmJLNfJV9PA,"The Walking Dead, capítulo 5, temporada 8.",52443,Spanish
Hox9MzKFGR4,Tradicional Tronco Navideño | Postre Navideño,4510,Spanish
JooK8Qf8474,Sin tu mirada: Una gran decepción | Esta semana #ConLasEstrellas,17199,Spanish
s6AQL58y9vE,BTS AMAs 2017 REACCION,26292,Spanish
XOZsZ92FXNk,"CIENTÍFICOS DICEN PREPÁRENSE PARA EL 2018, peligrosa falla de Hayward, meteoritos artificiales",15967,Spanish
rSpwfnzJFac,TEMPORADA NAVIDEÑA,7808,Spanish
f1UIhjKqAJ4,¿ESO ES UN INSULTO?,6506,Spanish
2rmGi3VHYIo,DESTINOS: San Diego,14631,Spanish
xFdACsmOEds,ESTOS SON LOS HORARIOS DE LA LIGUILLA 2017,3556,Spanish
cXwy3qvyOQk,Patriots vs. Raiders | NFL Week 11 Game Highlights,888167,Spanish
OSEUMeU_R8M,The Walking Dead EL HELICÓPTERO. Explicación y Teorías. Helicóptero en el 8X05. Qué significa?,16901,Spanish
sj8tlESuI00,EEG Competencia de Verdad - 17/11/2017 - 2/5,15829,Spanish
yKG6jYrJDkE,Atole ( Atol) De Guayaba Estilo8a,15597,Spanish
S-5kypqEqGA,🔥🇲🇽JUGADA COMPLETA🇲🇽🔥RANCHO LOS DESTRUCTORES EN LA MONUMENTAL DE MORELIA 19/11/2017,11497,Spanish
xbdZXFYH9Nw,ENTERIZOS MONOS PARA SEÑORAS MODA 2018,4422,Spanish
8Hx1WS1oeEg,#StrangerThings Millie habla de su conexión con Finn,38012,Spanish
zTq-5PXC38E,IMITANDO VOCES de CANTANTES FAMOSOS!! | Palomitas Flow,75284,Spanish
qtZZN0MLfCE,Llegó el día de la boda - Pato llora,76200,Spanish
j5MXlcFThYc,BTS - DNA Performance #AMAs 2017 REACTION | ORGULLOSO DE ELLOS | SisiuveMustDie,23513,Spanish
iiOgymGiJbA,"Evangelio de Hoy Lunes 20 Noviembre 2017 Hijo de David, ten compasión de mí!",184979,Spanish
FQjx-1OVfBE,¡Hasta Aquí! #Gasazo La heroica Reforma Energética dio como resultado aumento en el costo del gas..,7258,Spanish
C82RZvqZdds,Lo que Los Ricos Saben de la Mente para Tener Éxito que los Pobres Desconocen Según Anthony Robbins,18318,Spanish
sQTG8cuq8xI,Mía busca separar a Raquel de Santiago | Caer en tentación - Televisa,13549,Spanish
tuOs9qkr-3k,Reunión vida y ministerio cristiano 20 - 26 Noviembre del 2017,5659,Spanish
T6detST0m8E,La última carta de Amor,24138,Spanish
Gp6L8sNIsUc,Transmisión en vivo del LXXIII Congreso y Campeonato Nacional Charro #Hidalgo2017,8297,Spanish
2Fuw2IO2Fe8,Como Dice El Dicho - El Sordo No oye Pero Bien que compone (4/4),19074,Spanish
Q9uZzjuc5sk,Halla la ASF anomalías en pagos del IME que dirigía a Vázquez Mota,3550,Spanish
87t_WG4V5Xg,Cable roto de Apple/iPhone provoca una muerte | El recuento,70525,Spanish
AgoyAOp6i5Q,Lady Gaga - The Cure (AMAs 2017) HD,59747,Spanish
IUr6kivKYYw,Luana Lopes En cambio no - Cuartos de Final TTMT 17,5701,Spanish
gZYhQeu_KYM,RICA FAMOSA LATINA 5- FINAL (EPISODIO 36),6984,Spanish
S9nRJH_wrQw,INCREIBLE!! EL REAL MADRID LE DA LA MEJOR NOTICIA A HIRVING LOZANO QUE TE IMPACTARA,55289,Spanish
06FV7p-p7iM,The Walking Dead S08E05 | Resumen,66426,Spanish
fCf3Rx8WjT8,"¡No te equivoques, ni te confundas! El Privilegio de Mandar | Capítulo 02",15193,Spanish
50bqNgBku5Q,COMO COCER LA PASTA DE MANERA ADECUADA | ROMPE LOS MITOS,3019,Spanish
UaprrE8uXkw,Banda Todo Terreno - No me Compares [Music Video 2017],8388,Spanish
gFkGUG8O9NM,BROMAS EN LA CALLE | QUITANDO SILLA A DESCONOCIDOS,8346,Spanish
x8s-vpdkJuk,"+100,100 Suscriptores 🥇🎉🎉🏆💗💖",10854,Spanish
Ioth3ra0uR0,Top 5 músicos que dan pena ajena (Parte 2) l Tops Al Chile!,71786,Spanish
pdurIiF68M4,EXO 'COUNTDOWN' Teaser Clip #BAEKHYUN,349320,Spanish
4Tptq_ciZuI,Pierna de cerdo o pernil al horno con salsa dulce,24094,Spanish
faAFpNvCsJg,America vs Santos 2017 1-0 RESUMEN GOLES All Goals Highlights 19.11.2017 HD,14531,Spanish
unHwog0PVMk,Producción del Exatlón México engañó a famosos con falso contrato.,3193,Spanish
6RCsPgAjWLc,Santa Misa 20 de Noviembre de 2017 Tele VID,13668,Spanish
-8ws44lG7mY,"OBLIGADAS A DESMENTIR A KATE DEL CASTILLO POR EL CATALOGO DE TELEVISA/ ANDREA LEGARRETA, GALILEA",4849,Spanish
hr26UYLzbsk,"America vs Cruz Azul, Liguilla Definida Toda la Jornada 17 Liga Mx Futbol Picante Jose Ramon Fernand",68841,Spanish
mvT1VfDTG0o,Así se hace Incienso en Manera Tradicional!!,9364,Spanish
XUNpE3CFwlg,Tengo una NOTICIA (me llevan de  JAPON!) [By JAPANISTIC],34838,Spanish
04Y5QkFh-C0,Margarita tiene una difícil decisión en Muy Padres,5714,Spanish
mSJ4tEDDd7Y,¡GIRL POWER!,3029,Spanish
byrTmp7Mheg,"Lola Montes, la cortesana que hizo abdicar a un rey",14044,Spanish
HLlhss8cna4,TOP 7: Los Máximos GOLEADORES del TRI,78302,Spanish
Fa7r2m3sP-I,3 Familias Capítulo 21 | TV Azteca,6857,Spanish
lMa-xo6zR-Y,Foo Fighters - Corona Capital 2017,34442,Spanish
ZaNJsUxJjlY,¡Peña Nieto Quiere Comprar a FISCAL! Senador Barbosa lo TUNDE por TV!!!,16727,Spanish
CyL00mgEvSc,ALBERTO MORALES HACE UN EN VIVO Y HABLA DE SU VERDAD EN EXATLÓN MÉXICO,157887,Spanish
OvaIi1AGr0Q,OFICIAL: EN 2018 SE ESPERAN GRANDES TERREMOTOS REPORTE SOLAR SÍSMICO Y VOLCÁNICO NOV 21 2017,118336,Spanish
Sr0D00bgvDo,Explulsan a Yesica del Programa  Por Casi Revelar el Show De Enamorandonos,852390,Spanish
RQt17_TDTSs,Sin Senos Si Hay Paraiso 2 | Capitulo 82 - 3/5 COMPLETO HD,426713,Spanish
wy7qqY4fJFE,Programa completo del 21 de noviembre de 2017 | Exatlón,70288,Spanish
cFkILuJUC00,Programa completo del 21 de noviembre de 2017 | Enamorándonos,370006,Spanish
3pdPW-lfbbE,Nosotros los Guapos DE REGRESO A LA ESCUELA,186309,Spanish
SkWijLlePAg,PROXIMAS PELICULAS DE ANIMACION Trailer Español (2018),992603,Spanish
oPrBJCYLNUQ,DOBLETE de CRISTIANO y otro RÉCORD | “DARÍA mi lugar en el MUNDIAL a BUFFON” | ¿RENOVARÁ MESSI?,700072,Spanish
0qupCrfGqXc,"Farruko, Nicki Minaj, Bad Bunny - Krippy Kush (Remix)[Lyric Video] ft. 21 Savage, Rvssian",1561911,Spanish
TSKG7W3WkQw,#NUEVO - Silencio Interno -Jesús Adrián Romero // Video Oficial,131761,Spanish
3i0qnFel83Q,Los Fichajes de Chivas para el 2018 la grosería de Nahuel y Mas en La Resaca Futbolera Boser Salseo,79799,Spanish
_tscYMLB8GY,Enamorandonos la ultima y nos vamos 20 de noviembre 2017,122727,Spanish
Wqdu7aTt3XE,Franco Escamilla - La Bofetada Buenisimo,157133,Spanish
tNWWjCYw93I,CORONA lanza GUIÑO a CHIVAS | ¿RUIDÍAZ al AMÉRICA? | TIGRES quiere SACARSE la ESPINA,107668,Spanish
t6iCU-l_tBI,"Roxana Castellanos, la Única Lagartona Fiel a Kate del Castillo",86160,Spanish
xMQ7jreFzRE,10 Actores Que Rechazaron Grandes Papeles y Se Arrepintieron De Ello - Los mejores Top 10,177796,Spanish
hhKHa6_LeQQ,Brochetas MAR Y TIERRA | La Capital,72895,Spanish
XLjiLU3d6uA,¿A QUE COLOR LE VAS?,48905,Spanish
zlaFeQvUo_M,12 ÚTILES ESCOLARES COMESTIBLES  ¡BROMAS PARA EL REGRESO A CLASES!,517125,Spanish
wF5PyyFN5H4,Bruno Tiene Pequeña Esperanza de Regresar con Magaly,155380,Spanish
naLyzazAIkw,🔥30 Estilos de HEADBANGING🔥 PARODIA - Grecia Villar💀,32582,Spanish
Uvan-2A4YO0,TEJE TOQUILLA CARMELA - GANCHILLO FÁCIL Y RÁPIDO - YO TEJO CON LAURA CEPEDA,56469,Spanish
2o1LlVyvjxQ,¡Top 10 PEORES Cosas que Hicieron los PAPARAZZI!,190971,Spanish
2kcvdRXKXyE,Sin Senos Si Hay Paraíso 2 | Capitulo 82 HD 2/5,16799,Spanish
sbHj6SanD_I,La Última de Enamorándonos 20 de noviembre 2017 HD,115789,Spanish
Fa3jJK3yfuU,Franco Escamilla.- La mesa reñoña 76,296904,Spanish
c1rWWXPIg50,Daniel El Travieso - Regresó De Los Estados Unidos.,330376,Spanish
bLzqaFbfGhA,ENAMORÁNDONOS ¿El peor programa de la televisión mexicana?,53626,Spanish
1Ii5-giMjmU,Programa Completo 21 Noviembre 2017,20296,Spanish
NyMKPPske6M,La Historia Oculta de la Glándula Pineal,7619,Spanish
7ww0LzdboBQ,Si Aplicas Este Ingrediente en tus pestañas todas las noches Crecerán COMO LOCAS | Lina Mechaz,57100,Spanish
WUNum5wHRjQ,[Full Album] KARD – YOU & ME (2nd Mini Album),75512,Spanish
HNlon27flyo,REMEDIOS CASEROS DE BELLEZA LOCOS Y EXTRAORDINARIOS,71191,Spanish
mDWtkgi6qyI,Cómo hacer PAVO NAVIDEÑO Vicky Receta Facil,32037,Spanish
0VITmnce4kg,Señora Acero 4 | Capitulo 12 4/6 Completo | Telemundo Hd,58226,Spanish
8eIQepsx9Yw,Emma VS Adrian Por Ti Volaré,8315,Spanish
pCGwVdqgSOA,Señora acero 4 capítulo 13 avance exclusivo,10963,Spanish
_voQXBwDIBg,3 IDEAS FÁCILES CON CHOCOLATE | MESA DULCE DE PAM | Quiero Cupcakes!,64423,Spanish
nXHqtN_uuhM,7 LICUADOS PARA LA SEMANA + RETO 3 DIAS VEGANO! RAWVANA,46805,Spanish
MFfcNq-7hvE,20 Curiosidades de LA LIGA DE LA JUSTICIA  - ¿Sabías qué..? #96 | Popcorn News,18117,Spanish
gvTsQ6BP684,Ensalada de Frutas con Crema para las Fiestas,44340,Spanish
0XywizQEx80,Deseret Tavares - Mentiras Verdaderas – María Luisa Cordero - PREDICCION CUMPLIDA,32759,Spanish
avxRbMJTryg,RIESGO DE CÁRCEL PARA GRANDES MANGAKAS  | Noticias anime 127,88860,Spanish
_cQZ-OIN95k,Sin tu MIRADA avance del 21 de noviembre,10319,Spanish
sC1R3VQNK6g,¿POR QUÉ LAS ZANAHORIAS SON DE COLOR NARANJA? 🥕| DrawXpress,96653,Spanish
MaDxJvA6jtU,¡Nueva regla en el Sin Palabras! | Venga la Alegría,56271,Spanish
zzo-HM-435A,Mhonividente en Buenos dias Familia 11/21/2017 RITUAL PARA ABRIR CAMINOS,18799,Spanish
0rLCSpnzknM,Esto soy,60826,Spanish
Q9zKGuBdhYE,CREA UNA MENTALIDAD MILLONARIA Con este Divertido Truco,21923,Spanish
gAXTJyuxWFQ,"3 Familias, avance del capítulo 23 | TV Azteca",3414,Spanish
E8M26EjBJZU,UÑAS NAVIDEÑAS CON LAURA TAGLE,4775,Spanish
Fol--mCWrIU,"Bachatas Hits 2017 - Prince Royce, Shakira, Romeo Santos - Bachatas 2017 Lo Mas Romanticas",51694,Spanish
OU9IwxU7N78,"Top 10 Raw moments: WWE Top 10, November 20, 2017",680569,Spanish
09hpi1u3HOY,RICARDO ARJONA SUS MEJORES BALADAS ROMÁNTICAS (30 ÉXITOS INOLVIDABLES),6514,Spanish
0Ju-iLM-mLU,Matoma - Slow (ft. Noah Cyrus),29912,Spanish
wO2zSfx_I0c,COYOTE: ADVERTENCIA A TODAS LAS CASETAS DEL PAÍS Y UN MENSAJE A SUS EMPLEADOS,21933,Spanish
Op9YzLoVnUA,Las 20 curiosidades de Los Polinesios,8472,Spanish
1SFFhvLvIqY,¡EL FESTEJO DE CARLOS ALBERTO!,9751,Spanish
qV-Cdk90_H0,6 Autos Deportivos Muy Lentos,27443,Spanish
4YYLAinwuok,Mi padre se emborrachaba y me abusaba: Niña de 12 años cuenta los abusos que recibió,35783,Spanish
1amp9q1O410,Mahidevran quiere burlarse de que hurrem tuvo una niña pero termina perdiendo de nuevo,5051,Spanish
9xB1L8hSisw,Mon Laferte - Flaco (En Vivo),23428,Spanish
jp5J3oZZ41I,Como armar una plancha de cupcakes,4563,Spanish
S5wXc4urbIQ,Maestra violadora. Ya te la Zares.,8351,Spanish
YIyGi2mpBMg,Señora Acero 4 - Capitulo 11 Parte 4/5,130088,Spanish
hIFM3PnijWw,"HERMOSAS Las Canciones Que nos asen recordar como llegamos a amar - Baladas del Ayer, Hoy, y Siempre",48692,Spanish
2TDN9sXuzOc,CHUY HABLA DEL CLÁSICO Y DE SU SALIDA A CHIVAS,72472,Spanish
NVfoO0TlUYA,¡Le dice gorda a sus espaldas!,9957,Spanish
ixAQx4SaTxk,Me declaro culpable | Avance 21 de noviembre | Hoy - Televisa,15767,Spanish
A3E7vqK-lB8,Guerra de Chistes - La riata con manitas Radames 🤔😂,2701,Spanish
tMjLagiQji0,10 películas increíbles que se estrenan en 2018,105204,Spanish
Mq3tMW43UaE,¡Hasta Aquí! #BuenFinViolento 2017 en números rojos: más de 18 mil 505 carpetas de investigación.,7560,Spanish
nuHvMv0vwSw,Lety le dice a fernando que la mujer que presento luigi no existe,5275,Spanish
s4E3satW_Mk,OSKARIN Y JONATHAN YA NO SON AMIGOS Y LE ENTREGA SU PLAYERA,15086,Spanish
9NW3KK66tD0,AVANCES - PROXIMO CAPÍTULO 13 MIERCOLES 22 NOVIEMBRE - SEÑORA ACERO 4 LA COYOTE,4210,Spanish
7_jpjUXyVrE,Mariana Fonseca Afuera esta lloviendo - Cuartos de Final TTMT 17,11365,Spanish
GiE7aa0Dewo,REUNIÓN VIDA Y MINISTERIO CRISTIANO ESPAÑOL LATINO MÉXICO DEL 20 AL 26 DE NOVIEMBRE,14259,Spanish
xoQtAiEO_wo,DOBLETES DE CRISTIANO Y BENZEMA | MONACO Y DORTMUND FUERA | CITY SIGUE GANANDO | SEVILLA EMPATA,208665,Spanish
QWw5ckwlMv0,"Ensalada rusa con camarones, PIÑA RELLENA DE CAMARONES, Entrada navideña, receta super facil # 479",7077,Spanish
YJKTo5xmQXs,El Patrón Alberto furioso por función benéfica cancelada en la CDMX,11244,Spanish
yRVCseik2eI,EL SUPER NAMEKUSEI QUE PUEDE SER CREADO EN EL TORNEO DEL PODER | ANZU361,41427,Spanish
_IL4_XBu26M,¡EL MEJOR POLLO ROSTIZADO  CON PAPAS!,10403,Spanish
TDAAqT8Sgg0,Yuridia - Llévame (Preview 1F) Estreno 24 Nov,1658,Spanish
tzYEwpD3EPU,"Evangelio De Hoy 21 De Noviembre De 2017, Lectio Divina - Tele VID",19865,Spanish
UXkuWSLxCUE,Así inició #AristeguiEnVivo este 21 de noviembre 2017,38149,Spanish
XPXR5oOrTFs,El CHAPO  Avance Capitulo FINAL de la segunda temporada 3 DE DICIEMBRE,13942,Spanish
7u9rrh6LmL8,¿POR QUE BTS NO FUE AL AFTER PARTY DE LOS AMA? | REVELAN ORGASMICASS FOTOS DE BTS,33622,Spanish
HorvnjkSk1I,Sin Senos Si Hay Paraíso 2 Avance Un Nuevo Día Martes 21 de Noviembre 2017.,39690,Spanish
hjerEI3tMhU,Por esto ADORO mi Mercedes 4x4! | Salomondrin,147211,Spanish
CsJSTSw1wD8,Transmisión en vivo del LXXIII Congreso y Campeonato Nacional Charro #Hidalgo2017,37200,Spanish
wPc4yzUiYaU,"Pregúntale a Norma Arzate, Plática Gratuita Online.",1539,Spanish
dCeRw7B5GKM,La Boda de la Dama3 Gris Película Completa en Español EU,13198,Spanish
wN01k0lX1_E,Elecciones 2018 escoge entre marranos,5322,Spanish
h5h0qNSSMiI,Octagón: Que nos digan quién fue la que nos canceló la función,10617,Spanish
joVUBeFsOUE,Queso Panela  Botanero Con Jamaica,17218,Spanish
FZffuJNnOCc,Gilberton el joto. Muy bien,12466,Spanish
Y5PAL9aoRd8,"Ganadores, Robos Y Eliminaciones Batallas La Voz Mexico 19/Nov/17",4531,Spanish
8rZ0GQgolOk,MÉXICO - Un País del Tercer Mundo?!  │ Extranjero Opina  │ WeroWeroTV,16048,Spanish
ao6RW4Zy3Ew,MARCO ANTONIO SOLÍS Sus Mejores Éxitos - MARCO ANTONIO SOLÍS Sus Mejores Baladas Romanticas,3869,Spanish
_3qD6IIsm7U,Fiscal del Edomex habla del asesinato de Adolfo Lagos - Despierta con Loret,3521,Spanish
XxfNkgTURzc,"En diciembre, GABINETE de AMLO/ ADIÓS a pensiones de Fox y Calderón",34358,Spanish
35VoQ_bT-Tw,DETRÁS DE CÁMARAS: Videojuegos En La Vida Real 2 | QueParió!,24660,Spanish
Q38yRfLnkSU,Musiko Anexo Disco Completo 2017,15368,Spanish
QSLNNiTaF00,Liverpool vs Sevilla 3:3 Highlights / Champions League,314617,Spanish
uzVLtPyKWKU,Programa completo 21 de noviembre 2017 | De Primera Mano,10806,Spanish
PZpWtr-ehcc,¿A que kaioshins estaba Ligada la vida de Bills? ¿Por que no murio?- Dragon ball Super,20247,Spanish
cEY-z2ePeuk,[2017 MAMA] Upcoming! BTS Performance!,89751,Spanish
6QoqBKGR7A8,CANTANDO LOS ROAST YOURSELF SIN ESCUCHARME ♥ | Yarissa,220870,Spanish
L13rXJb8-wc,JONATHAN pepe ENAMORADO DE ANA MORQUECHO,3511,Spanish
tDb9bJxEFa0,UCDM: El mundo de la ilusión - Enric Corbera,12176,Spanish
SUlJEeYdWtk,"Liz Vega despues de contraer H3RP3S EN TV AZTECA,sufre PAR4LIS1S FACIAL.",8431,Spanish
pVk3X1RbcME,PRESENTA AMLO 8 MUJERES EN SU GABINETE,4980,Spanish
ttWgQo5JlBE,Primer Plano - Lunes 20 de noviembre de 2017,6836,Spanish
8tkKs-nGhPA,CHAYANNE SUS MEJORES EXITOS BALADAS ROMANTICA MIX - CHAYANNE 30 GRANDES EXITOS CANCIONES ENGANCHADOS,3767,Spanish
IEmD9Pn18ec,La vida de los polinesios | vídeo de (TIK TAK DRAW),5985,Spanish
wcvFSoTj3S0,Oumuamua: El Extraño Objeto que Llegó de Otro Sistema Planetario,83610,Spanish
2TN9tbVqBL8,La profesora Himawari,8499,Spanish
ZJLPy4-2C0U,"ELÍAS HERNÁNEZ CERCA, FIERRO FUERA Y COTA CHIVAS REFUERZOS CLAUSURA 2018 LIGA MX",38630,Spanish
trv5x20FJxo,TU Roast Yourself Segun Tu Mes de Nacimiento!,4996,Spanish
WucID3EqzfY,MEJORES MOMENTOS ¡RETO FÚTBOL! FUNNY MOMENTS [1 año Crazy Crew],257130,Spanish
Rdo1UUSVNu8,Sanidad y medicina a través de la fe | Palabra de Vida,7298,Spanish
q6fty_URrMw,Papá a toda madre: Venganza disfrazada de amor | Esta semana #ConLasEstrellas,15778,Spanish
x1WvlYqMsNc,"LA RUSA EN GUADALAJARA l El encuentro, La Luz del Mundo",7626,Spanish
ot-nVtqQDv8,Extraterrestres denunciando la política de la tierra (Parte 1),14961,Spanish
Fho-9OQEXXM,El abogado quiere hacer a lapizito parte de su equipo | Enamorandonos,5241,Spanish
F7oNB5FZi5o,"Julio Astillero. ¡Felicidades, Enrique: récord en octubre!",1912,Spanish
2ENGLa1THsY,MICHAEL ARROYO Nuevo REFUERZO De CRUZ AZUL?,5656,Spanish
x0cx1YDXhXI,[Sub español] BTS Creación de BT21 - EP.11,26000,Spanish
hyh4ZNdykt0,Me Declaro Culpable Avance 21 de Noviembre,19328,Spanish
TCIaPcz9K2A,BOMBAZO!! WANCHOPE ABILA ES EL NUEVO DELANTERO DEL AMERICA Y MIRA EN QUE FECHA LLEGA,5540,Spanish
KwYYsMF2fbs,Gluteos piernas y Pantorrilla workout glutes leg and calves - Ana Mojica Fitness,8340,Spanish
Gnikgn0vlQM,Miss Universe 2017 MEXICO Denisse Franco (FULL Performance Preliminary),2665,Spanish
dSZTHvARYPg,“Ya para de hablar de mi hermano | Larrymanía | Universo,66133,Spanish
lF7NSva6VuQ,"Dance Moms Latino - Cathy lo pierde todo (Temporada 7, Episodio 14)",1762,Spanish
AW0_JNBA3go,Cesur ve Güzel Capitulo 73 Español Latino,29259,Spanish
UPueeteF_SE,KIMHYUNJOONG (김현중) - 2018 WORLD TOUR HAZE IN SEOUL TEASER,23875,Spanish
dE0G88lF6vo,Sin condón no hay relación | Lo Que Callamos Las Mujeres,9992,Spanish
_QnL6W102ek,Sorteo Mayor No.3648 del Martes 21 de Noviembre de 2017. 45º Aniv. FOVISSSTE,6821,Spanish
IqI_XQ_GBYE,Huérfanas - Capítulo 39 - Eylül se sacrifica por su madre,14194,Spanish
mG9Jmtkkiks,CRUZ AZUL VA POR TODO EN LA LIGUILLA CONTRA AMERICA,3690,Spanish
XKZhnOA6YzY,¿Qué tienen Natalia y Pedro en La Maraña? | Hoy,10294,Spanish
mm0smQ0IM3A,Jos Canela 😭 Llora!😭😫 En Entrevista Al Recordar A Su Familia -CD9,7294,Spanish
JpampzJWQSw,⚽RUMORES DE FICHAJES DE LA LIGA MX RUMBO AL CLAUSURA 2018⚽,50914,Spanish
6IJmT4Wpan0,Monje Shaolin vs Campeon Muaythai - LA PELEA DEL SIGLO!,10794,Spanish
e1iRr1xVerk,9 FAMOSOS VETADOS POR HOLLYWOOD,4249,Spanish
e51fmF1R4PM,Boulet Brothers DRAGULA Season Two: Episode Four,33226,Spanish
zyR0n0MwqFI,FRENTE FRÍO EN MÉXICO - REPORTAN 4 SISMOS DE 5 EN EL PACIFICO | Pepe En Vivo,12411,Spanish
r9c8SxyTeuk,Señora Acero 4 capítulo 12 Completo Lunes 20 de Noviembre del 2017,39790,Spanish
Km6uEvxueP8,Las 10 Respuestas Mas Graciosas en Exámenes (parte 3),718950,Spanish
izCePY8Pxu0,Los Simpson  - LA BANDERA DE BART ( Parte 3/5 ) - En Español Latino HD,62453,Spanish
oXtHVjHm-eo,LAUGHING JACK | Draw My Life,959097,Spanish
8YjcB-1rrss,¿HOT DOG DE SUSHI VS HOT DOG DE COMIDA PARA PERRO? 🐶 | RETO SKABECHE,197195,Spanish
hTyh2sjFvTk,Pepe & Teo Opinan | AMA's | Australia | Margarita Zavala | Justice League,31956,Spanish
xQuZhtxy3qs,Programa completo del 22 de noviembre de 2017 | Exatlón,82012,Spanish
JYkBYABFvTY,Programa completo del 22 de noviembre de 2017 | Enamorándonos,367322,Spanish
nmjL_IIAwoM,Explicación : La Inevitable Derrota De Jiren - Dragón Ball Super.,346665,Spanish
M__E_gQUW5E,Toluca vs Morelia 2-1 Goles y Resumen Liga Mx 2017 Cuartos de Final IDA,64150,Spanish
1iAFNotcUU4,La Wanders Así de Fácil Cambió a Brian por Sebastián,243978,Spanish
lnOU22oV0m4,Malcolm El De En Medio - Temporada 4 - ( Escenas Pasadas 2 ),85575,Spanish
WXNaX3M0cBw,LA ÉLITE vs  RAKITIC & CARLES ALEÑA,502680,Spanish
xCjASBG5qkw,Enamorandonos la ultima y nos vamos 22 de noviembre 2017,131516,Spanish
xTVD68rqJVU,Sin Senos Si Hay Paraiso 2 | Capitulo 83 - 2/5 COMPLETO HD,299056,Spanish
C2TCuR6UfOM,¡Top 5 de Datos sobre Coco de Disney y Pixar!,154051,Spanish
mfDVl0L59PY,Náufrago.,75596,Spanish
dydb0O0ZNa4,Mike Salazar las anécdotas de mi abuelo,20803,Spanish
6ZRLyeJ7hOU,PONEN a DAYRO en PUMAS | CAIXINHA listo para CRUZ AZUL | HONDA ve a TRES MEXICANOS para EUROPA,108268,Spanish
enkqBq90Lig,¿POR QUÉ MESSI no fue TITULAR? | La ‘MCN’ APLASTA | GOLAZO de GRIEZMANN | IBRA hace HISTORIA,743998,Spanish
TURsjT05_NE,Un día con Maire,24604,Spanish
qnU7IaKosOc,Nosotros los guapos TEMPORADA 2 CAPITULO 5 los mecanicos,99567,Spanish
FfSZM1U4JDc,"TRENDING 22 NOVIEMBRE - JUANPA EN FORBES, SUBE SALARIO MÍNIMO, JOHN LASSETER ACOSO SEXUAL Y MÁS.",126036,Spanish
bix8qWbrZ-0,Chucky (La Trilogía) | Te Lo Resumo Así Nomás#139,146210,Spanish
PjQUSTHrbFQ,COCO Clips + Trailer Español (2017),106453,Spanish
yyt6ES9ZwB4,"Derrumbe en avenida Lázaro Cárdenas, Monterrey, NL.",8653,Spanish
JtD3NCfzoVc,Reflexión... El Pastel de Dios,19258,Spanish
dV3PfQcqsgw,Los CANÍBALES de la JUNGLA - EL EBU GOGO - Draw My Life en Español,327081,Spanish
kIQg2l3vmaU,Toluca vs Monarcas Morelia 2-1 Resumen Completo HD Liguilla Cuartos de Final Ida Liga MX 2017,28741,Spanish
BCuYbik5csc,Programa Completo 22 Noviembre 2017,20410,Spanish
MVtbzaG1dVU,Señora acero 4 capítulo 14 avance exclusivo,11479,Spanish
y3QZQkfM5sk,ATACAN y ACOSAN A BTS|CHANYEOL de EXO NOS LO MUESTRA!|BIGBANG y TOP JUNTOS de NUEVO|COMEBACK? Y MÁS,116870,Spanish
kJ3GUx5IRQQ,Daniela y Brian estan cañooon!!! ENAMORANDONOS,25507,Spanish
2ESi2Nf3nso,Me declaro culpable Avance 22 de noviembre | Hoy - Televisa,23216,Spanish
iXVNbei0TDQ,El Parcerito - NI AQUI NI DE ALLA ft Paulo Londra . (Video Oficial),382009,Spanish
54Q-bDKBpSw,PROMESAS del FC. BARCELONA vs YOUTUBERS - FUTBOL CHALLENGE,334920,Spanish
p0E1Iu5dO74,Sin Senos Si Hay Paraíso 2 Avance Un Nuevo Día Miércoles 22 de Noviembre 2017.,47435,Spanish
GDCbjyoiAcE,Bagets De jamon Y queso,29236,Spanish
DWlg9Kud7t8,Señora Acero 4 - Capitulo 13 Parte 3/5,29343,Spanish
laPu7lOE0jc,Irlanda Vs Erika Duele,58979,Spanish
3ncMdLwPGMk,Robert Mueller Zeroes in on Jared Kushner: A Closer Look,426630,Spanish
6cvwh8s7wNc,"3 Familias, avance del capítulo 24 | TV Azteca",4337,Spanish
pfCggcG2SRc,Frozen: Una Aventura Congelada - Anna Mejores Momentos,51426,Spanish
73n__UvCtRU,Equipo de los famosos se queda sin competidores /Exatlon México,8352,Spanish
c9l6MdIGzg0,Programa 22 de noviembre 2017 | Ventaneando,35109,Spanish
lz3oNemTUc0,HISTORIAS DE TERROR CORTAS III (RECOPILACIÓN DE RELATOS),8581,Spanish
sn70RHv7p50,Baladas Romanticas Exitos #01 Grandes Canciones Romanticas,17463,Spanish
eYd8DE6wKZY,Sin Senos Si Hay Paraíso 2 | Capitulo 83 HD 2/5,14632,Spanish
EhdywsQZPFk,🎄  Mini Coronas Navideñas con Limpiapipas❄️ Christmas DIY,16733,Spanish
p7I_GG5scOU,"Ávalos prosticatálogo y ahora niega todo, Ex participante de La Voz México confirma fraude",10436,Spanish
7jXVLQLHvuM,UN MUNDIAL CON PERÚ - DEPORTOLOGÍA,59651,Spanish
u4H9q37218M,LA MEJOR MUSICA DE HOY!? 😱,179282,Spanish
HmZVjeKERDA,El Misterio del Jamais VU (Lo contrario al Deja vu) -¿Que es un Jamais VU?,41285,Spanish
PPl5NGsclL8,7 Cosas Que LAS REDES SOCIALES Han Cambiado En Nosotros,184459,Spanish
n_HruKwZzNg,😍Que delicioso almuerzo le preparó Wendy a Julio😍 Debe seguir Wendy en el canal si o no?. Parte 3,89149,Spanish
ECVANkUlXQQ,No se rían pero fui hasta Modelo 😜 #Anecdotario,31783,Spanish
a2VgAITLURM,¡DECORA EL ÁRBOL DE NAVIDAD CON NOSOTRAS! | PASO A PASO,10419,Spanish
QeaUscqjeDI,Señora Acero 4 | Capitulo 13 2/6 Completo | Telemundo Hd,49080,Spanish
jPQnNwZT9Uo,PROBANDO LAS 7 RECETAS DE SLIME 💦 +POPULARES DE YouTube! ❤ MAS SORTEO DE SLIME - Lokos por el arte,9360,Spanish
DzhYNdYNUYI,Examenes Finales,6122,Spanish
ywFn3JfgXjE,1x01 - KIMBERLY MANGRUM | MADRASTRAS MALVADAS,11193,Spanish
hnKOwrikYyM,TE QUIERO PARA MI | Un Hermoso Audio De WhatsApp,14046,Spanish
WI176SaL43w,DECORA CONMIGO EL PINO NAVIDEÑO | #NAVIDADCONMONILLACA,7063,Spanish
iaIg-2MT0gg,iPHONE X DURAS PRUEBAS CONTRA TODOS!!,108269,Spanish
8lkNmF_Ot8o,CHEESECAKE VEGANO SIN HORNO,6447,Spanish
JKUnA0bD5h0,"COMIDA en MINIATURA: Pizza, Hamburguesas y Pasteles - DIY Manualidades - Vloggeras Fantásticas",6687,Spanish
sLMNES4_pUw,Así inició #AristeguiEnVivo este 22 de noviembre 2017,34417,Spanish
zcxqYocEHHM,"MAQUILLATE BONITA, LOOK SEXY Y DRAMATICO",68980,Spanish
FRJ03fZc4BU,"Joan Sebastian,Juan Gabriel EXITOS Sus Mejores Canciones MIX - viejitas pero bonitas de los 80 y 90",13901,Spanish
UyVXbpztL7M,Exatlón México / Antes y Después 2017,5197,Spanish
tZDPbG1QX1M,Mi obsesion por Rachel,32492,Spanish
4tQvC2r7EbA,Conejo Pérez Habla de su REGRESO a Cruz Azul Si Quiero Puedo Retirarme en Cruz Azul,4515,Spanish
XOOo-ds5i-8,TODOS MIS SECRETOS EN UN ENVIVO💅🏻🦄 RENATA ALTAMIRANO,10152,Spanish
cVy9W0vZPYI,Paga en lagrimas y ven como perro-a pidiendo perdon de rodillas,7719,Spanish
iVUCGjd63yU,La Última de Enamorándonos 21 de noviembre 2017 HD,55555,Spanish
3M0XlriOHdE,NO BUSQUES LA FELICIDAD,9899,Spanish
tg-Ak7Ey_38,Evangelio de Hoy Miércoles 22 Noviembre 2017  Por tu boca te condeno,198519,Spanish
1ofQxXQqRTI,Ensalada de Papas,2465,Spanish
L4SNs88EmsA,Sin Senos si Hay paraiso 3 |Cap 83|2/7| Completo HD,79561,Spanish
kj4YsyNz8VI,DERRUMBE DE 4 CASAS EN MONTERREY (ESA ERA MI CASA) - NOTICIAS DE LAS 7 pm  | Pepe En Vivo,8856,Spanish
TCHdQoaABeA,Los 5 Mejores Goles del América en el Apertura 2017,3511,Spanish
0q7coD0wAHM,The flash:Barry confronta a DeVoe (sub español),7576,Spanish
JBCncuv6YmQ,MAQUILLAJE CÁLIDO CON DELINEADO METÁLICO,6240,Spanish
YTuoZiGiaSI,Sumire casi se le declara a Boruto,12579,Spanish
Gp_igEpAi3s,EL SHOW DE LA MOLE PROGRAMA 3,31280,Spanish
WFy24jsuR3Y,INESPERADA NOTICIA DE BTS ES TENDENCIA | CL EX 2NE1 LLORA | ¿INTEGRANTE DE BTS ES TENDENCIA EN USA?,43787,Spanish
8MseuJyq3dw,MIJARES - GRANDES EXITOS,2789,Spanish
tFnH4Mz5mCA,Denisse Franco Miss Mexico Universe demostró su talento para la imitación,9037,Spanish
Dw7verGkl5c,Motorola - Up-upgrade,39724,Spanish
OIorDbqDV6o,"Ultimo Momento Caixinha Ya Se Arreglo Con Cruz Azul, La Maquina Buscara Humillar Al América",39238,Spanish
H-5UHuSFi78,Anderlecht vs Bayern Munich 1-2 Resumen Highlights Goals UCL 22/11/2017,143950,Spanish
H1azYdjrpIU,¡Cuidado con esa mano en el Sin Palabras de Venga la alegría!,62563,Spanish
IN1qt6JzHag,"Vestido de Novia h&h Mexico LAURA, REGINA y KAREN",16091,Spanish
uC6gEUqBaeg,22 de noviembre de 2017 1900h Pronóstico del Tiempo,2220,Spanish
qx5V6h3wwYs,Para que no me digan Chirisca,8015,Spanish
K5OSO74IQqU,Famosos que a sus más de 80 Años Siguen Trabajando,13154,Spanish
8bkCwFbI924,Incendio zinacantepec - incendio llantas toluca,5084,Spanish
lTo29-m7HZQ,Testimonios e investigación del asesinato de Adolfo Lagos Espinoza - Despierta con Loret,24203,Spanish
ZcGAXmaAvJg,Sin tu mirada: noticas que rompen el corazón | Este jueves #ConLasEstrellas,7888,Spanish
YxBLAIdD2PA,Dante Gebel #531 | Paz perfecta,41112,Spanish
q7xABjacvyo,Mi nuevo Enhebrador de agujas,6976,Spanish
qEUQaBAmeHc,“Te recomiendo que no vuelvas a casarte | Larrymanía | Universo,71913,Spanish
d91GYg-Yp2w,Lo Que Pedi VS Lo Que Recibi 🤷 Fashion Haul 🦄 Bessy Dressy,18422,Spanish
7J48ikannyk,"Ensalada De Zanahoria y Manzana, Deliciosa Receta!",5673,Spanish
vrDJbGMRMpc,E45. ¡Serás papá! Muy Padres,2676,Spanish
-5_-rG709_I,Nos moveremos 2018,10348,Spanish
ki0DxBgQtsg,Costillas de Res Barnisadas con Salsa de Refresco de Cola,8439,Spanish
wns7d628Xig,"¡Hasta Aquí!   #MiseriaSalarial Miserable aumento al salario mínimo, pasará de 80.04 a 88.36 pesos",8185,Spanish
xXlGt0wlPV4,10 LUGARES INCREÍBLES QUE REALMENTE EXISTEN,129366,Spanish
EBmyi0gQ25w,VIEJOS PRIÍSTAS EL EQUIPO DE AMLO,3921,Spanish
dX2J4u5ZQto,LOS MÁS RICOS CANAPES DE QUESO NAVIDEÑOS,7216,Spanish
TinC2lI5szA,¡ULTIMA HORA! ERICK GUTIERREZ DA RT A CHIVAS CLAUSURA 2018 LIGA MX,65964,Spanish
CEzMg7FJwbk,Sin Tu Mirada | Avance del capitulo 9 (23 De Noviembre),15202,Spanish
pkavSfYrDrY,Omar le da a lety el contrato,8155,Spanish
Lug7cTr75kE,Prediccion Cumplida Mhonividente Gabriel Soto y Geraldine Bazan se divorcian,9362,Spanish
63_AvmR4IGs,"DESESPERADOS, el Frente COPIA proyecto de AMLO/ ¿Quiénes son los POPULISTAS?",22187,Spanish
Zh_tlFkQtnI,Enamorandonos CONTRATO a la Wanders,19322,Spanish
Ncnblw00M9c,Papá a toda madre capítulo 23 parte 2,7636,Spanish
_eSdJLqKbOw,10 PAPELES FAMOSOS Que Los Actores TEMIAN Interpretar!,10062,Spanish
YvOC7g1TX5I,Sesión ordinaria del Consejo General del Instituto Nacional Electoral,3204,Spanish
mzKZWr47YYk,La Rosa De Guadalupe | Cosecha De Odio (2/2),25220,Spanish
vyycwWawvw4,Ximena Navarrete habla sobre Denisse Franco,5352,Spanish
EXPQRxfAZjE,"Videos Graciosos | Videos de Risa | Videos Para Morirse de la Risa, Fails, Caídas, Golpes - part 45",31482,Spanish
_ZOLhwqXW-E,MasterChef Celebrity 2 - GRAN FINAL (COMPLETO),17019,Spanish
SznDBvjcxA0,10 Famosos que tienen un amor platónico imposible,114847,Spanish
M2fKV2pC4Kg,GABRIEL SOTO Y GERALDINE BAZAN SE SEPARAN: GUSTAVO A INFANTE !!! ShanikTv,14687,Spanish
EHtCFDljEzc,PELUCHE MÁGICO Como hacer un peluche 2 EN 1 KAWAII con CALECETINES - PUSHEEN SE TRANSFORMA EN OVEJA,10222,Spanish
gNosCHmquw8,Mitsubishi: Marca X Marca,13711,Spanish
5wnr3vmr8hA,Video promocional Cocina Vegan Fácil,4851,Spanish
zS59tzopsPU,Peliculas En Español En Vivo - Peliculas De Accion Completas En Español Latino 2017 | JoleloVids #1,86540,Spanish
j8S2qkcnih0,Papa a Toda Madre | Avance 23 De Noviembre,7600,Spanish
i1SJbe7yVtU,Lo MALO del FREE WiFi Internet en JAPON [By JAPANISTIC],28378,Spanish
BVcejgZ3DKQ,Huérfanas - Capítulo 40 - Sedat logra vengarse de Banu,12349,Spanish
ajCZbRdX2oM,Detrás de: Zoe | Personajes | Campeón | League of Legends,102644,Spanish
LPfNEqWHMMY,Obligarían a Fernanda Castillo a Revivir a Mónica Robles,42542,Spanish
WI2nwkw-sD4,Cesur ve Güzel Capitulo 74 Español Latino,29651,Spanish
kPDhEJ2pttA,Científicos Confundidos por Ensordecedores Sonidos Oídos en Todo el Mundo,51397,Spanish
5pxK27gKnyg,Se derrumban casas en Lázaro Cárdenas por obra en construcción en Monterrey Nuevo León,6254,Spanish
v3GHvLji9iU,"A partir de diciembre, el salario mínimo en México sube 8.32 pesos",1771,Spanish
gHeJ-wxrvLE,ADIOS A LA CHOFIS!! ESTE ES EL NUEVO 10 DE LAS CHIVAS PARA EL CLAUSURA 2018,26836,Spanish
ENuKWdBmwos,La Mano Peluda (Especial de 5 Relatos) - Juan Ramón Sáenz (218),2187,Spanish
KL1snaQFriU,🔥 Gabriel Soto y Geraldine Bazán se divorcian 🔴| Noticias al Momento gabriel soto carga a marjorie,15605,Spanish
hjsnTPYMvVE,PELEA: José Ramón vs Peláez se Tiran Con Todo  Te Corrieron del América A Ti de TV Azteca,129820,Spanish
ula2bTsYvo4,Programa completo 22 de noviembre 2017 | De Primera Mano,5075,Spanish
7x3dOcQyp38,Carrusel | Capitulo 5 Completo HD | Audio Latino,8117,Spanish
qxahiTteFts,Feliz y Bendecido MIÉRCOLES 🎁 ABRELO TIENE UN HERMOSO MENSAJE PARA TI 💌,23176,Spanish
fXAKGz7N2x4,Jonathan & Ana morquecho regresan como Amorosos!!,20233,Spanish
fj5LeFsVuqU,Prepotente Se Creía Intocable Pero le Callo La Policía,4190,Spanish
jk549Xiv7fo,Feliz y Bendecido Miércoles,33808,Spanish
nsfMSCQIJXY,¿A QUE YOUTUBER LE HE COPIADO? - TAG DEL YOUTUBER HIPOCRITA l BECKY GARCIA,8378,Spanish
XVMm27nZdtE,Los líquidos que necesita tu motor - Explicación - Cooper Consejos,16586,Spanish
toO3MwB7uxo,Fresas glaseadas con licor para Navidad y mesa de postres,4957,Spanish
8l7dxNGX3BY,Enamorandonos Programa 22 de Noviembre 2017 Part. 2,4346,Spanish
921VacPJbFM,Historia de Vanessa y Paulino 7,28084,Spanish
sS7gq4Pf59c,CARO VS BARATO: ¡HOT DOG CASERO CARÍSIMO! (+$45 dólares) - La Cooquette,35544,Spanish
WNt05qK-EF0,Cibernético: Es una impotencia tremenda querer ayudar y que te amarren las manos,113056,Spanish
0RRgALgQpi4,HAUL ROPA CHINA: LO QUE PEDÍ Vs LO QUE RECIBÍ ♡│Mirianny,14737,Spanish
mEj_V0M86HI,Un Hábito Infalible y Sencillo de Ahorrar Dinero para Invertir |Estrategias Psicológicas Comprobadas,14673,Spanish
c3sz2FahQRs,SARITA I La Contactada de México. ¡TODA LA VERDAD! #InsólitaExperiencia,6660,Spanish
ddubUDZh8sE,"Pachuca a Final Copa Mx, Empieza la Liguilla.  Cruz Azul vs America - La Ultima Palabra",62010,Spanish
s-jYSDaHc1w,FUE LLEVADO 10 AÑOS A OTRO PLANETA POR EXTRATERRESTRES NORDICOS PARTE 1,11069,Spanish
LPnU5T8QmvE,Senora Acero 4 Capitulo 13 Martes 21 de Noviembre del 2017,56927,Spanish
t9SN68rQBfk,Último Momento! Cruz Azul Contrata a Caixinha como Nuevo Técnico | Jémez Ya Tiene Equipo en España,15141,Spanish
rzvWnWVaifw,10 Noticias curiosas del mundo,1237702,Spanish
wKVtG-XVo60,Exatlón México | Programa 28,144370,Spanish
gDuslQ9avLc,Захар и Полина учатся экономить,62408,Russian
AOCJIFEA_jE,Биржа Мемов #29. Большой выпуск,330043,Russian
VAWNQDgwwOM,ХАЙП КЭМП - СВОЙ СРЕДИ ЧУЖИХ,424596,Russian
gknkFwKQfHg,Сочная кесадилья с курицей,112851,Russian
3sYvZcwzZr8,КЛИПЫ РОДИТЕЛЕЙ НА ШКОЛЬНЫЙ ВЫПУСКНОЙ,243469,Russian
SLF34Gt_UxQ,АНОНС / Versus Fresh Blood 4: Война Стилей,733936,Russian
YVcroDDi24s,ЗАМОРОЗКА ЧЕЛОВЕКА + 1 К БЕССМЕРТИЮ — ТОПЛЕС,1131851,Russian
TZdNwUSgRHc,"РПЦ незаконно строит храм, полиция смотрит как бьют местных жителей",97006,Russian
YxEJVGfP74Y,Итальянцы VS русская народная медицина,105116,Russian
6X4YapxVq0A,ПИПЛТØК - PARALON (дисс на PHARAOH),64303,Russian
Omdo0bhd4Q8,#МОЙ ОТЕЦ,163041,Russian
CMRuwAxwFzk,Раскрутка и продвижение на YouTube,23405,Russian
t9NxCOsmzcY,Андрей Талалаев: Енисей взял скоростью и контролем мяча,113371,Russian
sI2Mpp9AWRg,ЗАЧЕМ ПУТИН ПОЙДЕТ НА ВЫБОРЫ?,210181,Russian
ZYNJKWCFrH8,ЗАБЫТЫЕ ЗВЁЗДЫ 2000-ЫХ,191348,Russian
ss0q7YJ8weU,5 антиЛАЙФХАКОВ без которых жизнь невозможна!,148974,Russian
6846jSXLg9o,Неожиданная встреча с подписчиком,362255,Russian
3U3FcX9NYXg,В Саранске обрушилась многоэтажка,46143,Russian
Va4KRV9c95o,"Американцы Слушают Русскую Музыку #36 MIYAGI, JAH KHALIB, КОРЖ, FACE, L'ONE, KIZARU, Т. Раут, VERSUS",101081,Russian
bpYfzrFJMNU,⭐ [SNAILKICK™] СМОТРИТ HYPE (БОЛЬ) CAMP 2 12/11/2017,297604,Russian
DS7OiDdSkR0,Ивановы Ивановы - 17 серия - комедийный сериал HD,317094,Russian
Gmq88u0W81Y,МЯЧ ИЗ МАГНИТОВ НЕВЕРОЯТНЫЙ ЧЕЛЛЕНДЖ,285049,Russian
jqFN6Wc877I,ЛЕГКИЕ ДЕНЬГИ | ВЫПИТЬ КУМЫС ЗА 60 СЕКУНД,332741,Russian
kK-9T4kcZOY,Шоу Успех | Выпуск 2,23316,Russian
JCBl3_780Cc,Турникмен против Химика. Жим 100 кг на 100 раз!,345569,Russian
L_OP79MnELA,Идея для бизнеса  2018 - покупка готового бизнеса под ключ,79197,Russian
qHL7mEzDxhI,"КОРОЧЕ ГОВОРЯ, РЕПЕТИТОР - ТимТим.",738654,Russian
XuIXhyCkacQ,4 ЁШЛИ КИЗНИ УРГАН ОТАСИГА ОТВЕТ!,77786,Russian
79VAuXokTfc,НАВАЛЬНЫЙ 2018:ОЛИГАРХИ ОБЪЯВИЛИ ЗАБАСТОВКУ!,66883,Russian
YCGNdWqFlBM,Клим Жуков про сериалы Троцкий и Демон революции,101402,Russian
jielZn5fzWo,60 минут по горячим следам (дневной выпуск в 13:00) от 13.11.17,157093,Russian
mLFHz-aej9U,Осенний розыгрыш,95171,Russian
UXkcv-b1EqQ,ЗАСМЕЯЛСЯ - ПРОИГРАЛ - ПОПРОБУЙ НЕ ЗАСМЕЯТЬСЯ! ТЕСТ НА ПСИХИКУ НЕ ЗАСМЕЙСЯ ЧЕЛЛЕНДЖ,539625,Russian
c_saLG14vdQ,КТО СТАНЕТ ЧЕМПИОНОМ РОССИИ?,132772,Russian
QV92uIjiRF4,Воскресный Вечер с Владимиром Соловьевым от 12.11.17,159579,Russian
slTrGn2h90Y,13 11 17,55554,Russian
UYhP4UHEBhI,РВАТЬ НА БИТАХ - 495 SQUAD Х CODEKIEV (МЛЕЧНЫЙ / ВАРАБ Х GIGA1 / MARUL),540442,Russian
bmXIYa36Des,"Салон красоты СТРИГА на ул.Гимназической, 59",3459,Russian
ki4HipRPxWw,КЭШБЕРИ. ЦИФРЫ И ФАКТЫ. ЛИЧНЫЙ ОПЫТ.,67840,Russian
G_GpbL9Y7fM,Убийство в Восточном экспрессе – ПРИТОРНЫЙ ФАРС (обзор фильма),44339,Russian
5kVDklB0xXg,KIZARU VS FACE И PHARAOH | ПОПЕРЕЧНЫЙ VS ПАНИН | ATL | ХЛЕБ #RapNews 238,132061,Russian
OocAUKOV11o,Сколько МОЖНО ПРОЕХАТЬ на СТАРТЕРЕ?,229809,Russian
2LnGpx3sdow,САМЫЙ КОРОТКИЙ ТЕСТ НА ИНТЕЛЛЕКТ! ОТВЕТЬ НА 3 ВОПРОСА,85162,Russian
45Twdyv2CJo,"Ольга Матвей | Пирог на ФАНТЕ  Очень Высокий, а Какой Вкусный:) | FANTA CAKE | FANTAKUCHEN",32014,Russian
ZEk1GefMvwM,Теща и морячок - По тещьему велению - Уральские Пельмени (2017),237457,Russian
wIReYFIqFIc,Продолжаю осваивать Кэшбери. Инвестировал 30 000 рублей.,76854,Russian
3YQVjNUsNjc,10 СЛУЧАЕВ МОМЕНТАЛЬНОЙ КАРМЫ,116081,Russian
r-uWNiiqF3U,Стереотип (Кельвин) - Чил,19372,Russian
kzAprgsUcbM,В Саранске спасатели извлекли из-под завалов тело третьей жертвы,4636,Russian
Mep50x4zzXY,ВКурлык / интервью с Пахомом,34858,Russian
3Ndea07TC6s,AUDI RS4 ИЛИ RS6? #ОДЕРЖИМЫЕ,100674,Russian
nWcKZtppdbg,ЭКСПЕРИМЕНТ: РЕАКЦИЯ РЫБКИ на ВАКУУМ,306619,Russian
Hrt9GWYyyrY,Дизайн ногтей Градиент/Гелевая Лепка 3D дизайн/ Аппаратный маникюр/ Самый красивый МАНИКЮР,39637,Russian
DNzSAY6IuFY,ЖЕСТКИЕ ПРЯТКИ В ОСОБНЯКЕ | СОБОЛЕВ И МУРАТАЕВ,747459,Russian
ulcBhCJotPU,НОЧЬ ПУГАЮЩАЯ ЗАГАДКА! ТБИ,493894,Russian
Wn4519r1eJ4,ДОМ 2 НОВОСТИ ЭФИР 18 НОЯБРЯ 2017 (18.11.2017),21130,Russian
RREkn9UvEBE,Взрослый разговор. Еда будущего или вот такая вот... хлорелла,21814,Russian
QMqxXU67H7w,Сделаем иксы на UCOINcash ? Старт 15 ноября,4022,Russian
ovmsR1kkeLQ,Последнее видео погибшего экстремала Виталия Розова: полет над хребтами Шамони,27015,Russian
I5GPPwwtLO0,NILA MANIA - ЛЮДИ (Премьера клипа 2017),161977,Russian
V_PNqKNu12o,Званый Ужин ТРЭШ-ОБЗОР (Беззубая Королева),47457,Russian
9w0v_qBcjxA,Мы расстаемся! Пранк над парнем принял неожиданный поворот...,101114,Russian
B6LJOljY-p8,Хар куни Оч Қоринга Чеснок  Есангиз Мўъжизани Кўрасиз,32720,Russian
IvvXWu6DFV4,«Новая Фабрика Звезд». Десятый отчетный концерт от 11 ноября 2017,89293,Russian
79cuYqSnVYE,Ивановы Ивановы - комедийный сериал HD - 16 и 17 серии,55601,Russian
NS9rdF0ZTGU,Жаш келинди бетон басып калды\NewTV,22254,Russian
xQrFmQOKe6k,FIDELIO PUNCH CLUB | S1E03 | РАЙТРАУН VS ISLA DE MUERTA,117434,Russian
ULe5vnnwNK8,Вот это таджик Русккий народ смотрите,570184,Russian
qcx2jMAlml4,Полнолуние 19-Серия! Лайк!,56884,Russian
1YkTe4xbgGI,Khimki vs CSKA Recap 06-11-2017 VTB League [khimkibasketTV],2527,Russian
5o5kT0tesWs,ТОП 5 САМЫХ ЖУТКИХ МЕСТ НА ЗЕМЛЕ,66129,Russian
T6Xw3bOc918,Алексей Навальный в Смоленске. Часть выступления. Хорошее качество. (12.11.2017.),50716,Russian
FEWJtwffzGQ,"Ful Haus 7 eterashrjan seria 11 / Фулл Хаус 7 сезон серия 11 / Ֆուլ հաուս, 7-րդ եթերաշրջան, Սերիա 11",105052,Russian
STNZtYOCLK4,СЕГОДНЯ – НЕОБЫЧНЫЙ ДЕНЬ. УТРО с ВЕНИАМИНОМ. 13 НОЯБРЯ,23293,Russian
DesEiWDxcB0,"10 ЛЮДЕЙ, КОТОРЫЕ СИЛЬНО ОТЛИЧАЮТСЯ ОТ ОСТАЛЬНЫХ",260279,Russian
uDZVNZkvKJk,ВОЛШЕБНАЯ ПОДКОРМКА ДЛЯ ВСЕХ РАСТЕНИЙ!ВСЁ РАСТЕТ КАК НА ДРОЖЖАХ!,12116,Russian
pf_nhw7qO1Y,ATL —  ЛЮБИМЫЙ РЭПЕР ТВОИХ ЛЮБИМЫХ РЭПЕРОВ #vsrap,78074,Russian
79936TM5SPw,Good Times — Мне хватает / ПРЕМЬЕРА 2017 (18+),484096,Russian
l9O3YHiw2nk,Прожекторперисхилтон - Выпуск от 11.11.2017,658403,Russian
oWvW4iHgn7c,Sevgi istirobi 54 qism  O'zbek tilida HD,23694,Russian
v0aTFp_XrS0,УЖАС!!! Омерзительная ПРАВДА о внуке Пугачевой ШОКИРОВАЛА всю страну!!! Новости #TheRelizzz,30142,Russian
wr9ChhFtok8,Слоеный Салат Изумрудный с Киви и Курицей,25610,Russian
5RH9qwv0giM,"Грибники нашли в лесу собаку, которая угодила в охотничью удавку…",19652,Russian
bda-x_ZRg8Y,Глава ДНР Александр Захарченко об участившихся обстрелах со стороны ВСУ. 13.11.17. Актуально,18077,Russian
goOH0hgyPSU,Это устройство точно пригодится в домашнем хозяйстве(Хайджек),148595,Russian
Oa0oTJMiVMk,След - Опека,22000,Russian
wTej-lzvzok,Готовность умереть и жить 10000 лет. Александр Палиенко.,19934,Russian
K62o61YwTv0,ТОР: РАГНАРЁК [Ржака от Marvel],136087,Russian
1boEmxDNJHE,Ералаш Столовая моей мечты (№297),14294,Russian
02nZCznXYpg,Экскурсия в прошлое Полный обзор пальто 1962 года Интересная модель пальто с высоким воротником,14028,Russian
ymGzEGUwt2A,ДОМ 2 НОВОСТИ раньше эфира! (19.11.2017) 19 ноября 2017,18445,Russian
SY4jqRXezb8,Viva la Révolution!,43489,Russian
Ir1nX_gLnls,Огромная заброшенная спецшкола. ВСЁ оставлено - Покинутый Мир,102656,Russian
I08JZlzwVVk,ДИСС НА АЗИНО777,308186,Russian
uv16hVDkOEQ,ЧТО Я УКРАЛ В ШАНХАЕ,86058,Russian
s2K4nUULHxE,Интересные  новости  № 263 / 17,8864,Russian
mKUhK2AEAs4,Давай поженимся! Неудачно женатый. Выпуск от 13.11.2017,17800,Russian
4wDOjfIRPyk,800$ за 2 месяца на рефералах и 550$ за 24 часа с компанией bit-farm.com,2963,Russian
y2qrrfmHI9o,"Кемерово, Кольцо, 13.11.2017",2515,Russian
plyQJ1zW3EE,НЕ НУЖНО БЫЛО НАХОДИТЬ ЭТОТ ТЕЛЕФОН... - Simulacra,261968,Russian
2pZyWUzy-FM,Сделай и себе это простое и незаменимое приспособление которое обязательно вам пригодится,98920,Russian
N5CZVszvVSE,Анорексия. Нервная анорексия. Почему моя дочь перестала есть? Психолог Алиса Плотникова,23389,Russian
lpyjYqBpZvM,МОСКВИЧИ: МЕЖДУ ПРОТЕСТОМ И ТЕРПЕНИЕМ...,56614,Russian
DeO_1Karalw,Невозмутимость Сургутян или как в Сургуте горел Автомагазин,4148,Russian
yrSFpzLuxWI,ЧТО НАДЕТЬ НА НОВЫЙ ГОД | 15 ЛУЧШИХ ГОТОВЫХ ОБРАЗОВ НА ЛЮБОЙ КОШЕЛЕК | ПРАЗДНИЧНЫЕ НАРЯДЫ,36807,Russian
xpEnLNMjxe4,отоБРАТСКИЙ ПОЛУОСТРОВ,117399,Russian
9wamF6bhzeE,Красноярский рабочий - 26 Бакинский Комиссаров 13.11.2017,10659,Russian
DdFmiybyLOo,Интервью Генерального директора ООО Московский Офисный Центр о новом социальном проекте СитиТВ !,3978,Russian
2KlX3Sza2Uo,⭐Собираем двухъярусный кремовый торт⭐- Я - ТОРТодел!,16408,Russian
dZh9-iRBv74,Все грехи фильма Звёздные войны: Эпизод 1 – Скрытая угроза - Часть 2,50269,Russian
GTUaGj6S36Y,Разведка маршрута под новые серии.,305745,Russian
PJPPvnuVhbo,Улан Саляновду атайын буюртма менен өлтүрүшкөн деп ойлоп жатабыз дейт туугандары,38937,Russian
pE4qJWdFUfg,"Игромания! Игровые новости, 13 ноября (Red Dead Redemption 2, FIFA 18, Ведьмак, Call of Duty)",57913,Russian
3reeBu-wJM8,Марк и ДПС,3013,Russian
92m-Pw6PaQk,КҮНБҮГҮН/ Бабанов РАЖдын лидерлигинен алынды,35648,Russian
k4ceprQ-G8c,Задорнов ПРОЩАЛЬНОЕ последнее Видео  Оказывается он знал и,52419,Russian
6PLQ5kuE1L4,"Самое крупное поглощение. Что заменит Face ID? Microsoft Спасает 3,5мм Джек и другие новости!",112171,Russian
JcO83xX3x2A,"Всё о гигантах из фильма Конг: Остров Черепа (виды, биология, способности)",119602,Russian
23UX-S7ou1k,ИКЕА🎄 НОВЫЙ ГОД 2018❤ НОВИНКИ НОЯБРЬ IKEA❤ТИП ТОП ТВ,14622,Russian
4ame0qd4how,お昼寝の前にお話しないと眠れない猫♥♥猫との会話を楽しむ動画 Conversation with a cat,1390596,Russian
3ecLaNBotz0,ШЕСТЬДЕСЯТ РАЗ КУ!/INFINITI Q60/БОЛЬШОЙ ТЕСТ ДРАЙВ,56044,Russian
rFi4CwxdVv8,ХАЖДАГИ ИЛОН ВОКЕАСИ таъсирли ривоят,14915,Russian
HHQteGs0M6w,Майкл Як - Независимая,48242,Russian
M0a7fhkAq4U,Путин Рассказал всем когда на Руси жить хорошо станет ждем 2018 Смотреть всем,80179,Russian
WLXbLeoC37Y,Мощное землетрясение Ирак и Иран 12.11.2017 первые кадры. Earthquake on Iran-Iraq border. زلزله,25075,Russian
ErAyipPmTcg,Шоколадные конфеты Макаронс.Chocolate candy,1195,Russian
9UkjhELNdIs,Морозова (2017). 1 серия. Ничего личного / Детектив @ Русские сериалы,42381,Russian
UjVHzMHa-8s,"Астероид, который изменит все. Выпуск 187 (11.11.2017). Территория заблуждений.",13457,Russian
YRJq9Ud44Us,В России создан новый процессор. И не только (Время-вперёд! #267),96057,Russian
XXBsw3EJ7Tw,Красивая хитрость Игоря Войтенко в зарубе 100 на 100? Мои выводы после зарубы.,50695,Russian
YbCYz8K8nHM,Таранит маршрутку в Ворнеже,3262,Russian
GI0w7rTQohY,Ответ ксенону. Как они так и мы.,82382,Russian
G8xs1hfq4Eo,"Ocean High: Blackbird album (pop dance/electro pop, 2017)",1191,Russian
SiAbT7B4PJA,Вектор Движения №155 Разведка без боя,63472,Russian
eJjKOD039nw,Çukur 4. Bölüm Ön İzleme,419872,Russian
DY_GBPRHR00,НЕФАКТ. Операция «Березино»,14871,Russian
b5JJFbYJ4yI,Сайт кабар 13.11.2017 | Түрмөдө намаз окуганы үчүн жыныстык мүчөсүнө кайнак суу куйган,28321,Russian
jirK5p46Nmg,Инвалид хочет себе П0РНО звезду ► Половинки ► Ваня на коляске ► #1,73050,Russian
BrIJr-yLIMI,Дом у Моря в Турции: Аланья - www.arbathomes.ru,1420,Russian
5G9iIS9YNDE,"Доктор Рихтер 1 серия ( Мелодрама, Сериал )",17895,Russian
gkcfkQ6WYIU,НОВЫЙ ЧЕСТНЫЙ РОЗЫГРЫШ 3-Х МЛН ОТ ДНЕВНИК ХАЧА И ЖИЗНЬ БИ,67194,Russian
Z-tsgz7DT4c,T.P.A.M.П доroвopuлся с Apa6aмu!,14337,Russian
G0ckBMlT10Q,Стрим - PUBG - Герои не умирают,81431,Russian
LayzJtW_3bM,РОССИЯ МАГНИТ ГИПЕРМАРКЕТ УВОЛЕНЫ ВСЕ КАССИРЫ,42279,Russian
QJ2qTFpWPDY,Такой только у меня и у Ларри Кинга.,56513,Russian
RwKBzDAa-Og,Нас будет трое...,176550,Russian
cxafxkW8mW0,"9 {НЕОБЫЧНЫХ} ЗИМНИХ АКССЕСУАРОВ, КОТОРЫЕ СОГРЕЮТ И РАЗУКРАСЯТ ЗИМНИЙ СТИЛЬ",36396,Russian
peSbhTLCLSs,БОЛЕ ЧУДЕС / ЛЮТЫЙ КОКТЕЙЛЬ / 3 СЕРИЯ,202600,Russian
r-XbG8AbMqY,Bpemя nokaжeт 13.11.2017 (ПРОДОЛЖЕНИЕ) Отношения Ykpaunы и России?!,14518,Russian
N7gryZfGIuM,ДОБРЯК - ASSASSIN'S CREED ORIGINS - МУЛЬТ ОБЗОР (Dobryak) | Реакция,35358,Russian
J76q1qIECHA,"Путин ближе Трампу, чем собственные безумцы * Железная логика с Михеевым (13.11.17)",4553,Russian
X0bEM-F3WQc,Конференция Склады России | www.skladyrussia.ru/ | Склады России,9914,Russian
hGweYvjzWXg,İMTAHAN serialı - ANONS 42-ci seriya,20744,Russian
H9Marm2gE3E,Придорожные патрульные - вымогатели! Днепр проснись!,96558,Russian
Q8xEdPEZ0-w,Срочно!  Бабанов фракция лидерлигинен кетти | Акыркы Кабарлар,21724,Russian
mGzD7__nteE,Аркадий Бабченко - Персонально Ваш... 13.11.17,12324,Russian
StkIpD0HmMw,800 000 рублей за рекламу и абсурдный Razer.,35984,Russian
aeCtzt4zFYc,ТОП 10 ЗАЕДАЮЩИХ ПЕСЕН ОСЕНИ 2017,61881,Russian
brqslWxoDUs,Права работающего инвалида 3 группы по слуху.,3587,Russian
xI_4kyCQrHQ,Семья Светофоровых 2 сезон 24 серия Важный экзамен,48210,Russian
ZOTIQ-nBDQo,Многообещающий пистолет с интегрированным глушителем | Разрушительное ранчо | Перевод Zёбры,129867,Russian
0AWNWc4zHsI,"ОКРУЖЕНИЕ ПУТИНА УСТАЛО ОТ ЦАРЯ, ПОРА МЕНЯТЬ",102205,Russian
5EI57pXtBMY,"СОБЕРИ ПЕСНЮ #2 | GERMAN, STAVR, FINITO, ROMAROY",75839,Russian
gwNxwqiQO2g,Наезд на работника автосервиса в Ангарске,4171,Russian
zgncGWJRg8U,10-летний японец нагибает ТАЗы?,122061,Russian
EXAZNqEPoeA,Конкурсная работа студентов РГППУ Начало,3011,Russian
oC2-CdzkdNs,L.E.T.O.Travellers,3785,Russian
yhoM_Cg2d70,"ОГРОМНАЯ ДОЗА УЮТА 😍⛄ ДЕКОР, ЕДА, МУЗЫКА, АРОМАТЫ",21509,Russian
U_4BLnJuR3g,12 лайфхаков с термоклеем для хендмейда,2109573,Russian
0x7hArUxG1w,Дом 2 новости 14 ноября 2017 (14.11.2017) Раньше эфира,5534,Russian
uVUisMz4Nuo,Трейлер. Андрей Малахов. Прямой эфир от 13.11.17,9920,Russian
EW7ZFFUneHU,"(1330) ОБЗОР ДОМА С ЛИЧНЫМ САМОЛЕТОМ ЗА $2,500.000!!!  АЖ ДУХ ЗАХВАТЫВАЕТ!",9617,Russian
7FRUMjxIcic,Пешеход с железными яйцами...,2456,Russian
8mgYiHw1v4Y,YOU'LL FLOAT TOO FlipaClip meme animation,8272,Russian
a2MlCbxb6sM,Девочка-вампир 112 серия,8486,Russian
zSAao3HusPM,FIFA — До Того Как Стала Известна!,103824,Russian
m-CyVabsc_c,Прямая трансляция матча. «Белые Медведи» - «Кузнецкие Медведи». (13.11.2017),1981,Russian
7fRP0OQJX5U,САЛАТ РУССКАЯ КРАСАВИЦА.НОВОГОДНИЙ СТОЛ 2018 год.,9168,Russian
iCYi5RPkRwg,Ижсталь - Нефтяник 13.11.17,2491,Russian
lf_CEf1BFCc,гороскоп недели с 13 до 19 ноября Юпитер в скорпионе,10298,Russian
JSQs25vis1w,Автомобиль наехал на автомеханика прямо на СТО в Ангарске,2036,Russian
RG3_HqMfkfM,"Call me Artur - Все взгляды на мне (премьера клипа, 2017)",168680,Russian
or8-83JIzcs,Пyтun и Tpamп. Уkpauна и Европа. Что ждет мир? 12.11.2017,33635,Russian
Bv_BGC9Fhnk,Kisabac Lusamutner eter 13.11.17 Ushagnac Kaper,18434,Russian
BwnhZun8gaM,Фитнес-тренеры пробуют вредную еду (RUS VO),11857,Russian
Zp4uTb9iksw,"Я КУПИЛ ДВА КАМАЗа NEO #2!!! КУЧА ПРОБЛЕМ?! 50 тысяч км спустя,  КАМАЗ НЕО.",81309,Russian
soyD0bJYdkU,Леха купил ВАЗ 2104 вслепую! M.TI БОЛЬШЕ НЕ БУДЕТ НА КАНАЛЕ?!,46426,Russian
joXKzh1pdCI,Кандидат Путин,25375,Russian
uew9Dex7Hu4,Нападения на полицейских и большое турне Навального по России,23345,Russian
8FcBvjOFMjA,НОВЫЙ ПАВЛИК ДЛЯ ВРЕДНОГО ЗМЕЯ И БАТИ СПИННЕРА / ЛАВОВЫЙ ПРАНК / ПАВЛИКИ,17489,Russian
gc9-MkzxFhk,"КТО Я? Вебкам, мотики, бывший муж, общая инфа.",3856,Russian
ZFum4zparE8,Первая передача. Выпуск от 12 ноября 2017 года,107385,Russian
3nvDmurpKek,Чегара очилганидан бери Қорасув бозори бироз жонланди,36166,Russian
4cShu0JVdcY,Danya Драже (Официальное видео 0+),71918,Russian
2Ca-ra4AxKE,RONA - Дом [Official video],181785,Russian
wOBnq0Ewz5k,Feduk & Элджей - Розовое вино (Official Video),869974,Russian
UHUWRqt0TVc,"DIKAYA - ВСЁ РАВНО (премьера клипа, 2017)",130780,Russian
8zKVth3aGi0,Автомобиль Улюкаева выезжает из гаража «Роснефти» перед задержанием,108866,Russian
DNwTXSrQ6AQ,А ТЫ ДОСТОИН? Тор с НАУЧНОЙ точки зрения,303064,Russian
_yfTrT0UkY8,Друже пытается делать САМСУ В ТАНДЫРЕ! До успеха далеко....,616177,Russian
clL9yZSbcE0,AC-130 Gunship Simulator - Convoy engagement,1010639,Russian
kvgZKTJioEQ,Lexus LX570 СМЕРТЬ МОТОРА. Лолы больше НЕТ.,456449,Russian
gXkB5vfhJhA,Товарищеский матч Россия - Аргентина / Влог,36276,Russian
fJdrfv_S8u0,Gazini bos Jamshid (o'zbek film) | Газини бос Жамшид (узбекфильм),172364,Russian
cPuflcqZ0kI,Секрет популярности блогеров на Ютуб,13971,Russian
SctfeNke0HM,ЧП - Кирилл Терешин,787765,Russian
wjpcemcfYGU,Иммерсивный обзор iPhone X - 14 ноября в 20:00 по МСК,886496,Russian
__eE1-KKqdY,Защищенный взгляд.,18118,Russian
Plvd9-5VKvY,Ивановы Ивановы - 18 серия - комедийный сериал HD,500342,Russian
eVBzGROrOdk,Обустройство родового поместья,22244,Russian
sz6lDZPPzK8,ИВАНГАЙ НАКРУЧИВАЕТ ?!,133662,Russian
OIrV2p2E6PA,Приключения Трампа и Медведева в Маниле. Доня и Димон - братья навек. MOUNT SHOW #118,138119,Russian
iR8MW4H8f9o,GROWER HIDES FROM SWAT IN WAREHOUSE CLOSET,194067,Russian
deSrfUOXmJ0,"GUSLI (Guf & Slim) - Фокусы (Премьера, 2017)",129474,Russian
PCF92nYXtuo,12 пранков и лайфхаков для школы / Как пронести еду в школу,1305253,Russian
4UC9l_NfCvY,Стабилизация древесины. Первые шаги.,303369,Russian
cx6mTuRxQ4Y,Супергерой Валера - По тещьему велению - Уральские Пельмени (2017),112939,Russian
3bPaHZ1am2Q,ЖИМ 100 КГ НА 100 РАЗ - СТОЛЯРОВ И ВОЙТЕНКО ПОБЕДИЛИ / ВСЯ ПРАВДА,209391,Russian
Wz6NhiXisn0,4 ёшли қизалоқнинг отаси МИЛИЦИОНЕР экан!,57079,Russian
agb2g0R55UY,성심병원 장기자랑 영상 2014년 [철영쿤TV] ISSUE,120638,Russian
UUqxsjHjI6w,Топ10 УМНЫХ Ютуберов!,362964,Russian
rne1xYw_xOw,10 Загадок ЗВЁЗДНЫХ ВОЙН [ТОПот Сокола],185303,Russian
a-TRpFGpYAE,ПОЛОСА ПРЕПЯТСТВИЙ В БАТУТНОМ ПАРКЕ! (СЛОЖНАЯ ВЕРСИЯ) TRAMPOLINE PARK SLIDE OBSTACLE COURSE,138806,Russian
x0uu99_tSTU,"РОССИЯ - ИСПАНИЯ: ЧТО ЭТО БЫЛО??? ОБЗОР МАТЧА, ГОЛЫ",132928,Russian
pbaNLHsu3TY,Обзор на плохое - Сериал Счастливы вместе,45354,Russian
6QQccFsafj4,Обзор Половинки - Черная Принцесса,114864,Russian
dDcB3OVmZrk,ОГРАБИЛИ БАНК!! Познакомились с МАЛЬЧИКОМ Дети совершили ОГРАБЛЕНИЕ Для детей KIDS Children,415860,Russian
Oxv2qWNdN-o,Ивановы Ивановы - комедийный сериал HD - 17 и 18 серии,103664,Russian
0fIxRHp2Reo,ФОНБЕТ СТАВКИ НА СПОРТ: Серёжа и микрофон #18,49863,Russian
4PrJ6WO43h0,Какие Томаты Я Больше Не Буду Сажать! Семена Томатов.,40269,Russian
ZI44CTfsUq4,"МАКС +100500 ОТКРЫЛ РЕСТОРАН / ЧЕСТНЫЙ ОБЗОР / СОРЯН, МАКСОН",205319,Russian
u0Sqd9noJvc,РЕСТЛЕР МОЕЙ МЕЧТЫ,165033,Russian
PgNqlKhQdWM,BMW 220 вторая серия и Розыгрыш iPhone X!! Может ли она дрифтить? Броня и новые диски.,272169,Russian
hdIxeabJyjk,Особое мнение / Евгения Альбац // 14.11.17,49670,Russian
rCkEIuNSV8Y,Вся правда об Armelle ( Армель ) 2  Юмор  или позор сетевой индустрий,5691,Russian
7dRaNreoUGc,Поющие анимоджи iPhone X,28794,Russian
IgOl7cmeVFE,Прямой эфир 360. Ты на скамейке сборной Испании. Матч Россия-Испания,97705,Russian
Zd_O4-GuPzc,НАВАЛЬНЫЙ 2018: НИКТО НЕ ОЖИДАЛ! СЫНЫ ПУТИНА!,92105,Russian
5zWJ2CjizTg,"Дмитрий Муратов: «Не надо за нас волноваться, за нас надо порадоваться»",12379,Russian
VWftZgEHKkY,Поисковики установили имя советского героя с немецкой фотохроники,11364,Russian
FZ6soXIzccs,Вечер с Владимиром Соловьевым от 13.11.17,185963,Russian
Ncy880wFsdI,ТО САМОЕ (о сахарном диабете) - Трейлер,15582,Russian
j3NeyEXaXUA,ДО И ПОСЛЕ -  ОЧИЩАЕМ ЗОМБИ БАНАН ОТ ЧЕРНОТЫ,271230,Russian
bx3G_kbmEX0,"7 ЖЕСТОВ, КОТОРЫЕ ЛУЧШЕ НЕ ПОКАЗЫВАТЬ В ДРУГИХ СТРАНАХ",373430,Russian
GpYnGpnjN9s,Рваный Пирог за пару минут. Удиви себя насколько это просто и Вкусно!,49278,Russian
Tqe39e6Ff5M,ДОМ 2 НОВОСТИ 15 ноября 2017 (Эфир 15.11.2017),35871,Russian
mdyg5Ui6mNA,Red&Black online games,2261,Russian
b_b8z_cSh8c,Пусть говорят 14.11.17 Дмитрий Марьянов все-таки убит? 14.11.2017 Последний выпуск от 14 ноября 2017,13813,Russian
R1jed2Wda3E,"Доктор Рихтер 4 серия ( Мелодрама, Сериал )",8298,Russian
hG57TPCeHeM,Иракские Ми-28Н,119275,Russian
8Lz_78zQWNY,Белковский. На самом деле. 13 ноября,78289,Russian
_DI7m86rnAM,Daniel Rudzan hraje proti České republice nečestný zápas a podvádí lidi,6206,Russian
9kSQmGWN-p8,"ВЛОГ В гостях у мамы, фирменный рецепт  , готовим вместе)",36050,Russian
8ytwoVOr69A,100-летие Революции | Класс народа,36487,Russian
tldBprKRcHw,Доктор Рихтер 3 серия (2017) Мелодрама драма фильм сериал,11189,Russian
UfcGsMcCoLo,Давай поженимся! Неунывающая оптимистка. Выпуск от 14.11.2017,20120,Russian
RPfrZSdjQ8w,След - Пена будней,21570,Russian
iWafHKKsgIc,Однослойное пальто для ленивых своими руками. Как сделать простую выкройку пальто на ткани?  Часть 1,26305,Russian
gKEzP67arr4,КРИПТОВАЛЮТА НА ФОРЕКС: НАДЕЖНАЯ СТРАТЕГИЯ ТОРГОВЛИ И ЗАРАБОТКА,10071,Russian
wolHVbJbOeQ,Схема игры казино в автомат Леди Удача. Как заработать в казино вулкан на реальные деньги .,2726,Russian
TUHZ2aZqTs4,Колесов: эта зима будет холоднее предыдущей,6154,Russian
CWvFJrnxL04,POCCИЯ - ИCПAHИЯ. ПОДРОБНЫЙ OБ3OP MATЧA. 14.11.2017 (HD),233336,Russian
ZyiFl3nIJoc,Дом 2 Ольга Бузова и Роман Гриценко,12139,Russian
zlQ3Sf-1Zbo,НОВАЯ СИСТЕМА МАТЧМЕЙКИНГА В CS:GO (НОВЫЕ ЗВАНИЯ И СИСТЕМА ДОВЕРИЯ),155498,Russian
o7obgUjcCcs,✅ПЛАНЫ на ближайшее время // Как быть с Рыжухой // И всё таки мы туда съездим,28033,Russian
Od_4y-ng2ko,Мальцев артподготовка прямой эфир 13.11.2017,42507,Russian
6gzXYKBEWD0,"ПОЛИЦИЯ: БОЖЕ, ЦАРЯ ХРАНИ!",197265,Russian
WxxrkWRuXqo,«СОВОК» И «ПЕСЕЦ»…,87633,Russian
GmPckcNSTFs,50 САМЫХ ПОПУЛЯРНЫХ ПОМАД MAC НА ГУБАХ + КОНКУРС,33165,Russian
snOF6D5yKxQ,Тебя клонировали - [ОКнеОК],92515,Russian
A8n9OD6Slnk,mexramis  278 anons մեղրամիս,20470,Russian
429k3QbKBKw,МастерШеф. Сезон 7. Выпуск 23. Часть 2 из 5 от 14.11.2017,14425,Russian
D7hY5_1b7P4,Попытка автоподставы на КАД,52836,Russian
0ieKaYgWJ5A,Место Силы. Подводная Охота в Суровую Погоду с The Братья,136549,Russian
jb-ga9OYKKI,60 минут 13.11.2017 │Вечерний выпуск│,83554,Russian
G5q_8WqGhOg,КҮНБҮГҮН/ Алмазбек Атамбаев АТАМБАЕВДЕРГЕ мамлекеттик сыйлыктарды  тапшырды,42724,Russian
q5jtWnVK9T0,Бузова и Гриценко не скрывают свои отношения💕,16648,Russian
BjcQu1GoRAs,Татьяна Кравченко. Судьба человека с Борисом Корчевниковым,56498,Russian
ABub9hUJI6w,Топ 5 Японческих Тачек за 300 тысяч рублей,115617,Russian
Uswosjg2Fao,Волосы встают дыбом! Человек пришел к нам из другого времени. Путешествия во времени,198041,Russian
A3DZRaRGvE4,Уличный боец Хорхе Масвидаль. Интересные истории и моменты из жизни.,5440,Russian
yWi_yYZzaD4,На самом деле - На детекторе лжи Гоген Солнцев и его мать: за что ты желаешь мне смерти? (14.11.17),55454,Russian
RtNVN4QlksA,Фотобомба по-зенитовски,69491,Russian
t8Jq6NqCQ1o,WORLD PREMIERE TRAILER – Jimmy Kimmel’s The Terrific Ten,864242,Russian
27O1pzfITJ8,OXXXYMIRON VS СМОКИ МО | РВАТЬ НА БИТАХ | NTL | ВИТЯ CLASSIC | FIDELIO PUNCH CLUB #RapNews 239,185541,Russian
UdKOh7n2MpE,"КЕННЕТ БРАНА, ДЖОННИ ДЕПП, ДЖУДИ ДЕНЧ, МИШЕЛЬ ПФАЙФФЕР, ДЖОШ ГАД [s22e06] | ШОУ ГРЭМА НОРТОНА",21737,Russian
HgB3CA57_x4,"Полный Альбац - Путин приехал, а Трамп отказал... 13.11.17",59508,Russian
E4SdZ122QwI,УТРО с ВЕНИАМИНОМ. 15 НОЯБРЯ,9140,Russian
LFgOicLnUa4,Сайкал ТУРМУШКА ЫЙЛАП кетти!,48137,Russian
aYO6Fq-j1FI,Полный контакт с Владимиром Соловьевым (14.11.17). Полная версия,8674,Russian
jAp_0PE9Qfo,летающие доски,2367,Russian
avOxtFyB3rs,У границ России. Время покажет. Выпуск от 13.11.2017,61305,Russian
EyE5rlW_EpA,К чему зовут Навальный и Явлинский?,37836,Russian
QdDRi-lnCJo,Михаил Соколов Андрей Пионтковский - Каков план Путина? ... Радио Свобода 13.11.2017,49573,Russian
Vx24j_cVFH0,18 Летний Русский Боец Продолжает Шокировать,158234,Russian
mlOl6Wc9KXk,Обновление. Паркур. Баланс оружия - PUBG PLAYERUNKNOWN'S BATTLEGROUNDS,79164,Russian
WueDnh_DRmQ,ЧП-САРАТОВ. ЖЕНЩИНА СГОРЕЛА ПРИ ГОТОВКЕ ПИЩИ НА КУХНЕ,3293,Russian
pCepkgqKYBA,Департамент судей Краснодарского края. Тротуар для пешеходов? Часть 1,71039,Russian
fZj__1ZjN8A,Новости на 5*тв канал 14.11.2017 Последний Выпуск 14.11.17,59687,Russian
MN4fBBvmGtQ,Sevgi istirobi 55 qism  O'zbek tilida,22066,Russian
7QBjA_5H5vI,РОCСИЯ - ИCПАНИЯ ТОВАРИЩЕСКИЙ МАТЧ ОБЗОР + ГОЛЫ,24281,Russian
cYppt7V7tdY,Жанылыктар 14.11.2017 | Толук чыгарылышы,21749,Russian
_1iMtURl6sU,Китайцы были в шоке от Доброты сирийцев,12721,Russian
zLm0zico2IA,"Рецепт НАСТОЯЩИХ ДРАНИКОВ Без Муки и Яиц! Этот вкус не передать словами, ПОПРОБУЙТЕ!",41246,Russian
FVryxFMD5Bw,Наставники попросили его спеть еще раз!! Судьи в шоке от его таланта!,15955,Russian
T6my7ZIotBY,ХАБИБ ПРОТИВ ТОНИ НА UFC219! ХАБИБ ВЫЙДЕТ НА ЗАМЕНУ КОНОРУ МАКГРЕГОРУ! ОФФИЦИАЛЬНО,26980,Russian
jejvC_wyiYA,ЛУЧШИЕ ПЛАТЬЯ НА ЗИМУ | 15 ПРИМЕРОВ И МНОГО ИДЕЙ КАК НОСИТЬ,11080,Russian
vtA82V-aIsw,Прощание с Михаилом Задорновым,16676,Russian
VXkkQjpKp8I,ИКЕА 2 часть❄ НОВЫЙ 2018 ГОД🎄 СВЕЧИ НОВИНКИ IKEA❤ ТИП ТОП ТВ,8877,Russian
N0rHk3W69b0,ИГРУШКИ АНТИСТРЕСС / ПОСЫЛКИ ОТ ПОДПИСЧИКОВ / ДЕШЕВЫЕ КУКЛЫ МОНСТЕР ХАЙ / ПОДАРКИ НА НОВЫЙ ГОД,148298,Russian
Iqo3R_8QXoY,Versus Fresh Blood 4: Oxxxymiron vs. Смоки Мо - Война Стилей #vsrap,152190,Russian
Q1G5H-3SGsk,Russia Vs Spain 3-3 - All Goals & Highlights - Resumen y Goles 14/11/2017 HD,176533,Russian
mJ1Lm8HM-DI,БАНКИ УЖЕ ВЫВОДЯТ ВАЛЮТУ Юрий ПРОНЬКО 14.11.2017,6580,Russian
JUdmn4DzmSg,НАМЕРЕНИЯ ЗАГАДАННОГО ЧЕЛОВЕКА ВО ОТНОШЕНИИ ВАС СЕЙЧАС/ ГАДАНИЕ ОНЛАЙН/ 4 расклада/ Школа Таро,8373,Russian
TvqZlAIgv_E,Как открыть капот на ходу,9262,Russian
fbYtkuxg6_k,Seni axtariram 13.11.2017 Tam verilis / Seni axtariram 13 noyabr 2017,33743,Russian
L9KPE_Kq_vo,Загадки человечества. 85 выпуск (14.11.2017) HD,7036,Russian
IM-QyJvjUM4,НОВЫЕ ИКОНКИ ЗВАНИЙ И СКРЫТЫЙ ПУЛ В CS:GO,125628,Russian
JR0znkb5sOY,Цымбалюк-Романовская не захватывала театр. Андрей Малахов. Прямой эфир от 14.11.17,9904,Russian
WbUWCWRs5zI,Тереза Мэй обрушилась с критикой на Россию,6767,Russian
i6u4bG9Q38U,Студентские Мутки | 1 часть,26641,Russian
wcx2hMyeNKU,Маникюр звездное небо! Считаем звезды в космосе на ногтях  Дизайн ногтей гель лаком LEO,7222,Russian
HsoOn3_qwDc,50 ОЧЕНЬ НУЖНЫХ ПРИСПОСОБЛЕНИЙ С АЛИЭКСПРЕСС. Полезные товары с Aliexpress,9131,Russian
LROg__zfgYU,"Группы, которые снесли мне башню",15054,Russian
m5WFp9JbO5o,ЗАЧЕМ всё ЭТО надо? Ткачёв Андрей,10577,Russian
be2QXEyxH60,«Специальный выпуск»: «Раба любви»,41537,Russian
hVtNaVAWGDk,ПОКУПКИ ZARA H&M HAUL | 7 СТИЛЬНЫХ ТРЕНДОВЫХ ОБРАЗОВ НА ЗИМУ | DARYA KAMALOVA,7944,Russian
4Ci_0iUePXw,Право голоса 14.11.2017 Будущее Ykpaunы,13757,Russian
ZgGi4AsJ_Q0,Пусть говорят - Специальный выпуск. В новом доме. Исповедь Армена Джигарханяна. Выпуск от 13.11.2017,173466,Russian
fKOtxfVSUyA,ПРОНЬКО. Резкий рост банкротств предприятий в России 13.11.17,30965,Russian
PgW8U30dG3A,13 11 2017   Кабар - 7-канал,37560,Russian
SpR4ppSJLl4,А теперь..РЕАЛЬНЫЕ доходы в компании Elysium!!,1258,Russian
sGottNbwGao,Убойный танец - это нужно видеть! Ржал весь зал! УГАР,11612,Russian
GeOHa1LLt1g,Салат Мимоза  Вкусный Слоеный салат на Новогодний стол,24684,Russian
bddrm0e9pmE,Уsтинья - Тень на песке,6190,Russian
lZB9rL29E6c,Чем Рио Х Лайн ХУЖЕ Веста Кросс? KIA Rio X line 2018 ПЕРВЫЙ тест драйв и обзор,60989,Russian
67RxkpGKTGo,Притча про свое и чужое,7659,Russian
jagPW1i9ojs,Инвалид встретил свою БЫВШУЮ на коляске ► Половинки ► Ваня на коляске ► #2,88416,Russian
OoKJ2kNL3uY,МАНА УЗБЕК ЙИГИТИ  МИЛЛИ КИЙИМДА РУССЛАРНИ ЛОЛ КОЛДИРДИ!,54466,Russian
ToPsnfbuwHc,Kisabac Lusamutner eter 14.11.17 Albinayi Ishkhane,15669,Russian
i-gD8ftErro,Ögey ana (38-ci bölüm),24929,Russian
AOFWLjw0gqU,【把天使送到魔鬼身邊】上海攜程幼兒園老師虐童事件（6）憤怒的家長給涉事老師餵芥末,22774,Russian
iNnC0k0P1_s,Сорвало башню | ПОТРАЧЕНО,101191,Russian
LEnZXRS0Pl0,КАК ПРАВИЛЬНО ГОНЯТЬ НА БМВ / BMW M4 vs BMW M2,173862,Russian
nw0QUygx4tI,Первый шаг к достатку,8539,Russian
GAiLVj3j6sk,Gi est - Ludvig Bayser (Людвиг Байсер),16684,Russian
w0zezNk38Hs,Ага ини бир кундо уйлонду / Мына сага,17527,Russian
tQKDAwpv25w,в Чечне с третьего этажа торгового центра упал ребенок,4412,Russian
e7tV3-Zmfck,Привет из Никополя Сумасшедший дом,34026,Russian
GZOXWeJChPY,ALIEXPRESS УДАЧНЫЕ ЗАКАЗЫ,28854,Russian
IgKej0CYAVY,Александр Дугин. Химеры и чудовища выходят из тени,11430,Russian
pI79uC-zYsY,"Самые СТРАННЫЕ НОВОСТИ недели!!! Harry Styles, Iphone Face ID, и милый клип L'One",25795,Russian
E9ztyxF53Cg,BLUBOO S8+ Official Undoxing & Appearance Video,14169,Russian
7PpOBTHRfsE,"Конец света, который ждали. Apocalypse by Alphard",75970,Russian
TdFBEtydE5w,КАЖДАЯ КОСТЮМИРОВАННАЯ ВЕЧЕРИНКА ТАКАЯ,14734,Russian
0wtknhh4obY,Сергей Михеев. Железная логика. Полный эфир Вести FM 13.11.17,31327,Russian
gvTbIdKFJMM,CRISPR Editing DNA in Real Time,2075,Russian
6vj9HKORB3g,ПОРАЖЕНИЕ НЕПОБЕДИМЫХ / WEEKEND LEAGUE (НОЯБРЬ 2),73659,Russian
1NDKl0f4DGg,Top 5 Best auditions America's got talent 2017 ] Judges shocked !!Got talent global,8955,Russian
U1vgirFyy34,2018 BMW i8 Roadster Production Tests,16552,Russian
2q8iOykO9I8,Люцифер — 3 сезон 8 серия (3x08) | Русский Трейлер/Промо,5708,Russian
tfyHC4wCP5I,Дэдпул 2 | Уроки живо писи | HD,386507,Russian
vAkp70XIp8A,ЛАЙК.А / LIKE.A - СНОСИТ КРЫШУ / ПРЕМЬЕРА КЛИПА 2017,204306,Russian
9IH9ghkWEvg,Пьяный повар Show,130414,Russian
OK0EP99x098,ТИПЫ ЛЮДЕЙ В МАГАЗИНЕ,179075,Russian
HeusiuWG8lQ,"Короче говоря, лотерейный билет",715628,Russian
Vjg9reOLClg,BIG RUSSIAN BOSS. ПАРОДИЯ #14,327697,Russian
x7ED1UwgQ8I,Игра трендов (Переозвучка) (спойлеры из сериала),286234,Russian
CeUaopDSfFY,Славный Обзор. Ресторан Водопад. Сельская свадебка...,549824,Russian
_6mJwJpAd54,Sasha Ray - Душа (премьера клипа),29025,Russian
nOLOWDZbxvc,Ивановы Ивановы - 19 серия - комедийный сериал HD,541004,Russian
GZez_CnwheU,"Goblin News 31: Задорнов, 100 лет Революции, Собчак о Крыме",252112,Russian
lr851YNsg7Y,Лига Справедливости — Приятная х*йня [Коротенько],115122,Russian
9UqPRv975Vg,"ЧТО ЕСЛИ ПРИГОТОВИТЬ НУТЕЛЛУ и МЫЛО в ВАФЕЛЬНИЦЕ - ЭТО ОЧЕНЬ СТРАННО, НО в....?!",409738,Russian
4EvOAckr1pA,ДЕВОЧКА ИЗ ЛАЙК ТВ ШОУ ОБОГНАЛА PewDiePie ПО ПОДПИСЧИКАМ,232724,Russian
wB9EbAe5WjY,"Кайтинг - Кипр, windbandit kiteshack",14820,Russian
DFTapq6KJxM,Когда украинской будет Москва. Отака Краина с Дидом Панасом. Выпуск 19,72572,Russian
Q120CpbNUI4,РАСШИРЕНИЕ КУЗОВА для КОРОТЫША,261261,Russian
PtOWOaUkUbc,Один кушон против всех тональников и корректоров!,4396,Russian
ZhzO73jxRf0,Евгений Григорьев  (Жека ) - Белые пчелы (Премьера 2017),355861,Russian
AleHmBh29kc,Русский Фейерверк Екатреинбург,24868,Russian
DeZlHaaTJ6U,Diriliş Ertuğrul 96.Bölüm Tanıtımı,133748,Russian
OpzNqDgY5yA,Обзор видеорегистратора с радаром Inspector Scat SE Signature,14902,Russian
VOMmgXCFVaU,Доктор Рихтер 5 серия (2017) Мелодрама драма фильм сериал,25518,Russian
19Ez7SFt8UM,Прощание с Михаилом Задорновым в Риге(3),23151,Russian
n0OKq5flaV0,НАВАЛЬНЫЙ 2018:ДОВЕЛИ!У СЕЧИНА СРОЧНАЯ ОПЕРАЦИЯ!,91848,Russian
JByixoJQh9Q,Ивановы Ивановы - комедийный сериал HD - 18 и 19 серии,99132,Russian
aWHIm7f2Cpg,"Невзоровские среды / Журавлева, Дымарский и Невзоров // 15.11.17",36167,Russian
sFPMwHgjH2A,Косяковобзор второй 1/2 КВН 2017,55564,Russian
6Jq9M4ufQ-c,ЛИГА СПРАВЕДЛИВОСТИ ВРОДЕ КАК ДАЖЕ НОРМ (почти),54857,Russian
Ijl9QbAQuks,Рамс на заправке ),86559,Russian
bUuu0Z4a6hQ,САМЫЙ ОСТРЫЙ СОУС ПРОТИВ ДЕТЕЙ ЧЕЛЛЕНДЖ | ВЗРОСЛЫЕ ПРОТИВ ДЕТЕЙ,318419,Russian
pWj2nxe06p0,Юля Пушман и Карина Каспарянц. Шоппинг с парнями. Как модно одеваться парням. Остин|Ostin,33723,Russian
zVMM-mghOlQ,OXXXYMIRON - ОЛИМПИЙСКИЙ TEASER by ALT PAX,39654,Russian
M4nIFS1il2c,Эне жүрөгү / жаны кыргыз кино 2017 / толугу менен,46205,Russian
oFd8-hRy9lg,ГУБЕРНАТОР: ВАРИТЕ ТУШЕНКУ (18+),242811,Russian
abCpY9oma3k,ЧТО ЕСЛИ СОЕДИНИТЬ ДВЕ МУРАВЬИНЫЕ ФЕРМЫ И ЗАСЕЛИТЬ МУРАВЬЁВ?,107924,Russian
JFxxq4FW22g,Что если положить муравьям пенопластовые шарики? Реакция муравьев. Формикарий.,368485,Russian
IQkmcfvNGns,Был ли взрыв колеса на М5 подстановой? Мое признание.,248678,Russian
kZcZ5vOZtQc,Каждый счастлив по своему,38175,Russian
GItad6dZRCs,Инвестиции в криптовалюты. Биткоин. Отзыв,36582,Russian
1KuZd-qOJ_M,"Оптика на Фронтеру, СВР вернулся.",133507,Russian
vo75HiC49k8,Браки iPhone X и почему динамики на смартфоне не работают. Как взломать Face ID и другие новости!,184836,Russian
JFFeDk_ycl8,Крылатые убийцы ИГИЛ: Минобороны показало кадры боевого вылета ракетносцев ВКС РФ,7533,Russian
NDs6OaimX8g,Контролируем гнев.Чувства созависимых. Андрей Борисов.,3477,Russian
sxHfN1TsqBw,"Ольга Матвей | Сочные Рубленые Котлеты из Индейки, Остановите Меня, а То Все СЪЕМ | Turkey Rissoles",38972,Russian
f4ubJGn1nt8,Воспитательница в Томской области пыталась насильно накормить ребенка,57128,Russian
4H7Ewj9ebnQ,Откровения Кати. Как открыть свою сыроварню. Бизнес на трендах.,121289,Russian
MDCtS90na98,"Утро, Ушаковский мост. Питер...",6276,Russian
yenaIyDHnTo,Мари Краймбрери - Давай навсегда (Weel cover),2693,Russian
SWWOK3R5GZ0,След - Разочарование,23036,Russian
mQOLHD21QlI,Репка Лихие 90-е 1 сезон 9 серия Как появились крыши? История крышевания,67141,Russian
Xvqh6DiC9t4,Угон Форд. Спасет ли аэрография от угона ?,105065,Russian
4VpNS1P_4u4,Интересные  новости  № 265 / 17,10127,Russian
2n1ojV68S7Q,КТО КРУЧЕ | Мбаппе vs Дембеле,113195,Russian
bYkFZZMTmQo,ДОМ 2 НОВОСТИ ЭФИР 21 НОЯБРЯ 2017 (21.11.2017),13745,Russian
JqXMxCyWdgo,ADFS-27,7902,Russian
vk3gtnSpL4Q,Лучшие моменты товарищеского матча Россия — Испания,161143,Russian
GzEP8s107Sk,"Топ-5 невероятных историй, по которым сняли фильмы",12578,Russian
VfNIRiyjJLc,Run this town with Pabl.A,4528,Russian
azEiCWMUxgI,TAG: СЛИШКОМ МНОГО ИНФОРМАЦИИ ОБО МНЕ | KURAGA,60987,Russian
vDgDlwIW360,Гейминг-смартфон 101 FPS – RAZER PHONE.  Убиватель флагманов.,88289,Russian
W9cLnn7Kxww,Где суша / Where is the earth ???,94596,Russian
NS1dKf0eISU,Утренние Новости РЕН ТВ 16.11.2017 Последний выпуск 16.11.17,25636,Russian
q0fCbUaiD0Q,Собчак о миллионе полицейских и пытках «Звонком Путину»,109002,Russian
WWuJotGYz4M,МастерШеф. Сезон 7. Выпуск 24. Часть 2 из 5 от 15.11.2017,24990,Russian
XOkx-lCJ1y8,Уникальная Система Продаж по Телефону (как холодные звонки превратить в деньги),5584,Russian
5YZFVgEB4sg,Комбинированный педикюр / Как Правильно Обрезать УГОЛ Ногтя что бы он не ВРАСТАЛ,28614,Russian
wsaXBUJkSNw,Пежо - Автохлам или автомобиль? ч.3 - ФИНАЛ,164247,Russian
aNCW0GMo3AM,The New SpotMini -  Собака-Робот НЕВЕРОЯТНО!,3593,Russian
ul4_XUH6ejg,Давай поженимся. Большая любовь для владельца паба. Выпуск от 15.11.2017,14810,Russian
VpPIFPWJUNw,60 минут 15.11.2017 │Дневной выпуск│,28008,Russian
LrOQFMfJ3yE,10 НЕОБЫЧНЫХ ДОМАШНИХ ЖИВОТНЫХ,18201,Russian
L1o3KgTFz88,Подборка приколов за октябрь - самое смешные приколы из Дизель шоу | Дизель cтудио Украина,29129,Russian
w2y3g7HRo04,Сын Спартака Мишулина предоставил доказательства родства.,40753,Russian
lcJ1Rp7ssL8,Однослойное пальто для ленивых своими руками. Как сделать простую выкройку пальто на ткани?  Часть 2,19556,Russian
j8ztSog2Dgs,Пусть говорят 15.11.17 Спартак Мишулин все-таки мой папа? 15.11.2017 Последний вып от 15 ноября 2017,6902,Russian
Ayx-3cLGGXw,Полиция пришла с обыском к жене Джигарханяна. Андрей Малахов. Прямой эфир от 15.11.17,134962,Russian
0stn13Hs-FI,Bpemя nokaжeт 15.11.2017 Отношения Ykpaunы и России?!,30862,Russian
0BMo_yyEq2s,Неимоверно вкусная закуска.  Грибочки в хрустящем кляре!,34896,Russian
o7FVIu1A7xk,Сура 93: Ад-Духа (Утро),6179,Russian
O8sZj8TAFNI,Юрий Пронько 14.11.2017 - НОВЫЙ ФИНАНСОВЫЙ СПЕКТАКЛЬ,35507,Russian
bzOjvEhdPQ4,ЧП-САРАТОВ. КАМЕРЫ НАБЛЮДЕНИЯ ЗАПЕЧАТЛЕЛИ ГРАБЕЖ В ПОСЕЛКЕ СОЛНЕЧНЫЙ,4100,Russian
Xm5H33VULKg,"УЛЕТНЫЙ ПИРОГ С КАПУСТОЙ НА СКОВОРОДЕ! ПРОСТОЙ,ВКУСНЫЙ И БЫСТРЫЙ РЕЦЕПТ!",12625,Russian
6GFd8POhjC4,Снеговик Обзор фильма от Криса Стакмана,2569,Russian
h6obvwZ9qDg,Играем против сквадов (test server) - PUBG PLAYERUNKNOWN'S BATTLEGROUNDS,88207,Russian
x2z55AjqcR0,Подвезли на капоте (г. Саров),3846,Russian
4SCATHyg-a8,Аэросъемка 4К СПБ Московский район DJI Ispire Pro.,2271,Russian
ST44nlF8Lh0,КЕДМИ ЕВРОПА МАСКИ СОРВАНЫ! СЕНСАЦИОННЫЙ МАТЕРИАЛ 16 11 2017,21367,Russian
f1hFJazCxEM,ПЕЧЕНЬЕ ПЕРСИКИ,11601,Russian
GiDXtEHhDE0,Таро-прогноз по кармическим кодам на ДЕКАБРЬ-2017 со ВСТУПЛЕНИЕМ,8419,Russian
AsftXBIzVIs,"РЕЗУЛЬТАТ выпуск 3 -  Императорский класс -Чемпионы, Чемпионат москвы, открытие Крокус Фитнес",3680,Russian
IGbuS4tA-RY,Полный контакт с Владимиром Соловьевым (15.11.17). Полная версия,7700,Russian
0wTFasKpPhA,Дмитрий Гудков - Особое мнение... 15.11.17,13462,Russian
BJbrJLsFQnQ,Flying through the Ross 128 planetary system,63023,Russian
IS7amxrWO8w,Прощание с Михаилом Задорновым в Латвии 15.11.2017,38423,Russian
6GqqHX-chDw,Покупки Фикс прайс/Нужные покупки/Хотелки новинки/Ноябрь 2017/,8905,Russian
A3d5_clIOT4,ЛЕДЕНЦЫ на палочке ☆ ВКУС из ДЕТСТВА ☆ Леденцовая фабрика,12050,Russian
QMBUmQVmCCM,"Крылья империи 1 серия ( сериал, мелодрама )",11036,Russian
CVPTaGQHRgs,Сколько стоит твоя жизнь?,42289,Russian
1DXMaOxhLX4,ТОП-5 соков для похудения | Диеты и здоровый образ жизни,1143,Russian
q_-P6gmLJ2o,Купил ЖИГУ ДЛЯ ЗИМНЕГО ДРИСТА,57140,Russian
Z1Y7KtBNwp0,ОВЕН- ГОРОСКОП на ДЕКАБРЬ 🎄2017 года от Angela Pearl.,17798,Russian
D8rdHQKKOt0,Филин Ёль ничего не делает. Кот Мурлок ничего не делает. Жуколица в квакварии.,21671,Russian
PZruNUBQ6CQ,Беспредел и коррупция в Тамбовской области. Почему?,61838,Russian
_NYU42ZtvQg,НОВОСТИ. ИНФОРМАЦИОННЫЙ ВЫПУСК 14.11.2017,93376,Russian
iYjY8aqBB6M,Дневник Новой Фабрики Звезд. Выпуск от 15 ноября 2017,47944,Russian
zaOsGbyuru8,Александр Половцев. Судьба человека с Борисом Корчевниковым,15333,Russian
qZchNfJt6O4,Обзор нового Audi RS5 2017,128421,Russian
jC9BnzqX9XQ,🧀Сырный Наполеон - Я - ТОРТодел!,16275,Russian
9SgE3uZ3C_c,🇺🇸 Vincent Pettway 🆚 Simon Brown 🇯🇲 (1995) Читаем описание,4605,Russian
QEdStYS-quU,Apple Airpods или Sony WF-1000x? Сравнение,181498,Russian
3O4u8xrmMUc,СТИХ ПРО МАМУ ДО СЛЁЗ...,4578,Russian
B4ygHUDRVLw,"КҮНБҮГҮН/ Атамбаев Назарбаевди гана эмес, ЕАЭБти түзгөн президенттерин сындады",31364,Russian
JyS7TQpZg0E,ДПС Сочи 2017 г. Новый регламент № 664 в действии.,2721,Russian
kvZ6EhEXpDg,Смотри новые серии финального сезона «Отеля Элеон» 17 ноября на START.ru,47925,Russian
WVeFBYU3Yrc,Ögey ana (39-cu bölüm),24302,Russian
71sfLPxKhCI,Валерия Кумпф о русско-турецких браках,1154,Russian
eb4HNFBt_k4,"Место встречи 15.11.17 Отношения Ykpaunы, России и 3anaдa?!",9260,Russian
NF890EQzJFg,"Потрачено: ФАРШ (Мираторг, Рестория, Окей)",50360,Russian
tk7W3wnOdBI,"EMIN - Прости, моя любовь - Tiser",19844,Russian
heq-yTUOnGI,15 ноября 2017. Военная обстановка в Сирии . Сирийская армия возвращает  боевиков в Северную Хаму,6541,Russian
1L08qpmC1r0,Запад против России. Время покажет. Выпуск от 15.11.2017,12498,Russian
cTZ6BIVmSSk,СР0ЧН0Е ЗАЯВЛЕНИЕ Мин0Б0Р0НЫ PФ - 16.11.2017!!! В0Т ЭТ0 П0В0Р0Т!!! Сергей Шойгу,118574,Russian
WZ5B9Ojoc9c,Seni axtariram 14.11.2017 Tam verilis / Seni axtariram 14 noyabr 2017,34469,Russian
UJwXcd0nrCo,ИДУ К ПОДПИСЧИКАМ ОТДАЮ УЛИТКИ ОТ ЭЛЛИ | Elli Di Pets,452895,Russian
Be801eeX4uc,Ушел от удара 12.11.2017,3494,Russian
kj6M3qGxA-4,Sevgi Iztirobi / Севги Изтироби 56-Qism (Turk seriali uzbek tilida),3465,Russian
v1hHzDoh8t0,Дэниел Кормье рассказал о тренировках с Хабибом Нурмагомедовым,4321,Russian
QXdr2MPVzFk,Александр Невзоров - Первая серьезная ошибка Собчак ... 15.11.2017,6881,Russian
yFcyyKN5lQE,"Энрике Менендес: В Украине нет политических сил, защищающих интересы Донбасса",4908,Russian
EX2IjrBz6vs,(1334)  МОЯ ЖИЗНЬ ДО АМЕРИКИ И ПОСЛЕ ПРИЕЗДА В НЕЁ) МОЙ АЛЬБОМ!!!),9389,Russian
FoU8wBrO33w,ЯТренер. Ник признается в ошибках и информация о доборе!,70776,Russian
liYE2IvWNYc,SushiRU,1058,Russian
AngM8zOQdUw,Кирилл Терёшин. Хватит пыхтеть в тренажерке,3174,Russian
gVtKRg3iMnI,GT SPORT: PS4 VR vs. РЕАЛЬНОСТЬ,228423,Russian
oKTgdE3u3cc,Салат Настроение на каждый день  Легкий и очень Вкусный! Отличная альтернатива Винегрету,7101,Russian
1BdVnbOWAfY,Роган и Шауб о бое Хабиба против Барбозы и Фергюсона [RUS],18106,Russian
0pi1atroQ-Y,Kisabac Lusamutner eter 15.11.17 Mshtakan Champordnere,23293,Russian
cnOv4Ir0jCA,Рязань ИДПС Волков - запрещена видеофиксация приказ.№664(позитив),2734,Russian
dfkVXUOk3Ag,#ВТЕМЕ: Настасья Самбурская тайно вышла замуж?,26689,Russian
g10jIeejvYU,Загадки человечества. 87 выпуск (16.11.2017) HD,7343,Russian
K6SjbLvfVhQ,Правасиз Машина Бошқарган Блатной Болани ГАИ Тухтатди,53861,Russian
yJpiMUVxhOs,КВН  Спарта - 2017 Высшая лига Вторая 1/2 Приветствие,142364,Russian
Vt4evmM1Zmw,Gotta See It: Blue Jackets' Bobrovsky with incredible blocker save vs. Canadiens,42758,Russian
A9JXq2PwF8o,Интервью Сергея Бобровского (15.11.17) после игры с «Монреаль Канадиенс»...,5321,Russian
Hrdoseq2b5E,Александр Невзоров - ОГOPЧУ! CБЫBAЮТСЯ XУДШИЕ OЖИДAHИЯ...,63162,Russian
FtNThF_oDmw,Стероиды Больше Не Принимаю,2385,Russian
KPtCaoQPYx8,❄ ЗИМНЯЯ ВИШНЯ на ногтях ❄ ЗИМНИЙ дизайн ногтей ❄ Дизайн ногтей гель лаком ❄ Nail Design Shellac ❄,5453,Russian
rLNRZUiAARI,Жаман кабар: Аксыда кайнене м/н келинин өлтүрүп кетишти | Акыркы Кабарлар,52326,Russian
VyP8s7X636o,Ольга Бузова Быть Мне с Ромой Гриценко или Нет?,16285,Russian
Yr5Dq2k-73c,Все киногрехи  Телохранитель киллера,98299,Russian
ua-av3C-9iQ,СтопХам-Опереточный злодей,144596,Russian
hFUdOh165gQ,ДВА ЦЕЛЫХ ДНЯ ГИМНАСТКИ В ДНИ СОРЕВНОВАНИЙ. Художественная гимнастика,8003,Russian
BIFPcHBo0W4,Флэш — 4 сезон 7 серия (4x07) | Русский Трейлер/Промо,4306,Russian
Sq6o221Ceto,►МАНИКЮР в домашних условиях: ОШИБКИ►Часть 1►Обрезной маникюр►Снятие гель лака дома - 3 способа,8535,Russian
Tng-cTG6MLs,Джангиров: контролируемые США антикоррупционные органы – это кнут для туземных элит 15.11.17,6788,Russian
45jFdE1PW-U,mexramis 279 anons  մեղրամիս,19808,Russian
yx5a2s2DG2Q,Отличный фильм боевик Черный след 3 2017,40451,Russian
jC3KhlMBtX0,"ЛАРИН ПРОХОДИТ ДЕТЕКТОР ЛЖИ / Versus, Джарахов, чайлдфри и любовь",157651,Russian
P_fs5CaScZM,"Узнать за 10 секунд | MARKUL угадывает треки ЛСП, T-Fest, Yanix, Oxxxymiron и еще 31 хит",889400,Russian
ENfbS-k5s-U,Победители конкурса YouTube-каналов,482357,Russian
SJPQOTgtavc,Итальянцы пробуют варенья из России,187915,Russian
PnGi5n7bByE,LIL PEEP | R.I.P | ПОЧЕМУ ?,263386,Russian
G3ZgjModpso,Офигенный голос. Девушка очень красиво поет Новый день (SONIKA - Новы дзень).,260645,Russian
wKgN9B-8evc,Ивановы Ивановы - 20 серия - комедийный сериал HD,620657,Russian
FhKM72g4wSc,"Путин-Мугабе, зарплата 92 тысячи и зачем нужен ютьюб",101394,Russian
Qlv0FvoYlTM,Боб открывает магазин,511595,Russian
2A3y8kLdm-s,ОБЗОР для ТВОЕЙ МАМКИ,455564,Russian
RKwIhEVK_A8,Можно ли доверять СВОИМ ВОСПОМИНАНИЯМ?— Научпок,140316,Russian
e51CLGxI9KY,LIL PEEP УМЕР / МЫ ПОТЕРЯЛИ ЛЕГЕНДУ!,167711,Russian
m73mRIwCWgE,Ограбление автосалона - По тещьему велению - Уральские Пельмени (2017),141015,Russian
A4Yh8MiV_Dc,БАЙКИ ХОВАНСКОГО v 2.0 [Как я создал канал / Взял кредит / Тусил у Маликова],179302,Russian
TUnyAyENNEk,Ненавижу Android?,374442,Russian
FeSq4zHUUhE,Вечер с Владимиром Соловьевым от 16.11.17,42764,Russian
rFT8fBjjzEU,РОЗЫГРАЛ НАСТЮ!! Настя БЕЗ ДРУЗЕЙ Соня и Светозар ОБИДЕЛИСЬ НА Настю Для детей KIDS Children,442430,Russian
raz1NU0aRw8,"ИНОСТРАНЦЫ СЛУШАЮТ РУССКУЮ МУЗЫКУ (FACE, KIZARU, OXXXYMIRON, MIYAGI, T-FEST, БАСТА)",246253,Russian
4CqDviJ-lwU,КИНОВСЕЛЕННАЯ DCEU ОТ НАЧАЛА И ДО ЛИГИ СПРАВЕДЛИВОСТИ | ПЕРЕСКАЗ ФИЛЬМОВ DC,158779,Russian
_Mmp11-W_Yg,Ивановы Ивановы - комедийный сериал HD - 19 и 20 серии,105447,Russian
JaSuE_uNrpI,16 смешных пранков с косметикой,991922,Russian
lEn0pzVlAiQ,ЭТО ПРЯМ ПИЛА! КОНЦОВКА 1 ● Hidden Agenda #3 [Cкрытая повестка] PS4 Pro,29035,Russian
mC_GywYo0uo,Я на телеканале НТР,135367,Russian
_1mILT_NdsA,ОДИН НА НЕОБИТАЕМОМ ОСТРОВЕ,89284,Russian
PU0zccv2K0A,НОВОЛУНИЕ в СКОРПИОНЕ. УТРО с ВЕНИАМИНОМ. 16 НОЯБРЯ,23031,Russian
QaRBT9bVSJc,ЛУЧШИЕ ПРИКОЛЫ 2017 НОЯБРЬ #51 | Лучшая Подборка Приколов | ТОПОВЫЕ ПРИКОЛЫ,110539,Russian
b29iV4xZdUY,45-летний Малахов впервые стал отцом !,23738,Russian
0MhUagrMKcA,Интересные  новости  № 266 / 17,9596,Russian
A71F1bWwFII,Рискнула на 25000$. ГАВАЙИ- начало.,26620,Russian
NXoY5ueaMXk,ТОП-10 вечно перспективных футболистов,115500,Russian
Q7HEUST4q8c,Госпожа Фазилет - 2 фраг к 23 серии ОЗВУЧКA,22602,Russian
3iedYPUtHxE,60 минут по горячим следам (дневной выпуск в 13:00) от 16.11.17,121087,Russian
PHAUW9yKu10,ДИМА БИЛАН НЕИЗЛЕЧИМО БОЛЕН? конфузы звёзд на сцене,109218,Russian
qfFzMKEmZa0,След - Не надейся,19381,Russian
6ei6B0WHw38,ДОМ 2 НОВОСТИ ЭФИР 21 НОЯБРЯ 2017 (21.11.2017),33456,Russian
fJ8ueA7Npxg,Первые отзывы о Лиге справедливости - Новости кино,55431,Russian
SoXgW1vehBI,ТЫ МЕНЯ СЛЫШИШЬ - TheBrianMaps (Брайн Мапс) | Реакция,37606,Russian
knuf-Y-fofM,НАВАЛЬНЫЙ 2018: ОТКРЫТО КАДЫРОВУ!,77279,Russian
B_ej3S4VHfY,Украина нового формата. Время покажет. Выпуск от 15.11.2017,76941,Russian
9KV2gBk0Cvk,"Выяснилось,  кто поставил жучки в кабинете Джигарханяна!",37454,Russian
UZpLgD0-ojg,Осуждение. Александр Палиенко.,5921,Russian
7T8l-j7DUBY,Омурайсу (Рукозадая версия),55378,Russian
daHLxwUik-I,«Спать с Ди Каприо — дурной тон». Очень горячий Dj про хип-хоп | ИСТОМИНА,26411,Russian
YRKgu53Dngk,Тенденции маникюра: Модный маникюр +с надписями. Дизайн ногтей с хлопьями Юки.,6690,Russian
wfitWgw5NtQ,"7 ПОВСЕДНЕВНЫХ ПРОДУКТОВ, КОТОРЫЕ ВЫ БОЛЬШЕ НЕ ЗАХОТИТЕ ПОКУПАТЬ",264266,Russian
H2pvLy1KYsY,Топ5 ГОЛИМЫХ Понтов!,242811,Russian
Dk-8Afl6h20,РОНАЛДУ ОБЪЯВИЛ ОБ УХОДЕ ИЗ РЕАЛА,220751,Russian
9xcmfj46P8s,Морозова (2017). 8 серия. Пикник / Детектив @ Русские сериалы,38157,Russian
2kIfHV1_Ri0,Валентин Катасонов 15.11.2017,33463,Russian
YVdqAZxJxG0,Сайкал Садыбакасованын тойу УКМУШ өттү! Көрүнүз..Көрбөн арманда..,66346,Russian
EP1UyEc3-UM,Королевский Торт с Куриного Филе! Филе Получается Очень Нежное и Сочное!,19614,Russian
jtoAk2mcA8U,Вектор Движения №157 Разведка боем,70237,Russian
SobOfelCNQ4,"Умер Lil Peep. Реакция Oxxxymiron, PHARAOH, Face, Lil Pump, Night Lovell, Смоки Мо.",57586,Russian
KGDiJxCCcZM,Однослойное пальто для ленивых своими руками. Как сделать простую выкройку пальто на ткани?  Часть 3,22044,Russian
PjQ1Xk-3D8o,"KIZARU о Наркотиках,о FACE,смерти LiL PEEP 16.11.2017",54101,Russian
vMlxzNAH5Pc,Рёбра барбекю в домашних условиях | Нереальная вкуснямба,37979,Russian
TjZuQHhcPK8,Seni axtariram 15.11.2017 Tam verilis / Seni axtariram 15 noyabr 2017,30656,Russian
zlKK9Ki_ERQ,Доктор Рихтер 8 серия (2017) Мелодрама драма фильм сериал,29390,Russian
qTB8LGYicfo,Бентли за 15 млн с дисплеем от Шкоды Фабии,120038,Russian
go8Yq1XNNO8,LIL PEEP УМЕР | СКОНЧАЛСЯ ЗВЕЗДА СОВРЕМЕННОЙ ЭМО МУЗЫКИ ЛИЛ ПИП,96142,Russian
4DGUlYe9Fao,КАК СДЕЛАТЬ КУБИЧЕСКОЕ ЯЙЦО - DIY,50083,Russian
iavnA2fCvrc,Андрей Нечаев - Особое мнение... 16.11.17,10963,Russian
_twYzJCsnKY,90 + РЕЙТИНГ | Я ЕГО ПОЙМАЛ !,195118,Russian
sI4Ah6jk_9s,Путин понес свой крест на выборы,23978,Russian
Uqu0Rddp-TA,Непосредственно Каха -- ТРЕЙЛЕР 4 сезон 5 серия,87165,Russian
dsj7h3FGM2c,Кедми у Сатановского 16.11.2017,11342,Russian
cjOqcaZvMd0,ПЛОХИЕ НОВОСТИ в 21.00,38964,Russian
4Ig-aUcbO9w,Пусть говорят. Спартак Мишулин все-таки мой папа? Выпуск от 16.11.2017,121513,Russian
YexFtxrIMxs,Как творить на уровне мыслей,8996,Russian
Ue1PZHUTTqc,Сколько стоит построить ТОП стенс-проект в России? Golf GTI MK5 Вавы. ENGLISH subs. Vladimir's MK5,38229,Russian
qS1ffaB47LQ,Учимся Дрифту. Слишком близко. #АльтезаЖиви,30291,Russian
Mq4Ne-u7djE,Япония VS Россия. ЯПОНСКИЕ ШКОЛЫ. В чем отличия и что нужно перенять. Проблемы образования,50168,Russian
UShLgf44mVc,Проведи свой Гамбит!,93665,Russian
nrUEm1opPzo,Где живет Леонидыч? Едем за тюнячкой.,25819,Russian
HR9FA_dWKvs,"Заварили диф, что то застучало. Переехали в другой гараж.",80317,Russian
o2RInWpfsjM,Закон о СМИ-иностранных агентах. Путин извинился перед народом? Евгений Федоров 15.11.17,5464,Russian
gTH9dJjsxZA,Загадки человечества. 88 выпуск (16.11.2017) HD,9110,Russian
ivSaxgEcPQU,Новый клип Black Russian Mama,11717,Russian
iwMFAZroboE,"Хрусть. Когда сове хочется что-нибудь перекусить, она перекусывает перо.",28715,Russian
b_kfww6ldrE,ФАБРИКА ТРОЛЛЕЙ НА САВУШКИНА 55 [netstalkers],62338,Russian
dNtMoAIO_7k,"TAG: ФАКТЫ ОБО МНЕ: Отношения, Дети, Мотивация",32774,Russian
aMtY7aT31mU,Салат Объедашка на Новый год и не только.,30917,Russian
umc1yiiFXjs,"ВВП растет, но ДЕНЕГ НЕТ!",100861,Russian
ZXCoJuuYj-A,КВН-Обзор. Вторая 1/2 Высшей лиги 2017,29923,Russian
MlmJl5oUIyA,Протоиерей Владимир Головин. Ответы на вопросы от 11.11.2017 г.,5334,Russian
Ad3ZocqyMDI,Галилео. Волос 💇 Hair,15536,Russian
nN7_0L4hNJY,От двух до пяти с Евгением Сатановским (16.11.17). Полная версия,6602,Russian
kqaqWEiZCDQ,Даня Кашин подстригся | Новая стрижка D.K. Inc.,11877,Russian
NWX6JLy7dto,ДИЗАЙНЕР ИДИОТ?!,30296,Russian
kVOsnG7Ygus,КОКОСОВЫЙ торт РАФАЭЛЛО / НЕРЕАЛЬНО ВКУСНЫЙ!!! / Raffaello Coconut Cake,34050,Russian
kuFqAGwXzFM,"NOGIRON KELIN, ORZU HAVASLI QAYNONA, E'TIBORSIZ ONA MASHMASHASI",2914,Russian
Az-bpzGY4Ac,Невзоровские Среды 15 11 2017,90674,Russian
b2pTbPi9W34,СЛЕДИТ ЛИ ОН ЗА ВАМИ В СОЦИАЛЬНЫХ СЕТЯХ? ГАДАНИЕ НА РУНАХ,6214,Russian
uOJyppzJepY,BMW 650! Стоят ли остатки былой роскоши 850 тысяч рублей ?,83787,Russian
4ljjnljxlRs,ДРАФТ НА ДВОИХ | STAVR,152721,Russian
F3omqL9JAaA,Тарасов не общается с дочкой из-за Анастасии Костенко,6960,Russian
Sq6DebqQMqU,ЭТО OnePlus 5T - смартфон который мы НЕ Заслуживаем!,41615,Russian
jTWirJyVRBg,"Иностранцы Слушают Русскую Музыку: ЛЕНИНГРАД, TATARKA, ДЕЛЬФИН, МОНЕТОЧКА",27378,Russian
RzsyOfsO7jI,БОРОДИНА ОТКРОВЕННО ПРО ЖУЖУ И БУЗОВУ (ondom2.com),14157,Russian
56VqN4MawuM,"Лига справедливости - Лучше, чем ожидалось (Обзор)",40014,Russian
z8Gy5H69QZA,Полнолуние 20-Серия 2-Анонс! Лайк!,39383,Russian
HizuueExxBE,#Жаңылыктар / 16.11.17 НТС / Күндүзгү чыгарылыш - 15.00 / #Кыргызстан,80043,Russian
E1sRdaNqKlE,КОТ ПРОПАЛ!! (Часть 2) // Леди Баг и Супер-кот Комикс,41819,Russian
ogwB00fgadc,Утренние Новости 5 канал 17.11.2017 Программа Известия 17.11.17,5266,Russian
5D2tnainvJA,"5 Способов Быть Уверенным, Настойчивым и Энергичным",20432,Russian
JwZrsSo5t7o,МАША МАЕВА ПРОТИВ ВЫШКИ | Прыжки в воду с огромной высоты,138089,Russian
m8HjBSRsD3o,BEST CUBE #173 - RUSSIAN EDITION,119535,Russian
7-2rOpwoeFM,ЭДИНСОН КАВАНИ. Недооценённый топ-бомбардир,58788,Russian
XlQB9GSw9mw,Небольшой Прямой Эфир,4966,Russian
2_kxIzMRwlo,Что СТАЛО с беременностью 49 летней Валерии? Шокирующая ПРАВДА! Новости #TheRelizzz,41195,Russian
Q6DVtmQSiTE,Александр Малинин отказывается от умирающего отца. Андрей Малахов. Прямой эфир от 16.11.17,23659,Russian
KrIgTOKikaw,Народный патруль 125 СМОТРИ ПО ЗЕРКАЛАМ!,1877,Russian
TEldgX-Hyfc,Пранк с бесконечным шампунем!,25014,Russian
_prkaLz5PkI,"Ответы на вопросы от 11.11.2017 (прот. Владимир Головин, г. Болгар)",8179,Russian
QZbGzJmJfJ4,СРОЧНОЕ ВИДЕО МИЛИ ВАНИЛИ. Большой обзор. ч.1,21756,Russian
bBesBziJBIo,НЕЙТРАЛЬНЫЕ ЦВЕТА - КАК СОЧЕТАТЬ С ДРУГИМИ ЦВЕТАМИ | 4 ОБРАЗА ЛУКБУК,7137,Russian
iRmkhv-EzLc,Adını Sen Koy 219. Bölüm,169409,Russian
GPZ2JuStQY0,Позвольте этому происходить,6191,Russian
UebkafbIFFU,Место встречи 16.11.2017 Отношения России и 3anaдa?!,13757,Russian
kYvsgP11Chs,Влог: в гостях у мамы:)/ вышивка,3630,Russian
zbR_XuZtfHg,ЧЕСТНАЯ Распаковка Xiaomi Mix 2,35554,Russian
EN_bSc1-OLU,АНДРЕЙ ПОЙМАЛ МОПСА | МОПС ИЗВИНЯЕТСЯ ЗА ОСКОРБЛЕНИЯ | МОПС ПЛАЧЕТ,79371,Russian
kbg9v6FBfss,"Voske dproc seria 10 / Воске Дпроц серия 10 / Ոսկե դպրոց, Սերիա 10",35846,Russian
8A5j15vRMF4,Kisabac Lusamutner eter 16.11.17 Gtnvatse,22983,Russian
BfqyNkZkImU,Михаил Саакашвили VS Вадим Рабинович. Украинский формат на NewsOne 15.11.17,86342,Russian
1w8wfJ7DDFU,"Евгений Мураев в «Большом вечере» на телеканале NewsOne, 15.11.17",45090,Russian
A_29_b-C_Vs,НОВЫЙ ПРЕДВЫБОРНЫЙ ХОД ПУТИНА ГУМАНИЗМ,7620,Russian
VO_B1-ektLg,Мужское / Женское - Мошенники в прямом эфире. Выпуск от 16.11.2017,75406,Russian
LLavyjtfa0w,Как ездить на мотоцикле зимой. Лайфхаки - В шлеме,71880,Russian
KL4Pq-00Yuo,"365 ДНЕЙ НА YOUTUBE. ДРУЗЬЯ, ДЕНЬГИ, ЛОЖЬ",120079,Russian
g40bL7-3K74,ЛЁ БИГ СЕДАН/CITROEN C4 2017/СИТРОЕН С4/БОЛЬШОЙ ТЕСТ ДРАЙВ,44310,Russian
eob07qVz8JM,"наращивание ногтей, сама себе) Мрамор на ногтях. Дизайн ногтей 37",6892,Russian
AZzn3pOeLCY,ЧТО НОСИТ L'ONE. СКОЛЬКО ДЕНЕГ ТРАТИТ НА ОДЕЖДУ,41992,Russian
uMmMCQ-CJ88,Вячеслав Мальцев | Плохие новости | Артподготовка | 16 ноября 2017,4666,Russian
utPydhCO4-M,ПОВСЕДНЕВНЫЙ МАКИЯЖ С ДЫМЧАТОЙ СТРЕЛКОЙ / Универсальный макияж на каждый день,9115,Russian
dIPat-TYWfU,Восстановление BMW M5 E60. Снимаем V10. Раздеваем полностью эмку. Сколько стоит ремонт?,42516,Russian
lIdjUO2dzuE,Вечерний Ургант - Летиция Каста/Laetitia Casta и Такаси Мураками/ 村上. 892 выпуск от 16.11.2017,19057,Russian
baV26eDL468,37200 РУБЛЕЙ ЗА ШАПКУ СЕКОНД ХЕНД ! ДОРОГО   ДЕШЕВО ШАПКА,158626,Russian
Cch2K_Y_63E,✿ LET`S COOK ✿ Голландский соус / Голландез / Топлёное масло ♥,16565,Russian
AhBO3Rt7qac,Сильный пожар тушат на складе лакокрасочных изделий в Волгограде,4983,Russian
ujUG9ZN0kZI,Вручение Ордена Дружбы. Осипов Алексей. Владимир Путин 15 11 2017,4545,Russian
R7zkMof_lb0,"ТИМУР РОДРИГЕЗ - про РЭП, ЮРИЯ ДУДЬ и МАРТИРОСЯНА, Comedy Club",26019,Russian
v_s0pVIiiDk,Дневник Новой Фабрики Звезд. Выпуск от 16 ноября 2017,64711,Russian
WJOYT77LJB4,MIUI 9 против MIUI 8. Стоит ли обновляться до девятки?,51183,Russian
NqFYQwRhOcI,ФЕЙС УНИЖАЕТ МАРЬЯНУ РО?! УМЕР РЭПЕР ЛИЛ ПИП / Lil Peep | КОМКОВ ПРОСИТ ПРОЩЕНИЯ,109738,Russian
MAZpEejqcLc,ЖАННАТНИ ТОПГАН БОЛА ибратли ривоят,53515,Russian
DvFvZL6JWKw,"В Украине конфликт центра и регионов и затянувшаяся мамаизация всей страны, - Андрей Мишин",4855,Russian
MEPrP-YtFcY,"Kizaru о Смерти Lil Peep, конфликте с Face, Rose 044, Dead Dynasty, Смоки Мо(16.11.2017)",34194,Russian
tsCT6jjwVvo,Морковные КАПКЕЙКИ с КРЕМ-ЧИЗОМ ☆ Carrot cupcakes,9449,Russian
0MNfIpJ4uGs,Рыбалка на Севере. Ловим ряпушку. Якутия Yakutia,24200,Russian
zUs7f9_uq4c,"Роман Зобнин: «Только сейчас понял, насколько люблю футбол»",18140,Russian
Ikc6YY2k0YU,Hojiboy Tojiboyev - Armiyada General ishlaydi lekin Ded va Denbil deganlari ishlamas ekan,24824,Russian
DlKLka53Kjg,«НЕ ВЛИЯЕТЕ? – ХОТЯ БЫ НЕ МОЛЧИТЕ!..»,65987,Russian
FvewoqFpVBU,Эпизод 22. Готовые работы . Покупки пряжи . Планы .,3972,Russian
MydU19eQxPg,"КОРОЧЕ ГОВОРЯ, Я ПЫТАЛСЯ СНЯТЬ АНТИ-ГРИФЕР ШОУ !",32434,Russian
8VJvqMy4ziE,Эрдоган превратил Путина из дедушки в бабушку,69649,Russian
kJJMrwKuhk4,Новый зашквар BLACK STAR // Cмерть LIL PEEP // Битва за Розовое Вино,512821,Russian
RYvyZbYvArE,iPhone X - НОВОЕ ПОКОЛЕНИЕ КОСЯКОВ!,268725,Russian
mqlscc-Ir38,Светящийся ЛЁД - Проверка Странных лайфхаков!,590807,Russian
V5r3oFlTo0w,ХЛЕБ - Плачу на техно,424052,Russian
i-kpVHy4z_Y,"ЧТО, ЕСЛИ весь МИР В ОГНЕ",564315,Russian
EdkfzVgDtFw,Lexus LX570 СМЕРТЬ МОТОРА. ЧАСТЬ 2 РЕМОНТ ИЛИ ЗАМЕНА,383178,Russian
tQNFb0_dpyc,Придумай слоган и выиграй подарки от ГОБЛИНА и ФОТОСКЛАД.РУ,93973,Russian
k-i6qILuwmk,Кэшбери реально платит?,86074,Russian
gVUBBoHIG6c,Вся правда о компании Кэшбери.,84432,Russian
bJoJSeiH0yg,"Мои муравьи под Микроскопом! Теперь мне ЭТО приснится! Микроскоп из Китая, Посылка, Распаковка",368036,Russian
Y7LLaF_hB4w,=Обзор ИРП= АМЕРИКАНСКИЙ сухпай. Что едят в USA армии. MRE №1,271648,Russian
shw5hC9g25g,11 ЛУЧШИХ ПРАНКОВ НАД БРАТУХАМИ И СЕСТРУХАМИ / ДЛЯ ШКОЛЫ / ШКОЛЬНЫЕ ЛАЙФХАКИ + КОНКУРС,160184,Russian
J90H8sUQ7u4,RAKETA - Айсберги (visual video),284632,Russian
vZFpG9H5hAs,АВТОРАЗБОРКИ let's play,180668,Russian
PQBT-Z8mcuM,Black Russian Mama — Сонная (Премьера Клипа),86151,Russian
TYIABBLy-VQ,Отдал подарки в театре Репетиция,33759,Russian
nfnVmzAVOfM,Я попала в ролик к Соболеву / Ответка Коле Соболеву [некто не пришел на фан встречу],36281,Russian
-2ojn3ZCQgw,ЭТИ ПРОДУКТЫ НЕЛЬЗЯ ЕСТЬ ВМЕСТЕ...,250954,Russian
vAf3tcpQ64s,МБАППЕ И РЭШФОРД ВЫНОСЯТ 2DROTS,246385,Russian
u0EjeE84mt0,Обзор общего теста 9.21,197788,Russian
YxDjgta_eU0,Черепашки-ниндзя | 1 сезон 11 серия | Nickelodeon Россия,84883,Russian
HZlK5ODVG5U,Какая газировка вкуснее?,239894,Russian
wc2ena0ktGM,Seni axtariram 16.11.2017 Tam verilis / Seni axtariram 16 noyabr 2017,27720,Russian
EQvhjefl0c8,IPHONE — До Того Как Стал Известен!,202536,Russian
wNha6l0WzN0,Особое мнение / Станислав Белковский // 17.11.17,31771,Russian
0eBhSmMAT0s,"16 ВЕЩЕЙ, КОТОРЫЕ МЫ ИСПОЛЬЗУЕМ НЕ ТАК, КАК ЗАДУМАНО",137339,Russian
e_RGKUJtDXw,WTFFF... КАК ТАК...?! КО МНЕ ПРИЕХАЛ НАСТОЯЩИЙ ТИМОН из АФРИКИ !!!  ЭТО ВООБЩЕ РЕАЛЬНО..?!,289236,Russian
Rlno9LwZFa0,Юрий Пронько 17.11.2017 - СЛУЧИЛАСЬ БЕСПРЕЦЕДЕНТНАЯ ВЕЩЬ,35102,Russian
5RLY-WaF3gI,Интересные  новости  № 267 / 17,9401,Russian
vPKYxFaYoak,Тарасов поет песни в машине вспоминает Бузову😏💔,45833,Russian
e-cEB8LccfQ,Менструальные чаши | nixelpixel,140694,Russian
Hg8K1gbYoZQ,У телеведущего Андрея Малахова родился сын! 45-летний Малахов впервые стал отцом !,22238,Russian
bW-dJ1dNv4c,Нурлан Асельге эмне деп ырдап берди ? Видео,53695,Russian
UyOa_GO0hOE,"Алина Загитова. Гран при Франции, КП",28746,Russian
XZpIbvwEiBo,О Чём Мечтают Девушки? | Народный Гугл #2,28386,Russian
yXI6xzMn1ZM,"Оскар Хартманн. День с миллиардером. О начале пути, поиске себя и будущем экономики",118314,Russian
BoDwEKgqDQg,Департамент судей Краснодарского края. Тротуар для пешеходов? Часть 2,81511,Russian
I5btcj20Qsg,"Выходные дни. Таро прогноз 17-19 ноября, 2017",12743,Russian
zTDytDuMUgg,Морозова (2017). 10 серия. Поражение / Детектив @ Русские сериалы,44765,Russian
gDwdhamzpdY,"7 ЛайфХаков, которые изменят жизнь девушек  BEAUTY LIFE HACKS  Tanya StreLove",156937,Russian
ajt_wY2d3eo,Дмитрий Дюжев. Судьба человека с Борисом Корчевниковым,40791,Russian
84Ho51hFk74,"Я думаю, этот автомобиль вам понравится!)",189281,Russian
c6psXuwoyrQ,Градусы & Кравц - Выходи за меня,30040,Russian
i37aJ-Z8HsU,ДЕПОРТАЦИЯ ГА УЗГАРТИРИШ || ИЗМЕНЯТСЯ ПРАВИЛА ДЕПОРТАЦИИ,66746,Russian
1aX-XNzR-4Q,ЧТО НОСИТ ИВАНГАЙ. СКОЛЬКО ДЕНЕГ ТРАТИТ ИВАН ГАЙ НА ОДЕЖДУ,52258,Russian
nioi3QLhxmM,"Kizaru о Lil Peep, о приезде Face и Pharaoh",89749,Russian
VE5ss5Ipi2U,Острый репортаж с Аллой Михеевой. Концерт рэпера Тимати.(17.11.2017),36456,Russian
KtKYLCZB3vY,ЭКСКЛЮЗИВ! У АНДРЕЯ МАЛАХОВА РОДИЛСЯ СЫН | АНДРЕЙ МАЛАХОВ РАССКАЗЫВАЕТ О РОЖДЕНИИ СЫНА,28390,Russian
XeSmzqmoFvE,КИТАЙСКИЕ ПОКУПКИ С ПРИМЕРКОЙ! ОДЕЖДА И ОБУВЬ | MAKEUPKATY,132250,Russian
xhNvqdlTp7A,Железная логика с Сергеем Михеевым (17.11.17). Полная версия,7162,Russian
eciFxfypJqg,"Место встречи. Крадущийся тигр, затаившийся дракон?! (17.11.2017)",26371,Russian
8GVDYAoH2u8,Онлайн страхование. Работает или миф?,146239,Russian
OoGMgLvvFxg,"Пирог с фрикадельками за 7 минут, нравится ВСЕМ без исключения!",24888,Russian
jXBX7SXBcts,Жена родила Андрею Малахова сына,54767,Russian
iLAUop9Wm-4,Юрий Болдырев в Политкафе ч.1,13750,Russian
ddWaS-ocCiE,Оформляем торт для девочки👧 + Ноябрьский розыгрыш🍁- Я - ТОРТодел!,20017,Russian
ke3cEdrBbYA,Сделай и себе это нужное и простое приспособление из ОБЫЧНОЙ НАСАДКИ. Крутая самоделка. Советы. DIY,130833,Russian
Y7mWcFzmLRs,ВЕСЫ- ГОРОСКОП на ДЕКАБРЬ 🎄2017 года от Angela Pearl.,14951,Russian
5qkIjuSroFc,Рэмпейдж — Русский трейлер (2018),210084,Russian
nY_1GoG40M4,ЗАКАЗАЛИ ВСЕ МЕНЮ / ДОСТАВКА ЗА 13000 РУБЛЕЙ / ЛЕВ ШАГИНЯН,142682,Russian
iy1bwsaKsOk,60 минут 16.11.2017 │Вечерний выпуск│,70038,Russian
feqzuAP_lTE,✅Деревенские будни // Как я трубу вырывал... // Загон для КРС,15345,Russian
M9qDwXLwqpg,Олег Соскин: Близится время великого хаоса,14357,Russian
MxiVFLJxa7I,Ольга Матвей | Грибной Соус к Любому Гарниру | Mushroom Sauce,20408,Russian
aAD-wGLL7jU,Тайна Коко - Третий трейлер,11768,Russian
uRqTcAWwyg4,Что такое Dub?,56410,Russian
Fy1SLS-F7Zs,ТЕСТИРУЮ НОВИНКИ MAYBELLINE💄,70202,Russian
UBMxz71YxWo,СЛЕНДЕРМЕН VS БЕНДИ И ЧЕРНИЛЬНАЯ МАШИНА | СУПЕР РЭП БИТВА | Bendy and the ink song VS Slenderman,31055,Russian
fcLRyQz2pzk,След - Грязная правда,41203,Russian
HA02zeBTvo4,АШАН / Садитесь в тележку покатаю по Ашану :) 16.11.2017,10726,Russian
9kDxcie_45M,Светлана Иванова и Мария Зиброва. «Бедный Лазарь» - Нокауты - Голос - Сезон 6,13664,Russian
KUNyuCBSKjE,Рисуем СИМВОЛ 2018 года/Новогодний пёсик на ноготках /Пришли мои любимые гель лаки,16619,Russian
uZ_TNbusPxI,Все грехи фильма Тройной форсаж: Токийский дрифт,63603,Russian
yagzL5-iqEo,Сделай и себе это нужное и простое приспособление которое вам точно пригодится,94931,Russian
kAaExw-slgk,ПРАВДА или ЛОЖЬ с ФУТБОЛИСТОМ СБОРНОЙ РОССИИ,91689,Russian
CzyazvAbBxU,Дневник Новой Фабрики Звезд. Выпуск от 17 ноября 2017,83331,Russian
sgft-7HVj1o,Военные Фильмы про СЕКРЕТНЫЙ ОТРЯД НКГБ 1941-1945 ! Военное Кино HD Video !,139166,Russian
v1DhXPpxHF8,Место встречи 17.11.17 (ВТОРАЯ ЧАСТЬ) Отношения России и 3anaдa?!,19781,Russian
QquFA5ZszSY,Вязаный страх и ужас. Что я вязала раньше :) Jekaterina Sap,7220,Russian
aLse8YU1QN0,SEREBRO  - SECRET (Новая Эра. Тизер нового состава),248180,Russian
HPxjzGNsqUU,ОТКРОВЕННОЕ ИНТЕРВЬЮ С ELECTRONIC [RU/EN],74358,Russian
Xahs6BiSkc8,Троцкий. 2 серия,12597,Russian
OJdHPKygnHc,Минус ВАЗ - плюс жизнь. Начало.,84728,Russian
P91Od8VQH3Y,А. Сотник: «СКРЕПНЫЙ ГВОЗДЬ ИМПЕРСКИХ НОЖНИЦ»,70937,Russian
NqYSkmL3HR4,Преображение 350Z Часть 2 [BMIRussian],40989,Russian
9NIhAHLvttQ,2 отрывок  к 23 серии Госпожа Фазилет и ее дочери  2017,15755,Russian
0KermxWl_m4,Однослойное пальто для ленивых своими руками. Как сделать простую выкройку пальто на ткани?  Часть 4,16566,Russian
oj39bV8mMLM,ЧТО СЕЙЧАС В ВАШИХ ОТНОШЕНИЯХ ПРОИСХОДИТ? ГАДАНИЕ ОНЛАЙН/ 4 расклада/ Школа Таро Golden Charm,7184,Russian
SOE83yetX3I,Мастер маскировки | ПОТРАЧЕНО,90480,Russian
hs4rotC0pic,Самые шокирующие гипотезы с Игорем Прокопенко. Выпуск от 17.11.2017. Солнце вышло из-за ели!(HD),11781,Russian
x3TEi9vaJE0,УСАЧЁВСКИЙ РЫНОК-ГРАБЁЖ СРЕДЬ БЕЛА ДНЯ! ШОК!,4744,Russian
NlrIHn_evBk,Николай Сванидзе - Особое мнение... 17.11.17,19244,Russian
S_bpsm7pJh0,Mexramis seria 281 anons Мехрамис 281 - մեղրամիս 281,17099,Russian
kqjCeOR2g1E,40 лет без СЕКCA ► Половинки ► Дeвствeнник ► #1,69695,Russian
auPgVqGCwPg,БАТЯ СПИННЕР И ПАВЛИКИ ДЕЛАЮТ ЖЕЛЕЙНОГО КОТА ДЛЯ КОШКИ / ОПЯТЬ ПРАНК / ПАВЛИКИ,29243,Russian
Z-gCKU1Vacw,КОРПУСНЫЕ конфеты ГАЛАКТИКА / МАРАКУЙЯ и КОКОСОВЫЙ ганаш,12142,Russian
GCaojD6Iv-k,ВАЛЫЫЫЫЫЫ! ПРИЕХАЛИ!!!  -АнтиПыЧ#39,77493,Russian
fNMUDWm5XAE,Всё о Самаэле из фильма Хеллбой: Герой из Пекла,105705,Russian
Bz6N3EOdr48,#ХарвиХардБлог: Путин запугал Дональда Выпуск 3,81702,Russian
zssyo1HWEBg,❤Лайфхак & Идеи❄Сделай сам школьные принадлежности❤17 Легко вернуться в школьные проекты DIY❤,8700,Russian
sumgn0xwbHg,Лягушка-обезьяна (Филломедуза двухцветная). Кормление и рассказ про её чудесные свойства.,16179,Russian
tP1PTpdOM7s,"Լավ երեկո (Ելենա Եսենինա, Սեբու) 17.11.2017",32256,Russian
86a3OBcBZ0E,Биологическое оружие и генетическая неуязвимость,7330,Russian
qDea02iAs4g,Александр Молочников в программе «Собчак против всех»,29141,Russian
Vy4ckZFKnI0,ХУДШИЙ ФОКУСНИК В МИРЕ 2 | CЛОМАЛ ПАЛЕЦ | ПРАНК,94763,Russian
9WYpEjXBgZg,СТРАШНЫЕ ИСТОРИИ - ТРИ СТРАШИЛКИ НА НОЧЬ [ДЕРЕВЕНСКИЕ ИСТОРИИ],4697,Russian
JKpfNKMW6g4,Утренние Новости на R*ТВ 18.11.2017 Последний Выпуск 18.11.17,29757,Russian
TGIi271CVH8,Девичник | Баста - Девочка моя,4993,Russian
JJgUJN17x68,"Анжеликанын уф, уф дей бергени кимди чарчатты?",7953,Russian
PAavc_42GDY,Выступление профессора Осипова А.И. в Екатерининском зале Кремля 15 ноября 2017 года,17413,Russian
06PzNX2bivo,БОМБА В ГОЛОВЕ ● Hidden Agenda #2 [Cкрытая повестка] PS4 Pro,35476,Russian
9kOTjmHqjH0,31-летняя красавица стала последней музой Михаила Задорнова  (17.11.2017),11437,Russian
hfdFG2-KsYE,"Я ВЛЮБИЛАСЬ В НЕГО С ПЕРВОГО ВЗГЛЯДА!ЗНАКОМЬТЕСЬ,НОВЫЙ ТОМАТ КОТЯ F1",17386,Russian
mkpQiNPVjWc,Жириновский о разводе Джигарханяна с Цимбалюк!!!,54951,Russian
1FM27bKGeQ4,РОНАЛДУ В ПАКЕ ЗА 7500 / Ronaldo in a pack fifa 18,185177,Russian
f9UsPiLwsvQ,4 ВКУСНЫХ И ПРОСТЫХ САЛАТА 🥗 ПАРА МИНУТ И ГОТОВО!,11846,Russian
Dpj4Ot9_vLE,"Дмитрий Гордон, журналист, в Вечернем прайме телеканала 112 Украина, 16.11.2017 (Часть 2)",36509,Russian
PJVD_nSajEw,"ТОП-5 игроков, перезапустивших карьеру в этом сезоне",64261,Russian
ghM64MQVT-U,Снежный апокалипсис во Владивостоке: первые жертвы (любительские съемки),5530,Russian
hJ8M_lQx-AA,"Обзор Malabrigo, ChiaoGoo, Prym. 1-я часть. Общаемся.",8830,Russian
z7EYDjneFI0,5 очень быстрых и простых рецептов печенья / Проверяю рецепты из интернета / Фудхаки 🐞 Afinka,313512,Russian
Xv3F9J32eRk,КЛЮКВЕННЫЙ ПИРОГ К РОЖДЕСТВУ НОВОГОДНИЙ СТОЛ 2018 г.,6627,Russian
YkNi3Ahzxdk,"Секрет долголетия японцев и охота на змею. Япония. Мир наизнанку - 10 серия, 9 сезон",93185,Russian
3IhRK46GONk,Сайт кабар 17.11.2017 | Адахан Мадумаров 500 сомдон билет сатып...,15928,Russian
De44BVlgrHs,Чёрная жемчужина 8 СЕРИЯ РУССКИЕ СУБТИТРЫ,9616,Russian
5cosx5Mb3Gc,Жестко о правительстве Медведева.М.Делягин,7804,Russian
FM9ma-NLnEs,САЛАТ  БЕЗДЕЛЬЕ  ПРОСТО БЫСТРО ВКУСНО,9911,Russian
TsqaTtZmOog,Bozbash Pictures Qayıdış Yeni (16.11.2017),188973,Russian
f38HVK1Ifu4,Dolunay 20.Bölüm 2.Fragman,67551,Russian
svriBXyyDPs,"ТОП-10 АКТЕРОВ, КОТОРЫЕ НЕНАВИДЯТ СВОЮ РОЛЬ",7707,Russian
0wB1yYJNHFU,"Коля Соболев, это видео для тебя",61899,Russian
JlbJa3RySxY,Смотри первым новые серии финального сезона «Отеля Элеон» уже сейчас!,53314,Russian
EVUTtPZ4-18,Порараз Бирацца в Казани,23585,Russian
6zfLR2TUgF4,Ушел из жизни актер Сергей Салеев!,6457,Russian
aj4A0ftJuj8,"Недостроенная ТЭЦ в Крыму проблем с электроэнергией  не вызовет, Россия обеспечит Крым полностью.",5437,Russian
uVFWU4YwdHg,"Русское оружие будущего: на море, на суше, в воздухе (17.11.2017)",8178,Russian
ap4Q8qzXJ04,Зважені та щасливі. Сезон 7. Выпуск 12. Часть 3 из 4 от 16.11.17,34736,Russian
sbetUM-4bYM,Европа жестко троллит Киев (Руслан Осташко),38029,Russian
SeMdYO9lIYw,РАСПРОДАЖА КОСМЕТИКИ I 20.11 в 13:00 по Москве,15189,Russian
9z54EWOsZxI,Пять минут и вкусная закуска готова!,20791,Russian
n4QB3dLLp40,Ольга Клейнард - Утро с Лианорой - QW Lianora Swiss Consulting 17.11.17,17859,Russian
De1iSR0StFg,УТРО с ВЕНИАМИНОМ. 17 НОЯБРЯ,19802,Russian
0fEejRrpK40,Жена Малахова родила мальчика: вес 4 кг рост 54 сантиметра,9624,Russian
rGnwnCw_abg,Тестировал Lada Vesta SW Cross Разбил Коптер. Как?!? Игорь Бурцев,36228,Russian
HxdYyeDFO2A,Сочное Мясное блюдо к празднику! Новогодний рецепт!,29816,Russian
VChHt4qV9zQ,Pocтиcлaв Ищeнкo - Paзгoвop Пyтинa c лидepaми ЛHP и ДHP: чтo зa этим кpoeтcя? (политика) 17.11.17 г.,19426,Russian
V-6iThapAEo,ЧТО СТАЛО С АНДУИНОМ??? | Wow: Battle for Azeroth,46300,Russian
xO5bWPxW2Jk,Леди Баг и Супер-Кот: Тайны – Вебизод 1 | «Двойная жизнь Маринет» (Канал Disney),17982,Russian
1BtW6ciih-s,Осмотр BMW 330d 258 л.с. Что можно купить за 21.000 евро?  /// Автомобили из Германии,81577,Russian
WMZV1dSKviQ,ИКЕА НОЯБРЬ❤ ОТДЕЛ ШТОР НОВИНКИ IKEA❤ ТИП ТОП ТВ,5284,Russian
uNwOaSbjc9c,Суперсемейка 2 - тизер–трейлер,274628,Russian
ugiu5FShKSY,Борис Грим и Братья Грим - Самара (Премьера клипа 2017),138962,Russian
y_kxqzAEcK0,"100 СПОСОБОВ ЗАРАБАТЫВАТЬ 5000 В ДЕНЬ. БЕЗ ВЛОЖЕНИЙ, ПРЯМО СЕЙЧАС.",117641,Russian
RlAqFvmJLic,18.11.2017г. Краснодар - Спартак - 1:4. Обзор матча,225126,Russian
4cq47LwqQTU,Вечерний Ургант. В гостях у Ивана Николай Соболев(17.11.2017),765535,Russian
dQbnJw-t9cA,ВИДЕООБРАЩЕНИЕ К ПАВЛУ ДУРОВУ (#пашавыручай),276927,Russian
iqWhGYqXMR8,[Плохбастер Шоу] Звездные Войны: Скрытая Угроза (feat. IKOTIKA),256309,Russian
56kbdxn0Q-M,3 Simple & Fun Life Hacks,194530,Russian
ww9izCMMHqU,Запустили тараканов в космос,104880,Russian
aMPd9tAQ9ls,БАТЯ ПРОТИВ СТОЛЯРОВА / ЖЕСТКАЯ ЗАРУБА,226259,Russian
o38Blh2X_Js,ЛАРИН ПРОСИТ ПОМОЩИ У ДУРОВА / ЮТУБ ПРОТИВ ЛАРИНА,153460,Russian
PhsdkOzBcfs,Топ10 Ютуберов ХЕЙТЕРОВ!,227859,Russian
Zetkt3Pxns8,Ни за что не сдамся 3-4 серия (2017) Фильм Мелодрама Сериал,20096,Russian
aNEcPBmQx5o,ДЕТИ ПРОХОДЯТ ОПАСНУЮ ПОЛОСУ ПРЕПЯТСТВИЙ В БАТУТНОМ ЗАЛЕ! (KIDS DO DANGEROUS OBSTACLE COURSE!),133522,Russian
mZhgwbZsEBw,Секрет на миллион  Влад Топалов 18.11.2017,41616,Russian
OwBzAm7lJ8c,Главная дорога. Выпуск от 18 ноября 2017 года,226053,Russian
hexRcrLSBL4,ДЕТСКИЙ РЭП,389719,Russian
1s-jCrZGP6w,Subaru WRX vs ТАЗ 300 сил. AcademeG vs Стрекаловский,372766,Russian
OzAqPKQ0rJc,Sinovli dunyo (o'zbek film) | Синовли дунё (узбекфильм),127236,Russian
JK0MOHCSWGQ,СТАЯ БЕШЕНЫХ ВОЛКОВ (прямой эфир),79707,Russian
LCT0lTbzNtA,Склад Чайки №87: Интервью с Полонским. Продолжение.,100519,Russian
cyhe4t3dP-8,"Мария Сотскова. Гран при Франции 2017, ПП",18610,Russian
bqPKuaksl8w,Наркоманская ДЕТСКАЯ азбука!!! ЛЮТАЯ КНИГА!!!,59651,Russian
gITp-Pmu4Pg,Священник рассказал о тяжелом грехе Примадонны. У Пугачевой подозревают cмеpтeльнyю болезнь,44084,Russian
mvkdvVxfNyw,"Дизель шоу 2017 - лучшие приколюхи, новый сезон. Дизель cтудио Украина, приколы и Виктория Булитко",53171,Russian
pbcEZfECiOc,Неприятности на работе,48821,Russian
Qiq0wUG3WUk,ЛИГА СПРАВЕДЛИВОСТИ - ОБЗОР,41105,Russian
4BFnxte2PM8,Victory Ceremony Ladies 2017 Grand Prix France,11351,Russian
VJs_8vlPBB0,"Правильный стык, между ВАННОЙ и ПЛИТКОЙ",15744,Russian
k9i6E8RfFoQ,ВЛОГ: Окна приехали / Дом за 100 дней - DIY,113244,Russian
_DhnQC7fXxQ,Интересные  новости  № 268 / 17,8221,Russian
rxYQVqPSFso,НОВОЛУНИЕ - НАЧАЛО ИЗОБИЛИЯ и ЛЮБВИ,19483,Russian
fKTL-dmRpeo,"Беги, не оглядывайся! (2017). 1 серия. Мелодрама, премьера.",38431,Russian
4i9m8a8P6pk,Дом 2 Город любви 4940 день Вечерний эфир (18.11.2017) HD без рекламы,9769,Russian
gnEQpJ-V6SQ,МАКИЯЖ КОШАЧИЙ ГЛАЗ - ДЕЛАЕМ ЗА 5 МИНУТ,78074,Russian
CLVK2O-moaE,Снегопад во Владивостоке 17.11.2017. Подборка Массовых Аварий!,56579,Russian
hDNY-m4OOYQ,Новогоднее меню на 4 х человек за 800 рублей - 5 блюд за 2 часа!,70238,Russian
mvbH8hx6otA,ЗАГОВОР ЗА СПИНОЙ ПУТИНА РАСКРЫТ (19.11.2017),98569,Russian
GtGpHnHgQ5s,"Все киногрехи Валериан и город тысячи планет, Часть 1",82678,Russian
p7dVxF8qD8U,Dizayn jamoasi - Davron Kabulov muxlislarni mot xolatiga olib keldi,58830,Russian
I7RUfSMOPsA,(1338) ПОИСК И ПОКУПКА НОВЫХ ДИВАНОВ! УЖЕ??,9481,Russian
0yZ_rSY8ESo,Право знать 18.11.2017 Отношения Poccuu с 3aпaдom и Уkpаuna?!,27648,Russian
7FcqA6TXCaw,"Сванидзе, Красовский, Белковский / Грани недели / 18 ноября 2017",12326,Russian
f60ssTG5Owk,КТО ИЗ ВАС ? / БИНЕТ СЕНН / С КЕМ МУТИТЬ ?,97163,Russian
ZS-j9yMc3FM,КРАШУСЬ КОСМЕТИКОЙ TOP МОДЕЛЕЙ ! GIGI HADID X MAYBELLINE,44240,Russian
D5rq6LgQ2L8,Эртугрул.96.2-ой анонс.на русском,13234,Russian
czZBLp8Fay0,ЧТО НОСИЛ LIL PEEP. СКОЛЬКО ДЕНЕГ ЛИЛ ПИП ПОТРАТИЛ НА ОДЕЖДУ,102742,Russian
cTjAUGva5dM,Салат с ШИКАРНЫМ ВКУСОМ  к Новогоднему столу!!!,39913,Russian
yhCGYCrt9n8,КОМУ ЖЕ ВЕРИТЬ? МЕМАСИКАМ! - Simulacra,99504,Russian
OuKhjOPeTG4,ЧТО ТАКОЕ ICO — заработать миллион долларов и не сесть в тюрьму,93612,Russian
OpOLFhHocLo,"Ольга Матвей | Суп из Топора Как Накормить Семью, Когда Финансы Поют Романсы",56764,Russian
1diOcIX0dcU,"ХЬЮ ГРАНТ, ДЖЕЙСОН МОМОА, САРА МИЛЛИКАН, КЕЛЛИ КЛАРКСОН [s22e07] | ШОУ ГРЭМА НОРТОНА",19995,Russian
hl_va_5InX8,ЭКСТРЕННЫЙ ВЫПYСК Сергей МUХЕЕВ ПРО YKPAИHY 19 11 2017,14281,Russian
wkSbO-0Iip0,Столото представляет | Русское лото тираж №1206 от 19.11.17,6013,Russian
TjRZDTBEtIE,Правда об iPhone X! Как Apple ограничивает функции старых iPhone. Суперкар Tesla и другие новости!,171651,Russian
oviUsRNlW80,ЛECTEP - MAHЧECTEP CИTИ. ПОДРОБНЫЙ OБ3OP MATЧА. 18.11.2017 (HD),103170,Russian
MRPIajkYaIQ,"СКА-Хабаровск - ЦСКА. Голы армейского дерби, слова капитана и бомбардира хабаровской команды.",7693,Russian
fdHTBkrbhto,Транспортный коллапс во Владивостоке 17.11.2017. Свежее видео. Часть 2,58113,Russian
xKvfxLEmXUQ,Оренбург 5:0 Факел. Видеообзор,3027,Russian
5PvHWHQ1aio,За лучшей жизнью. Мелодрама (2016) @ Русские сериалы,22379,Russian
sSRPafZoWbc,Троцкий. 3 серия,19149,Russian
rOyE8yg-xvg,Ксенон - САМЫЙ ЯРКИЙ ГАЗ НА ЗЕМЛЕ!,142024,Russian
OdSQiKm03II,"5də5 - Üzeyir Mehdizadə, Əlibəy Məmmədli (ELÇİLİK)  17.11.2017",36504,Russian
ZaUOJRNI08g,КАК ОСТАНОВИТЬ САМЫЙ БЫСТРЫЙ ПОЕЗД ЭКСПЕРИМЕНТЫ ГТА 5 МОДЫ ОБЗОР МОДА GTA 5 веселая игра как мультик,76892,Russian
mnZp2-xdWX4,«Стена». 5 выпуск,31672,Russian
HhyG4u5Hcg8,Реактивный самолет - краш аэродрома и запуск ракет с борта,119726,Russian
Uv4UyhK_aWc,Посмотрел Матильду. Картина за $ 450 000 000. Законы арт-рынка.,42845,Russian
qVe5PH5-O7Q,В стиле 90-х: перестрелку в Москва-Сити устроили гости криминального авторитета,5713,Russian
PcgzUt8dI0g,Прокуратуру Дагестана возглавит кандидат из центра,3657,Russian
3nONhklrdP8,Драка Болельщиков Спартака и Стюардов Краснодар vs Спартак (Москва) Гол Квинси Промеса,4947,Russian
Ke417-mxoIY,След - Цена ошибки,30481,Russian
C0uaSRmUYK0,ПОДАРОК ЮТУБЕРУ! Как сделать подарочный набор YouTube! Мультик! Нубик Стив! Желейный медведь.,64357,Russian
b8b6E11TJUU,Бабанов бүт байлыгын тарттырабы?,87362,Russian
2uGO3jv58LM,Галкин объяснил внезапное венчание с Пугачевой (18.11.2017),26892,Russian
DEuvV0RCMP8,Кирилл Терёшин. Ауууеее качаем базуки!,22246,Russian
owutDQXw3Dk,Право голоса 18.11.2017 Будущее Ykpaunы / План для России,39665,Russian
xisYoX1bPKs,НОВИНКА.Такой Красивой Свадьбы у нас еще не было. 15.10.2017. Студия Шархан,15392,Russian
iMrv_fpDx5o,Делёж Украины заканчивается,162084,Russian
ZvVBXUmr4o4,Краснодар 1:4 Спартак Москва | Обзор матча | РФПЛ | 18.11.2017,24295,Russian
6zJHturIraY,Золотая лихорадка 8 сезон 6 серия | 2017 | HD,6695,Russian
cXNqK6muyfk,Злые будут Преуспевать. Наше Поражение. Не обольщайся о себе. Ткачёв Андрей 18 11 2017,9547,Russian
S_I0NleN3eU,ВАМ ПОНРАВИТСЯ! ~ КРУТАЯ СУББОТА ♥ Моя неделя,15069,Russian
2KMrBpD4Cd0,Новый Рассмеши Комика 2017 - 14 сезон - выпуск #11,52810,Russian
F-v9Z9P-7n0,Леганес - Барселона ОБЗОР МАТЧА HD.18.11.17.,88300,Russian
e30FW4zGeuc,ЛИЗУН ПОД МИКРОСКОПОМ | РАСПАКОВКА ОГРОМНОЙ ПОСЫЛКИ из Китая | ОЖИДАНИЕ И РЕАЛЬНОСТЬ,147431,Russian
a4TkkFx_OWM,Простой Наполеон к новому году — рецепт Бабушки Эммы,21268,Russian
pXs0sbHPnoU,Итоги недели с Сергеем Михеевым. Царьград ТВ 18.11.17,47138,Russian
ZgTWzaXcMEQ,Дмитрий Перетолчин. Александр Мосякин. Куда пропала янтарная комната,9381,Russian
9zMrsixhbf8,Сравниваем старый с новым. Тойота Ленд Крузер Прадо. Обзор и тест-драйв,6459,Russian
ilcOuj90nvg,Юлия Латынина - Код доступа... 18.11.17 /Видео/,15765,Russian
Zcl949bmz8c,ЖЕСТЬ !!!!  4 ГОРШКА ОТВРАТИТЕЛЬНОЙ ЕДЫ / ОБЛЕВАЛИСЬ ВСЕ !!!,38960,Russian
GQ-5wqM73fs,ЛЕЙКОПЛАСТЫРЬ вместо ШИПОВ,298768,Russian
nbIuxcw1jgw,Зимняя коллекция Гель Лаков ROXY/ Укрепление Коротышей/ Френч Блестками,37022,Russian
px7j7VMza4c,Срыв концерта Константина Райкина в Одессе- Украинский театр в осаде полицейских машин,9361,Russian
lOKGgBK3ba0,Клип Мультики про танки,11207,Russian
TAATv-r1nj0,НОВАЯ КОРОБКА MARVEL из США!,85387,Russian
5H2xaIisRs4,60 минут 17.11.2017 │Вечерний выпуск│,80601,Russian
QWGWgg_gBY8,Звездный марафон NL International 2017 Moscow,40502,Russian
Uob0r-s-mBI,Своя игра 18.11.2017,11076,Russian
KQ13DnEICy8,Венчание Максима Галкина и Аллы Пугачевой,5379,Russian
77sC2kivSM4,Гороскоп Таро для всех знаков Зодиака на неделю c 20 по 26 ноября 2017 года,9840,Russian
JbAUGYE4nBQ,Африканский вариант. Константин Сёмин «АгитПроп» 18.11.2017,68392,Russian
zHYhhpI0nDU,Наташу Королеву назвали старухой и выгнали на пенсию!,9614,Russian
DpJX-TEdFvw,Показ готового изделия Женский костюм с двубортным жакетом,14249,Russian
9xBq5EB5NV4,Cherokey - Sail,93776,Russian
sx-L_ZUKJkA,ПСИХОЛОГИЧЕСКИЙ ТЕСТ / Узнай свои СТРАХИ и ФОБИИ !,15017,Russian
Y7AfnrV7Fts,Лада Веста SW живой обзор от собственника,3848,Russian
SOR0iVRt9Ks,"Владивосток, 17.11.2017 с первым снегом.",49761,Russian
EZ8y8dILzDk,Лиза и Гарри. Максим с Аллой обвенчались в церкви 2017,12367,Russian
UmMrD0JhIY8,Команда Билана. Поединки,10137,Russian
ROLZCFFIXnU,Персонально ваш / Алексей Венедиктов // 18.11.17,37487,Russian
L7oFOlOzfTk,РАСШИРЕНИЕ ПИТОМНИКА Афина: новое помещение за 3000 долларов!,7375,Russian
cO6bvRfggt0,Polislə atışmada öldürülən Qocanın heç yerdə görmədiyiniz görüntüsü,45651,Russian
GLr--xT9Kr4,5 юных и сказочно богатых жен олигархов.,13906,Russian
92glkbiQqt0,Будущая Олимпиада. Россию изолируют? Когда она придёт на войну? Евгений Федоров 17.11.17,3409,Russian
cB1MPkEVJMk,Япония доставляет. Как работает почта Японии. Посылки из Японии в Россию,24111,Russian
a-OxiKQPLUA,Как быстро омолодить лицо на 5-10 лет без шприца и скальпеля.,14865,Russian
VAmIQphuWf0,Пугачева Алла Галкин Максим и дети Венчание Instagram Live,21408,Russian
kdd1CuJXkTE,Мы сами отдаем свою энергию,10800,Russian
fHr2KsBrdgU,ТИЗЕР [Плохбастер Шоу] (feat. IKOTIKA) Звездные Войны: Скрытая Угроза,17462,Russian
ud6bAm9UADI,"ДУМАЕТ, ВСПОМИНАЕТ ЛИ О ВАС СЕЙЧАС ЗАГАДАННЫЙ ЧЕЛОВЕК?/ ГАДАНИЕ ОНЛАЙН/ Школа Таро",8477,Russian
3qMOASjym2A,Райкин в Одессе: Украинцы сорвали концерт за Крым,14724,Russian
AgZwfPBmlaU,ТОП 10 СТРАННЫХ и НЕОБЫЧНЫХ самоделок из ЛЕГО!,9717,Russian
xsoNtHw7Ws8,🌟 ЭКСПРЕСС ДИЗАЙН ЗА 30 СЕКУНД САХАРНЫЕ НОГОТКИ С БЛЁСТКАМИ ГРАДИЕНТ ТРЕНДОВЫЙ МАНИКЮР NeoNail,5530,Russian
NA7pk_QGqIQ,Территория заблуждений с Игорем Прокопенко (18.11.2017) HD,8124,Russian
5pPRE80q9iI,Постскриптум (18.02.2017),132715,Russian
97Jr5Tvrrno,Яков Кедми. Право знать!,6678,Russian
sGSCGklPVU4,Chime meme collab,3992,Russian
_Tel0y1Koiw,Таро-прогноз на неделю с 20/11/17 по 26/11/17 для всех знаков Зодиака,4573,Russian
ax8lE9AaABM,Прокуратура начала проверку по поводу слов Собчак о принадлежности Крыма (Руслан Осташко),46874,Russian
gd5zd2BF2fk,НАСТОЯЩИЕ ПРЕДЕЛЫ ЖИЗНИ ЧЕЛОВЕКА,352819,Russian
qiLVqRI62JI,🤗Фикс прайс🤗 ноябрь 2017,2846,Russian
vPXg32iPu1Q,Массовое ДТП во Владивостоке выпал первый снег,98398,Russian
AVpYbMCMmmI,Военная обстановка в Сирии. Итоги недели 12-18 ноября,8809,Russian
PTYeqxGhEP8,Атлетико - Реал Прямая трансляция!,14715,Russian
O7wR2eJ-pOM,ЩЕНКИ  УЖЕ ПЫТАЮТСЯ ИГРАТЬ!!!,5553,Russian
9RWEpUYqk_c,Прокатились на АУДИ 80. Парень хочет пересесть с ВАЗ на иномарочку.,90348,Russian
IR9vtqoNpxY,Юлий Далецкий (Ч.2) - интервью о фарсе Битвы экстрасенсов и разоблачение,43210,Russian
VKnstu0IRn4,НОВИНКИ 2017 МОЩНЫЙ БОЕВИК СТРЕЛОК 2 ЛУЧШИЕ РУССКИЕ БОЕВИКИ И ФИЛЬМЫ HD 2017,19097,Russian
85G7bew5Tz0,Nokaut battle 10 soni Battleda Ozgarishlar kotta fikrlarni komentga yozamiz,3342,Russian
TRiGt17yEX8,Оксимирон или Гнойный? Навальный или Собчак? Блиц с Федором Бондарчуком,4270,Russian
V1g7QYXti40,Невеста из Стамбула - 25 серия (русские субтитры),47864,Russian
so1y7Fb1A-k,Кирилл Терешин реакция Кирилла Сарычева,2683,Russian
0y1hGSDu-fM,"Белковский. О Собчак, Путине и не только. 18 ноября",11851,Russian
9-6bQHrD63k,ВЛОГ Собрались! В путь🌴🌴🌴  17.11.2017,16085,Russian
5jRh0Nh9fHg,COMEDY CLUB 17.11.17 КАМЕДИ КЛАБ - Последний выпуск,86478,Russian
N4LXa663mZ8,Alans 2017. Day 1. Mat A,66627,Russian
DvHx5L8lXb8,Онлайн гадание ЧТО ДУМАЕТ? ЧТО НА СЕРДЦЕ? ЧТО БУДЕТ? ЧЕГО ХОЧЕТ? ЧЕГО БОИТСЯ? ЧТО С НИМ?,5217,Russian
SFsnUioBIDM,Бездомные коты и достопримечательности Рима! Орёл и Решка. Перезагрузка,9211,Russian
pTON8EGZXwE,"Дмитрий Комбаров:  только со стороны могло показаться, что победа нам легко далась",1833,Russian
BcnJQqpyfxo,У обвенчавшейся  Пугачевой подозревают смертельную болезнь.,19301,Russian
YxXVDqsZnfY,"Кара-Кулжада 4 млн сомдук той өтүп, байгеге 5 унаа, 3 төө, 30 тай жана карышкыр сайылды",44069,Russian
Bq9Bpj1zzDg,ВЕНЧАНИЕ АЛЛЫ ПУГАЧЕВОЙ И МАКСИМА ГАЛКИНА!,19705,Russian
l-O6wkQ5AHA,Кадыров Узбекскому Бойцу Подарил Новый Мерседес,97027,Russian
ok1UhZC9kC8,"Крымчанка из Херсона: Украинцы уже поняли, почему мы выбрали Россию",37578,Russian
E2O-aQSPrWA,Сирийская армия прорвалась к Тишрину,4730,Russian
IxIzaibGJ7o,ДЕТИ ПУГАЧЕВОЙ И ГАЛКИНА: Лиза и Гарри на венчании родителей Аллы Пугачевой и Максима Галкина!,33313,Russian
Gm1PBi9ThaY,5 имен ПДС НПСР ч.1,9435,Russian
YHnn-kmFVfI,"Эфир о Новом Обществе, 18.11.17",2849,Russian
6yWjt96xasw,Обзор пряжи Malabrigo. 2-я часть. Общаемся.,7067,Russian
sYXU1E-AN4Y,Видеообзор матча Волгарь - Крылья Советов.ФНЛ 2017/18,3405,Russian
dLMettv_8fU,"Умер Малькольм Янг, гитарист AC/DC",2880,Russian
85m1k8zheLU,Оно мне надо? Распаковка и Проверка товаров с Алиэкспресс! + КОНКУРС,18555,Russian
DfZSobh0gso,"Изумительный фильм За пределами закона Фильм не просто классный, он СУПЕР КЛАССНЫЙ! Наше кино",21196,Russian
D9hmGDH3gtA,❄ СКАЗОЧНЫЕ ЗИМНИЕ ноготки ❄ КэшФоБрендс ❄ лучший кэшбек сервис ❄ возвращаю деньги за покупки ❄,5173,Russian
PK3ULnz1_7E,"СТЕНА МЕЖДУ КРЫМОМ И УКРАИНОЙ, ЗРАДА ЧИ ПЕРЕМОГА?",4829,Russian
Q2cmIe-9zNA,КАК ВЫБРАТЬ ТОРФЯНОЙ СУБСТРАТ.,4488,Russian
xlhCtiIMNJk,Что произошло в Мире 17-18 ноября 2017,7207,Russian
3zWOXtCdYXM,СОБОЛЕВ НА ВЕЧЕРНИЙ УРГАНТ / ЭЛДЖЕЙ ЗАБЛОКИРОВАЛ РОЗОВОЕ ВИНО,1379936,Russian
RswdKYsJquw,VERSUS X #SLOVOSPB: Obe 1 Kanobe VS ΨBOY,553719,Russian
qfnpP4jLwCg,Дружко Шоу  #30. Появление антагониста,415483,Russian
aYbrpnpz3Kw,Песня в стиле ROYAL BLOOD за 10 минут,137578,Russian
nBJ402LWf48,КАК СКРАФТИТЬ ГРАВИТИ ФОЛЗ ? КАК ПОЛУЧИТЬ СЕКРЕТНЫЕ ПРЕДМЕТЫ В MINECRAFT Защита нуба Для детей KIDS,254515,Russian
rHLQog-0R_A,РВАТЬ НА БИТАХ - NKVD Х EX-TEMPLE (BOOKER / DOMASHNIY Х MICKEYMOUSE / T-ONE),384289,Russian
js64w6_Kyyo,Как стать крутым Видеоблоггером № 1,312576,Russian
eSM9p0OP2Y0,LIL PUMP - ТРЕК и КЛИП за 5 МИНУТ! [#ИзиРеп] / SONG and MUSIC VIDEO for 5 MINUTES! (Eng Subs),279740,Russian
sSxkYYQGf2A,Лига справедливости – закос под Мстителей МАРВЕЛ (обзор фильма),98984,Russian
Yz9krYghrEM,19.11.2017г. Зенит - Тосно - 5:0. Обзор матча,131021,Russian
2ZOMhpV-hYU,Онлайн-трансляция из Нескучного сада 19 ноября 2017 года,46132,Russian
4-3uWLUoljk,Чипсы | БорщЖоу | Обзор и рецепт чипсов,106099,Russian
ieaqIQ5Bezg,САМАЯ ЖЕСТОКАЯ ПЫТКА,355114,Russian
rhRPr7oQI-Q,Воскресный вечер с Владимиром Соловьевым от 19.11.2017,179167,Russian
cZRjCshCvXM,Навальный выбирает Мюнхен!,129730,Russian
_HMMfcOymHI,СЕКРЕТЫ И ДЕТАЛИ ФИЛЬМА ЛОГАН/LOGAN' | РОСОМАХА МАРВЕЛ 2017,260354,Russian
zcFad_HlQME,"СРОЧНАЯ Н0В0СТЬ  НАЧАЛОСЬ ДEЛEHИE YKPAUHЬI, ЧТО КОМУ ДОСТАНЕТСЯ 20/11/2017",60094,Russian
HsnDLEdfs0Q,Госпожа Фазилет и ее дочери 24 серия 1 фрагмент русские субтитры,29659,Russian
YMYbFXV-D5M,Стрим МОПСА,112248,Russian
e76To9jZbKg,"Ful Haus 7 eterashrjan seria 13 / Фулл Хаус 7 сезон серия 13 / Ֆուլ հաուս, 7-րդ եթերաշրջան, Սերիա 13",61454,Russian
IbwW-mwHDUM,"One Plus 5T лучше iPhone X, Apple нас обманывает?",575382,Russian
Eb_9PG5m_N0,Wolfenstein II: The New Colossus - МУЛЬТ ОБЗОР,462375,Russian
8kuKndqCmFc,Половинки ОБЗОР (Сорокалетний НЕ ДЕВСТВЕННИК),100859,Russian
u8yQ-b-fKg0,"48-летний армянин Э. Сагиян, работающий сапожником износиловал 150 девушек",21382,Russian
yN6mR68n4Qo,ФИКС ПРАЙС ОХ УЖ ЭТИ ЖЕМЧУГА БРИЛЛИАНТЫ НОВИНКИ .,18962,Russian
Glzpht8WkRI,Ответы на вопросы Ч1,92563,Russian
S8N3NwZTuTY,"17 смешных лайфхаков, которые работают!",1311977,Russian
TjHZEmMjiag,17 ИДЕЙ С ТЕЛЕФОНОМ ДЛЯ УПРОЩЕНИЯ ПОЛЬЗОВАНИЯ,118757,Russian
OaYb7fr52Is,ƏMƏKDAR ARTİST ERMƏNİSTANA QAÇDI - Erməni ilə evlənmək üçün...,48160,Russian
qVUIuRuFcrM,"HYPE CAMP // ИГРА НА ВЫБЫВАНИЕ #3 // Катя Клэп, ЯнГо, Anny May, Артем К, Даня Комков",444399,Russian
STjlZUhdnXI,ОТВЕТ ЛАРИНУ / ПРАВДА НА ТВ,253168,Russian
O3Fw-YYaK5U,ГОРОСКОП на ДЕКАБРЬ,27152,Russian
EykhbrUCHiA,"АВАРИЙНОЕ ЗАТОПЛЕННОЕ ПОДЗЕМЕЛЬЕ , НА ЛОДКЕ ПОД ЗЕМЛЕЙ Сергей Трейсер",243132,Russian
NNpem5tl2UA,ЛУЧШИЕ ПРИКОЛЫ 2017 НОЯБРЬ #52 | Лучшая Подборка Приколов | ТОПОВЫЕ ПРИКОЛЫ,72483,Russian
RpOnAk_t6IM,ЧТО ЕСЛИ УДАРИТЬ по ЗАЩИТНОЙ РАКУШКЕ - КУВАЛДОЙ ?! БУДЕТ ЯИЧНИЦА или НЕТ..?!,343992,Russian
zlbi3u0cQGA,Танцующий Дворкович взорвал соцсети,9932,Russian
_o1h4GRrefo,"5 рецептов для тех, кто хочет приготовить на Новый год что нибудь новенькое!",90485,Russian
Q8NNJlAz_1g,15 НЕУДАЧ НА ВЕЛОСИПЕДЕ,122474,Russian
s7ci5QIfy14,Интересные  новости  № 269 / 17,9633,Russian
5q_JXo-nams,ДЕТЕКТОР ЛЖИ С ТОКОМ! COFFI ПРОВЕРЯЕТ МЕНЯ НА ПРАВДИВОСТЬ ЖЕСТОКИМИ ВОПРОСАМИ!,173628,Russian
tJr2HUYPchQ,"Салат Соломка, покорит всех гостей!",46867,Russian
nZgy3XNSwqU,"Синий Фил 224: Лига справедливости, Субурбикон, Дмитрий Дюжев и российские зрители",113189,Russian
DK6tGrXumc4,Доставка ресторана Бакинский бульвар | Где мои соусы и лаваш???,86749,Russian
7A6oL1m0m9Y,САМЫЙ БЫСТРЫЙ ФУТБОЛИСТ | ФИФА 18,203585,Russian
7PpPlkwVEDg,Выходка Пугачевой ШОКИРОВАЛА даже Галкина...Вы будете в ШОКЕ! #TheRelizzz,36413,Russian
Q0XV6ij_wzM,Аланы-2017. 61 кг. Исмаил Мусукаев (Россия) - Владимир Хинчегашвили (Грузия),6755,Russian
wAcyWEPCbiI,Believe This Fishing? Unique Eel Bamboo Trapping - New Technique To Catch A Lot Of Eels Using Bamboo,174614,Russian
V4CdMw0aUpo,След - Просто друг,46597,Russian
HYenqIHmIQI,СТИЛЬНЫЕ УЖАСЫ + Мои кошмарные фото (часть 2),22034,Russian
g7Dm_9MCvOw,Ганапольское. Итоги без Евгения Киселева // 19.11.17,20713,Russian
raaMqrQDueo,Супер Сочное Блюдо из Куриной грудки,29193,Russian
zdjIcUex4xI,Николай Сванидзе - Картина недели 19.11.17 /Радио КП/,24949,Russian
RcLW1SOxtgg,Kirill Sidelnikov vs. Sergey Pavlovich / Кирилл Сидельников vs. Сергей Павлович,89874,Russian
ani5EziKtsQ,Күйөөгө чыкса оорубай калат деп турмушка эрте беришкен. Күдөр 19.11.17,56941,Russian
xzHVSip8TUI,Приколы с животными Подборка приколов Ноябрь 2017 Смешные собаки Смешные коты 2017 и Попугаи,8792,Russian
1B-8CpkmW_o,Следствие вели с Леонидом Каневским Адская бочка (выпуск №388) от 19.11.2017,7430,Russian
yShTAMDvoWQ,✿ LET`S COOK ✿ Яйцо ПАШОТ и Яйца БЕНЕДИКТ / Учу Карину готовить ♥,11402,Russian
jLnp5Vb19tw,"Морозы как в Якутии, начались проблемы.",77189,Russian
NyzU6AFjdt0,Big Russian Boss Show #36 | Пошлая Молли,554346,Russian
avSHusuECHQ,СЕРГЕЙ ЛАВРОВ PA3ΗΟCИΤ УКΡАИΗУ- «3AБИΡAЙΤΕ ΗИЩИΧ И УБΟГИΧ CEБE» — 19.11.2017,17216,Russian
Fd_IMtrE29Q,Юмористический сериал На троих: 2 серия 4 сезон 2017 | Дизель Студио -  семейные приколы Украина,22526,Russian
vVuDFeB1HcY,Капюшон с бантом для пальто Как сделать простую выкройку капюшона своими руками Мастер класс,17180,Russian
dkxsq5_eOO4,Дeвствeнник стал МИЛЛИОНЕРОМ ► Половинки ► Дeвствeнник ► #3,75361,Russian
QRjjrCdzzpE,РЫБЫ- ГОРОСКОП на Декабрь 2017 года от Angela Pearl.,10826,Russian
l7Jm5-AxzwA,Dolunay 20. Bölüm - Öpüşme Sahnesi - Nazlı ve Ferit,48005,Russian
xH8bnCL04fM,Собчак против Шевченко. Анонс,12205,Russian
NLpYRTMH4Uc,Apple опять не смогли и профершпилили фанатов!,124431,Russian
9R2Xz_z14Io,Троцкий. 6 серия,14796,Russian
7nzjJqnlemw,"БУДУ ПОМНИТЬ, ОтличныЙ ВоенныЙ фильм, ОСНОВАН НА РЕАЛЬНЫХ СОБЫТИЯХ",30778,Russian
IZ1jvxIQAaE,Ирина Гладкая. Армрестлер. Я могу! Фрагмент выпуска от 19.11.2017,77966,Russian
8VDse_dxzkI,Своя игра 19.11.2017,12248,Russian
xANZX8IHZxs,Обзор матча Ростов - Амкар (0:0),2900,Russian
mTCj4pgMprE,"Крестный ход против ДТП, 18 ноября, Краснодаре",65617,Russian
NSGjeusehfI,BEST CUBE # 200,87921,Russian
KNg0xgunvls,Что он себе думает? Его реальные мысли. Гадание на отношения ❤ Taro online ® Таролог Ale Handro,6418,Russian
OqrtqF4lF3k,"Битва экстрасенсов, 18 сезон, 9 серия 18 11 2017",147634,Russian
Ih0TpMTaIw0,Даня Кашин смотрит: Lil peep - ГЕЛИК (prod. smokeasac),16606,Russian
RbWvXs3f81Y,"Блоггеры, которые повлияли на меня",64798,Russian
Eqt7yH8mDZg,7 ОТЛИЧИЙ ШКОЛ В РАЗНЫХ СТРАНАХ МИРА,285638,Russian
4EH0HBB4QtE,Зажигательный танец Дворковича,3294,Russian
f41qQV0dtao,Опубликовано видео первого полета новейшего «летающего радара» А 100,46684,Russian
YR8aJr93WhE,Звездный марафон NL International 2017 Saint-Petersburg,17495,Russian
c8pdGDdojXM,Какую Свадьбу Планируем? Наша Разница в Возрасте?,90053,Russian
FLCwx2P_UJc,"Таксист быдло-обочечник пошёл на таран, ДТП, ДПС, это он зачем так сделал.?",56199,Russian
GD7kGn9x0Z8,Керченский Мост 19 11 2017,5794,Russian
zSiTldTipS8,Путин повторит судьбу Мугабе?,95159,Russian
1H8uu3ZuwWE,ВСТРЕЧУ ЛИ Я СВОЮ ЛЮБОВЬ В 2018 ГОДУ?/ ГАДАНИЕ ОНЛАЙН/ Школа Таро Golden Charm,6097,Russian
jh-_varD9TQ,механизм спаивания народов России [Арслан Энн],43760,Russian
tJyypuRlNN8,ЭПИЧНЫЕ ФУТБОЛЬНЫЕ КРЕСТИКИ-НОЛИКИ vs. FINITO,70839,Russian
cFM4eciJ4ls,Fankaty Dabo funny own goal ● FC Groningen - Vitesse 19-11-2017 ●,58558,Russian
2vHsFgaq8u8,ГОТОВИМ С МАМОЙ ОБЕД,10423,Russian
S9bsAFicD9U,Николай Стариков С.Ш.A ГΟТΟBЯΤ ΠΕPΕBOPOΤ B PΟCCИИ — 20.11.2017,22376,Russian
klioxCPMSM4,№990: ОГРАБЛЕНИЕ ДОМА СОСЕДА В АНГЛИИ В ПРИВЕТ СОСЕД МОД КИТ(Hello Neighbor Mod Kit),43036,Russian
np-TcoDaVhM,Постскриптум с Алексеем Пушковым 18.11.2017,51796,Russian
JPJS-tcf0WM,Кессел и Бучневич возглавили топ-10 голов недели,6958,Russian
ivSszut6ZbQ,"Угробили ЗАПОРОЖЕЦ , Машина моей мечты ВЛОГ",82765,Russian
NOwDv2hebDg,+50 000 - Хитрая кошка родила куски пенопласта,169823,Russian
RstBbp_arGo,Постаревшую Наташу Королеву отправили на пенсию  (19.11.2017),10580,Russian
wI0PnwfKpj0,Поставил ЖИГУ на ХОД#НАВСЕБАБКИ,51617,Russian
iytCMY2T8i0,Как сшить варежки |TIM_hm|,4716,Russian
gP5gO8v4U5E,Эксперт 173,5257,Russian
VitflWrbkeU,CP0ЧH0!!! P0CCUЯ BX0ДИT В YKPAИHY - ЛABP0B (20.11.2017),28662,Russian
jLZ-MRskz_I,Таиланд Симиланы. Дайвинг. Улица Красных Фонарей,135817,Russian
wsgE9RKEOaM,Сегодня вечером. Памяти Эльдара Рязанова. Выпуск от 18.11.2017,35580,Russian
Pljie_uscDI,Купил Лада ВЕСТА СВ КРОСС Без Допа. Без наценок. Выдача,160209,Russian
Sg5RqhohEvA,Салат Розовый. Без майонеза 🎄Новогоднее меню🎄 4к видео,14223,Russian
9HzVLE_ESeg,СКОЛЬКО НАВАЛЬНЫЙ ТРАТИТ НА ОДЕЖДУ. ЧТО НОСИТ НАВАЛЬНЫЙ,53334,Russian
v853hteH0xw,"Ляйсян Золотарева. Народный башкирский эпос «Урал-батыр», башкирская народная песня «Поющий журавл…",4265,Russian
YRSrbCDG33k,Уаз на 42 колёсах и порталах. Коваши целиком (часть 2),98245,Russian
FjA0pASlyUA,БУДНИ И ПРАЗДНИКИ СЕЛА 2 ЧАСТЬ,11732,Russian
WDJXLKnAdX0,Что будет с элитами когда выродятся массы. Андрей Фурсов,7989,Russian
151sS4668Ng,"Кристина Жуковская Ой ти, жаворонку – выбор вслепую – Голос. Дети 4 сезон",47715,Russian
DG27c1bFJuQ,BOOKER x Домашний x Млечный x Warab - Антайтлед,65526,Russian
wMN1UiqAaOY,Мадрид. Орёл и Решка. Перезагрузка. RUS,44074,Russian
Dp_-fZT5-04,ЛУЧШИЕ ПРИКОЛЫ SAMYY KLASS (ВЫПУСК 535),89538,Russian
TKgOKh0bGac,Бузова На дне рождения у общей подруги с Бородиной,6801,Russian
U3SAEk40U5A,Дмитрий ПОТАПЕНКО - Новости недели: У государства нет денег на пенсии?!,83368,Russian
X64Q9C0ddLo,Крым!! Таврида!! Поехали!!!,6132,Russian
ub3z1D4toVk,Что произошло на нашей Планете 19 ноября 2017,8085,Russian
ByzaymYZsZs,Приколы за неделю #35 | ПОТРАЧЕНО,98042,Russian
t90wSmw4dZc,Конца света не будет: планета Нибиру - вымысел,4844,Russian
SJ_jF-k3Wx4,"ZEUS LIVE #2: ELECTRONIC, EDWARD и FLAMIE ОБСУЖДАЮТ СТРАТЫ!",109099,Russian
mikoehE4F_s,"Хлеб - Пушка. Концерт в Москве | Stadium Live 18.11.2017 (feat. Джарахов, Yanix, Дискотека Авария )",3355,Russian
Uv9ACtQ8FN4,Салат По-Домашнему с Корейской Морковью + Рецепт Моркови по-Корейски,20376,Russian
lFwYOU1sYh4,Запуск УАЗа после долгого простоя ) Ремонт ПЖД КАМАЗ .КАЛЯН86 ),67743,Russian
MCfXXrkNGaM,Alans 2017. Day 2. Mat B,25172,Russian
RcAl4WyWTwc,Гриценко сделал Бузовой предложение💖,22278,Russian
PA1QzDz8GDQ,"Проездной билет (4 серия) Фильм, сериал, мелодрама",8961,Russian
JSua9LZUUi8,Семья Светофоровых 2 сезон 26 серия Выход есть всегда 4К,9557,Russian
ivtIVm2CHxQ,Финал STARLADDER изнутри. Закулисье одним дублем.,67951,Russian
CYqBJfTe_6w,В ГОСТЯХ У КЛИМА И АНДРЕЯ ЩАДИЛО ГУФ ИЗ ГОРЕМА,23721,Russian
rFQKacNjuvs,"Таро-Прогноз с 20-30 ноября 2017г. Карьера, отношения, здоровье! Таролог Наталья Качанова",5626,Russian
jvQ1kRtp6aU,⭐ [SNAILKICK] СМОТРИТ ТРЕНДЫ 18.11.17,13773,Russian
54wOCOJcnjc,15 КРУТЫХ ВЕЩЕЙ ДО 100 рублей с ALIEXPRESS И GEARBEST/ ОФИГЕННО КРУТЫЕ ТОВАРЫ С КИТАЯ (АЛИ),35466,Russian
mV3S4Ky_RM8,Как БЫСТРО и ЛЕГКО Протянуть Шнур подо Льдом! Все ТОНКОСТИ и ХИТРОСТИ  Протяжки шнура!,7174,Russian
TtR4OSPDldg,Ни за что не сдамся (Премьера фильм 2017). Мелодрама @ Русские сериалы,335201,Russian
gRogmsM5H5A,5 имен ПДС НПСР Ч.2,9853,Russian
JLJqXVrD5og,Ваше счастливое детство/Косметичка в дорогу,10549,Russian
IYoLGKPtVcc,"Иностранцы Слушают Русскую Музыку: ЗЕМФИРА, БАСТА, ИВАН ДОРН, КАСТА, АССАИ, ГОРОД 312",19513,Russian
ehMg8ZK1QUc,ФИКС ПРАЙС НОЯБРЬ БОМБИЧЕСКИЕ НОВИНКИ!!!!,8714,Russian
ie5FQUgp-Hc,"Пиховшек: заявление о том, что Украина будет супер-аграрным государством, чушь и бред 19.11.17",12352,Russian
jJef_8BiLaY,РЕМОНТ в ХРУЩЕВКЕ. ДО и ПОСЛЕ - Senya Miro,8400,Russian
K5z4dXnNcY8,Военные Фильмы о ВДВ СЕКРЕТНОЕ ПОДРАЗДЕЛЕНИЕ  ! Военное Кино HD Video ! 🔫⚔,13608,Russian
-9m57MKWHl4,4 ЁШЛИ КИЗНИ Онаси ФОХИШАЛИК Килгани РОСТМИ,38468,Russian
JDCUWcNhQic,💥БОЛЬШОЙ  ФЕСТИВАЛЬ ЮМОРА. УМОРИТЕЛЬНОГО СМЕХА ДО СЛЕЗ!😂,16347,Russian
q83UqSmYTtk,Всероссийский конкурс юных талантов Синяя птица 2017. 3 сезон. Прямая трансляция 19.11.17,7480,Russian
GOK5WmYjx84,Керченский мост!  (20.11.2017)  СВЕЖИЕ КАДРЫ СТРОИТЕЛЬТСВА МОСТА! СМОТРЕТЬ ДО КОНЦА!!!!!!,7175,Russian
Znw6O9gLW8g,НОВЕЙШИЕ РУССКИЕ ТРЕЙЛЕРЫ 2017 | Неделя #46,70276,Russian
imLU-ICe19E,Сенсационная новость.На Марсе найден ТАИНСТВЕННЫЙ предмет искусственного происхождения,9809,Russian
_34P2pASqHw,"Птаха очень Злой на Гуфа, последнее видео перед Versus (18.11.2017)",64858,Russian
6G032oco94g,Николай Стариков. Беседа  о революции,5649,Russian
kJIF040MaKY,"Все киногрехи  Валериан и город тысячи планет, Часть 2",86483,Russian
3gM7YAHe-kw,АНГЕЛЫ ПОЯВИЛИСЬ В НЕБЕ,3151,Russian
kRSygmXU7mQ,Татьяна Денисова Танцы на ТНТ 4 сезон,2369,Russian
3GdDoxApFWg,В гостях у Лены Василёк,7194,Russian
nixKOg0C9eA,"10 минут смеха , 10 min of laughter№19",5511,Russian
xGe7UhR_dxA,БК видеоблог #13 Сила воли - ключ к победе,2318,Russian
yEwoxxcvI9Y,🔴 МОИ МАЛЬЧИКИ 🔴 ПОЛНЫЙ ДОМ КРАСОТЫ  АЛИ СЭМ АНДРЕЙ НИКИ 17.11.2017,9570,Russian
dqGPBMVgVMQ,🔴 АШАН. КРЫМ. Что на полках в Ашане? Цены в Крыму. Кто-то тупит. Симферополь. Крым 2017,6985,Russian
a7BfoRFWlds,"Почему добывать нефть – это не стыдно, а здорово (Время-вперёд! #268)",30907,Russian
joMLgnCyBnY,«Анжи»  —  «Локомотив». Обзор матча,2370,Russian
uSeOCw7RbPc,Госпожа Фазилет и ее дочери 23 серия ОЗВУЧКА - II сезон,62222,Russian
QMNUOF-L1aI,Даша Ступак – Queen – Who wants to live forever (WWRY) – Х-фактор 8. Второй прямой эфир,85585,Russian
vdYC8YOaVcQ,Shami -  Мой рай  ( ПРЕМЬЕРА КЛИПА ),5072,Russian
frQKaBnKuLY,Новая гаражная находка/3 года простоя/ москвич 407 1961 г. реставрация,10121,Russian
h1tZokT_PI0,КОП по ПЕРВОЙ МИРОВОЙ. Сброс смертных жетонов 1878 г. Солдаты Кайзера на войне. Фильм 67.,4478,Russian
yI68Qs2igcY,Битва экстрасенсов. Сезон 17. Выпуск 8 от 19.11.2017,18710,Russian
D3mrFEJgAlg,Артем Пивоваров - Полнолуние (VIDEO/AUDIO),176685,Russian
4h4prRuY-t4,Отель Элеон - Серия 2 сезон 3 - комедия HD,281679,Russian
XQ_wrqCRVms,Иракли - Лететь / концерт Ангелы и Демоны (презентация альбома),101755,Russian
GNwG8ff-bMs,ЗАЛИВНОЕ ИЗ КРАБА. Центральный ресторан. Славный Обзор.,545015,Russian
MxVEtVCzdNI,Биржа Мемов #30,312669,Russian
uTjfdKtEWg4,Шоу Успех | Выпуск 3,80821,Russian
xd9vK8Mjk_g,Итальянцы оценили танцы народов России,133158,Russian
O0YqFeUNptE,"Vesta SW Cross покупка, первые эмоции и первые разочарования.",363613,Russian
d5woC-LQI68,Т9 В РЕАЛЬНОЙ ЖИЗНИ,758563,Russian
Xb_r0FnjHqU,Юрий Пронько 20.11.2017 ОТ РУБЛЯ НАЧАЛИ ИЗБАВЛЯТЬСЯ. МЕДВЕДЕВ ЗАТАИЛСЯ В ОЖИДАНИИ РЕМНЯ,40197,Russian
gajznXDqlQo,"МИФЫ, ЧУДО и СУБУРБИКОН – Обзор Премьер",176577,Russian
ndTU9mzwsfA,"О ЧЁМ ЧИТАЛ LIL PEEP? Он не умер, пока мы помним его.",110378,Russian
irKiFeY92nY,Что делать если КОЛЕСА ПРИМЕРЗЛИ?,357154,Russian
X2YoheUwNNo,"Американцы Слушают Русскую Музыку ЭЛДЖЕЙ & FEDUK - Розовое вино, КРАВЦ - Дисконнект, Рваные джинсы",131964,Russian
zOgnvB1KIOY,BROFIST.IO ЧИТЫ! 100% ПРОХОЖДЕНИЕ ВСЕХ КАРТ BROFIST IO,72992,Russian
fBJZ8mdfJ0U,Доктор Рихтер 10 серия (2017) Мелодрама драма фильм сериал,33405,Russian
vyN2wuPLZ1A,Топ10 СМАРТФОНОВ 2017!,279751,Russian
Vga4414M660,Что вы знаете о Леонардо Да Винчи,65214,Russian
K9kJYpM_ldE,Скрытые функции Яндекс Алисы,196518,Russian
Kbo7WwGfnDE,ПЛЯЖНЫЙ ФУТБОЛ | КВИКСЕЛЛ ИКОНЫ,206953,Russian
ytEcqorlwU8,Что? Где? Когда? - Первая игра зимней серии. Выпуск от 19.11.2017,129435,Russian
H8LMzbJZ6D4,Собчак против Шевченко [Трейлер],131707,Russian
0ArVVqhe5hY,Вечер с Владимиром Соловьевым от 20.11.17,265894,Russian
LJfIV7m5JAg,60 минут. НЕВЫУЧЕННЫЕ УРОКИ ИСТОРИИ: откуда школьники узнают о Сталинградском котле? От 20.11.17,116128,Russian
KJx2XoLvWRs,Годный смартфон из Кореи. Чудо или заговор?,361731,Russian
34xwqovdIs0,Воландеморт возвращается? Разбор тизера Фантастические Существа 2,64727,Russian
RIp99hotTk4,Вернулся. Фронтера. Понторезка. Много резины на продажу.,158438,Russian
divggcQFXEw,FEDUK - Приглашение на концерт в ГлавClub (29/XI МОСКВА),101039,Russian
JimYkiXxIMs,6 Самых Убеждающих Фраз (Мгновенный Эффект),50423,Russian
6OFTc9gK9RQ,Конструктор Engino 30в1 с Моторчиком! Собираю Динозавра и Разводной мост! alex boyko,293745,Russian
VQC3DkVHUzc,"Фейсконтроль | Face, Собчак, Кищук, Лобода, Киркоров — Криста Белл судит их по внешности",193231,Russian
qTGsE9_y4Jk,Школьник из Нового Уренгоя кается в Бундестаге за невинноубиенных бойцов Вермахта,149072,Russian
wUgTcRxG5vQ,ПУТИН МОЙ ПРЕЗИДЕНТ! (18+),192861,Russian
gKR4vbJxVlg,Сергей Михеев про CKАHДAЛ со школьником из Нового Уренгоя сожалеющего о cмepти coлдaт вepмaxтa,58748,Russian
vNJAVfs9CUo,Большие деньги 1 серия (2017) Криминальная мелодрама сериал,25735,Russian
V02ECnBWGWU,Интересные  новости  № 270 / 17,10194,Russian
LHNPliaHE58,ПЛОХИЕ НОВОСТИ в 21.00 21/11/17,46936,Russian
1FNlt1Nyzj0,Как заводится ВАЗ в мороз. Финик переехал.,96381,Russian
qOTMQVfncAU,5 ЛАЙФХАКОВ С ЧЕТЫРЕХ-ГОРЛОВОВОЙ БУТЫЛКОЙ КОЛЫ..,310410,Russian
mwReXUHngg8,"Ольга Матвей | Нежнейший Салат из Печени Трески, Очень РЕКОМЕНДУЮ | Salad Recipe",48117,Russian
m65dggy_6nY,Железная логика с Сергеем Михеевым (20.11.17). Полная версия,7306,Russian
9wFoqZDJRmE,Давай поженимся! Спортивный финансист. Выпуск от 20.11.2017,23969,Russian
f4TWLszouvM,"20 ИГРОКОВ, УНИЧТОЖЕННЫХ ЛЕО МЕССИ | ГОЛЫ, ФИНТЫ, СКИЛЛЫ",8467,Russian
UDDiRK7xshg,1 фрагмент 21 серии полнолуние русские субтитры,31808,Russian
7gZZsTw_0WY,Китайский кроссовер. Стыд и срам или машина?,194268,Russian
97WiSJ1Vtyk,"Полный Альбац / Что хочет Россия от Запада, а Запад от России // 20.11.17",20951,Russian
5ZA6z-X42bw,Пытаюсь УТОПИТЬ свой новенький УАЗ,221078,Russian
QY0dlfbS4qs,Еремеев ОКАЗАЛСЯ родным Мишулину сыном...Карты раскрыты! #TheRelizzz,38531,Russian
JK2QzRb0rhk,Обзор готовой блузки  Женская хлопковая блузка в мелкую полоску с бантом и интересными рукавами,17433,Russian
ZrxP0j2a6aI,"Николай Спиридонов и Дмитрий Джангиров, Работа над ошибками, выпуск #344",15766,Russian
yt1Xtu3smRo,#3 Вывод денег. Покупка акций Кэшбери. РОЗЫГРЫШ 1000 РУБЛЕЙ!!,79852,Russian
fm4yWPTMoFY,След - Золотой потоп,23676,Russian
bJEv32ktYqA,Пусть говорят 20.11.17 Тест ДНК для вероятного сына Спартака Мишулина 20.11.2017 ( 20 ноября 2017 ),20983,Russian
2q0vclfBuTk,МУЛЬТ ЛИЧНОСТИ — Дом 2 со звёздами шоу-бизнеса,10439,Russian
5YTNp6aCvpk,БесогонTV «Изображая жертву»,158203,Russian
qg6UxSz303o,Kisabac Lusamutner eter 20.11.17 Payqari Erku Koghme,33969,Russian
RsTCqnpAM2A,Райкин между одесскими и мединскими,13245,Russian
4ZpFmMPaLQE,ДОМ 2 НОВОСТИ раньше эфира! (26.11.2017) 26 ноября 2017,26586,Russian
VZiE9VVftvQ,ДЕТЕКТИВЫ 2017. О.К.О.Н.Ч.Е.Н.Н.Ы.Й. ФИЛЬМЫ 2017. ДЕТЕКТИВНЫЕ СЕРИАЛЫ 2017,25231,Russian
O3OT8G3GRA8,НА ЛАБУТЕНАХ КОСПЛЕЙ ПАРОДИЯ | ЭКСПОНАТ КАВЕР ЛЕНИНГРАД,34595,Russian
tATjqCuIHpM,Отвечаю на Ваш Вопрос.,26862,Russian
aKYnSaVXCdE,Полнолуние 20-Серия! Лайк💖,107916,Russian
NrjxqGVlNl4,Сечин не явился в суд. Захоронение Ленина. RNT #61,56257,Russian
nvH97oj6ZGc,Покупки Фикс прайс/Ноябрь 2017/Нужные покупки/Хотелки-новинки😘😍,11600,Russian
cAsv2KIOz6Y,"Гоголь в чате. Господин, товарищ, барин.",3599,Russian
eJsZsJSwSSA,Полный Альбац - Что Запад хочет от России?  20.11.17,18222,Russian
5zV3tIGQszk,Ленивые Вареники с Картошкой,30398,Russian
3aSHrZYk5_4,Күнбүгүн: Атамбаев казак бийлигин бокко теңеди. Казактар шок болду.,42401,Russian
p7XQoZNs7Uc,ДЕВЯТЬ НОВЫХ КАРТ АДДОНА КОБОЛЬДЫ И ПОДЗЕМЕЛЬЯ HEARTHSTONE!,45277,Russian
1LlrVH1QHFY,Утренние Новости на R*ТВ 20.11.2017 Последний Выпуск 20.11.17,92996,Russian
_jvByELExm4,Троцкий. 8 серия,11875,Russian
X4-l4ER-qDQ,"Таро - прогноз на декабрь. Для тех, кто в поиске. Таролог Анастасия Шучалина 21",7436,Russian
QsEOtQJP-V4,МОСКВИЧИ ПОЖАЛОВАЛИСЬ ПУТИНУ НА ПУТИНА,75046,Russian
szU3EM-4bt0,Новые мультики для детей про машинки - Мультфильмы 2017 про машинку,17162,Russian
0ebLj8XQiQw,ТЕСТ на ВОЗРАСТ / 9 ВОПРОСОВ которые Расскажут о Тебе  ВСЕ,42524,Russian
HG44jo_pY44,"МОИ ЗАГОТОВКИ НА ЗИМУ! СПОСОБ,ЛУЧШЕ КОТОРОГО НЕТ!",13342,Russian
wNpnFNvI-GU,Тестируем КОМБИ Гель от Patrisa Nail/ Как работать им в Наращивании ногтей,35511,Russian
xZ5SDLAFm3w,КОЗЕРОГ- ТАРО прогноз на ДЕКАБРЬ 2017 года от Angela Pearl.,11274,Russian
ie-qD_zMW1M,Военная тайна 18.11.2017(HD),7934,Russian
nZCz8qIFr_k,Аскеров о подсказке из зала и о Друзе,4115,Russian
EXntEUaxC-M,КРУТАЯ СУББОТА ~ Сеул ♥ Моя неделя,15097,Russian
WG7Zcdkzc1M,"РЕАКЦИЯ КОРЕЯНОК НА FEDUK&ЭЛДЖЕЙ, FACE 🇰🇷| Бургер, Розовое вино",200954,Russian
S9r62cdEvDE,Бузова и Бородина поругались на юбилее Марии Погребняк,8820,Russian
mAwiNWIagI0,Что произошло на нашей Планете 20 ноября 2017,9494,Russian
8TUYms_NWCk,"Краснодар. Правовой ликбез для сотрудников полиции Обнизова, Удотова и Гуличева",52236,Russian
otH0zxXa8Vc,ПИЦЦА И ОБЗОР МЕТРОПОЛИТЕНА В РИМЕ,5694,Russian
udNJ4NK0uUw,Ирина Скобцева. Судьба человека с Борисом Корчевниковым,23264,Russian
kUPtSnFEKxc,«Специальный выпуск»: «Песенка спета?»,94312,Russian
TKXCcT46T_Q,Братухи - Все серии,51489,Russian
O3YSQhsPvNM,"ТЫ ПСИХ, ГЕНИЙ ИЛИ ОБЫЧНЫЙ? ОТВЕТЬ НА 6 ВОПРОСОВ. Видео тест",120645,Russian
qzYXBAgxNLg,ДОМ 2 НОВОСТИ ЭФИР 25 НОЯБРЯ 2017 (25.11.2017),12712,Russian
9_n2n6N0gqg,Курсор писюн | Навальный | спи нах*й,90646,Russian
6VW0OLqxFyM,Рабинович_о ссоре в эфире Гордона и Фарион по языковому вопросу.,9533,Russian
VtZefBRGaHs,Загадки человечества. 88 выпуск (20.11.2017) HD,6938,Russian
q2WY4bgp0S4,За что кавказцев так ненавидят в России?! Не молчи!,12904,Russian
zHaNIoRqUOU,Все грехи фильма Пила 2,60313,Russian
FOVzuYTCb9w,"РАЗБОР КОСМЕТИКИ: ПРАЙМЕРЫ!!! Что выбрасываю, что оставляю?",24798,Russian
Rbctu2lJ-SE,🍫Торт Сникерсни - Я - ТОРТодел!,20071,Russian
jwtfMDD93t4,"Фикс-Прайс. Крутые^Жемчужные^наборы⭐️Ноябрь,2017,fix-price",10961,Russian
chhI2cWwyDI,"ИСАЙЯ - МОЖЕТ, Я ПРОПАЛ (Премьера клипа 2017)",62614,Russian
dWuX4WPpv-Y,Xiaomi Mi Band 2 vs «умные» часы,85140,Russian
5qMKo6oONes,Ходячие мертвецы - 8 сезон 6 серия ПРОМО!,4845,Russian
h2fNHi6cOBo,Страшный сон Евросоюза.М.Хазин,7554,Russian
mJEPcwyvsDE,Строительство Крымского моста. 20.11.2017г.,9575,Russian
0A6XM9BNsDk,"Bpemя nokaжeт 20.11.2017 (ПРОДОЛЖЕНИЕ) Ykpauna, 3anaд и России?!",10463,Russian
R1MKZzlNYes,В МАРКО таится ЗЛО?! (моя безумная теория) | Стар Против Сил Зла,7952,Russian
PgjI47mSBPM,ЭТИ ТАНКИ ЗАМЕНЯТ В 2018 ГОДУ? ● ОГРОМНЫЙ СПИСОК ТАНКОВ НА ЗАМЕНУ,41272,Russian
OeKykm5JYiY,БЕШАННАЯ ЗАРПЛАТА В  МОСКВЕ,6981,Russian
cHuQT0IJpD8,ДЕЛАЕМ ОЧЕНЬ УДОБНЫЙ ФАРТУК С КАРМАНАМИ ЗА 5 МИНУТ!,5001,Russian
AtYJ61FzRP8,КАК ПОДОБРАТЬ ОБУВЬ ПОД ОДЕЖДУ ЗИМОЙ? ЧТО С ЧЕМ СОЧЕТАЕТСЯ?,45500,Russian
6pd27sT_rEI,ДЕТИШКИ НА ТОВАРНЯКЕ,102921,Russian
hbToJEtcp6Q,СТРАШНЫЕ ИСТОРИИ -  С ПАПОЙ ЧТО-ТО НЕ ТАК!,4736,Russian
eNZaOTorLao,Украина. Воскресный вечер с Владимиром Соловьевым 19.11.2017,18186,Russian
2bYiCaEa134,ЧУВСТВА К ВАМ СЕГОДНЯ У ЗАГАДАННОГО ЧЕЛОВЕКА/ ГАДАНИЕ ОНЛАЙН/ 4 расклада/ Школа Таро,8913,Russian
6jRAdX--EbE,👉Соль для КРС // Какую покупаем // Как подаём,13251,Russian
JJAv5HWhWRE,"Место встречи 20.11.17 Отношения Ykpaunы, России и 3anaдa?!",12515,Russian
mLj_4OmOy5A,ЖЕСТЬ !!!! 4 ГОРШКА ОТВРАТИТЕЛЬНОЙ ЕДЫ / НОВЫЙ ПЕРСОНАЖ ПОПАЛСЯ,48695,Russian
2xdkvM90w4E,Ko’sem / Косем 56-Qism (Turk seriali uzbek tilida),4237,Russian
dFmGeSXIACw,Вечерний Ургант - Луис Фонси/Luis Fonsi и Милош Бикович/Милош Биковић.  894 выпуск от 20.11.2017,35546,Russian
Iq9rfOQjKrk,МАЖУ ЩЕНКАМ МОРДОЧКИ МОЛОКОМ!!!,5689,Russian
dk8SfrM4P8Q,"Hər Şey Daxil - Talıb Tale, Elgün Hüseynov (20.11.2017)",8935,Russian
FyUVJCbGPoc,Полный Альбац - Путин после Вьетнама решил на выборы не идти! 20.11.17,8552,Russian
STXAndm7hbc,Андрей Аршавин на «Зенит-ТВ»: «Золото-2007 стоит для меня на первом месте»,21988,Russian
qMlzCrqjfjA,БЫСТРЫЙ ТВОРОГ ИЗ МОЛОКА  ОЧЕНЬ ВКУСНО И НЕЖНО!,14270,Russian
MqnIruSRhE8,"О самом главном: Опасности в салонах красоты, почему болит горло, цвет продуктов питания",8351,Russian
UkRe8lpf9UM,Дети против войны. Время покажет. Выпуск от 20.11.2017,7853,Russian
IAeMRkX_6BQ,ХАЗИН. Готов ли Путин войти в историю с репутацией Ивана Грозного? 20.11.17,9883,Russian
9uuzbAq__TU,Урок истории. В  соцсетях обсуждают выступление новоуренгойского школьника в Бундестаге,3173,Russian
FneOiV2yagw,İMTAHAN serialı - ANONS 47-ci seriya,19787,Russian
FFx6JSLcau4,ЗИМНЯЯ ОДЕЖДА ☃️ ШУБА ИЗ ЭКО МЕХА ❤️ МОИ ЛУЧШИЕ ПОКУПКИ,37626,Russian
6mSOboHkOzc,9 ЛАЙФХАКОВ УМНОГО ШОППИНГА НА BLACK FRIDAY,37814,Russian
AFRFKPdvxi0,Отель Элеон  - финальный сезон - 1 и 2 серии,55121,Russian
UoaaIzjrCRM,Смертельная двоечка!,27922,Russian
pmXTUWFi-0o,ПОКУПКИ В ФИКС ПРАЙС И УЛЫБКЕ РАДУГИ,3779,Russian
FhVxXANvBdM,Ögey ana (41-ci bölüm) ANONS,8066,Russian
dkF6zg2ld10,Сайт кабар 20.11.2017 | А.Атамбаев журналистке кол саатын чечип берди | А.Атамбаев эми комуз үйрөнөт,28960,Russian
E0LIoFTeWro,"Погребинский: у украинцев свойство держаться за свои корни гораздо сильней, чем у русских 19.11.17",43413,Russian
HLDL7Azmgns,"УДАЧНЫЕ ПОКУПКИ! УХОД ЗА ЛИЦОМ, ГУБАМИ, ВОЛОСАМИ!",10856,Russian
5dZqCKdos0A,Сборка Lego Technic в прямом эфире,26975,Russian
A8YQezGr9ak,Sevgi istirobi 59 qism HD O'zbek tilida,32097,Russian
rT_cqc5sWUE,VLOG Готовим вафли. Мои мысли.,39165,Russian
pGlT7UFvlTs,Ахбори ВКД - Сипар (20.11.2017),40123,Russian
KNYso4ypKzo,Вектор Движения №158 Активист предлагал 50.000 рублей инспектору.,39874,Russian
kF0A8UEEI24,DIY СЛАДКИЙ ДЕКОР Комнаты * Копилка ПРЯНИЧНЫЙ ДОМИК * 5 Классных ИДЕЙ !! * Bubenitta,56629,Russian
NANzQ-JlZjE,Выступление школьника из Нового Уренгоя в Бундестаге,13307,Russian
Z0YflrbgWOQ,Ставим подлокотник от Лада Веста Кросс в СЕДАН!,3372,Russian
dBdyrDAhEVM,ВНЕБРАЧНЫЕ ДЕТИ ЗВЕЗД. Знаменитости у которых родились дети вне брака,11140,Russian
kojo7qE6ReQ,"КТО, ЕСЛИ НЕ ДИАНА ПОЖАРСКАЯ? Кастинг сериала «ОТЕЛЬ ЭЛЕОН»",9263,Russian
eeyzkEyDxZ8,Вяжем с WickedLynx. Вяжем Кокон. Часть 2,7874,Russian
iZN-QGmVYWE,Детская мебель по необычной технологии | Труды Мастеров,5885,Russian
INrT3kqmVG8,"День рождения Светы на Пхукете - подарки, Рок Бары и дискотека на Бангле, Таиланд",26321,Russian
uoNNbXN1_A0,"Ксения Бородина в прямом эфире о дружбе с Бузовой, Жужей, Пынзарь и др.",6750,Russian
VKuG7_KYYLY,"Нива, Фронтера и Уаз. Маршрут к менту!",47149,Russian
jH557u8P57g,Жучков ГИБДД ЮЗАО. Операция не трезвый водитель. 20.11.2017,5498,Russian
o_Go4duksR4,КИТАЙСКИЙ ФАВОРИТ/FAW BESTURN X80/БОЛЬШОЙ ТЕСТ ДРАЙВ,40394,Russian
jpT9k4G350Y,Россия - Запад. Что хотят? - Полный Альбац 20 ноября 2017,3516,Russian
KlOgfgGlAJM,О невинно погибиших солдатах Вермахта (Руслан Осташко),47507,Russian
JteYZ5kLxa8,Սերգեյ Լավրովն այցելել է Ծիծեռնակաբերդ,5079,Russian
SjWYwaUF8t4,Отель Элеон - 3 серия 3 сезон (45 серия) - комедия HD,691522,Russian
WGibw8E26w8,ЭТО ТРЕТЬЯ СТОЛИЦА РОССИИ? [ Пора Валить в Казань! ],378934,Russian
pMicoYVvfsM,Самодельный Ламборгини vs Настоящая Ламба / Сравнили вживую! 18 серия,1212935,Russian
ULWkdFI2iss,Богданов 2018. А когда вы по настоящему выбирали?,103045,Russian
9ceUa5HRvag,ПРЕМЬЕРА! Одни на двоих - Вдыхай меня,127114,Russian
1-bj7Cb1Ewk,НЕУДАЧНЫЕ ДУБЛИ: Пора Валить в Казань!,80608,Russian
47ByaiEPKmQ,ШАВЕРМА из BURGER KING,413053,Russian
UNHzf5Lzehg,Кшиштан о фильме ЛИГА СПРАВЕДЛИВОСТИ,104869,Russian
Pj8aoT9_FMU,"Что, если бы все наши страхи сбывались?",303136,Russian
qGqRFD2DskM,НЕРЕАЛЬНО КРУТОЙ ТЮНИНГ за 4 тыс.р. Оторвало колесо,413644,Russian
2aiTriLB-mY,ЦЕНА ОШИБКИ - 2.500.000р! Купил автомобиль не проверяя!,392713,Russian
m_bTguEmUVU,ОБЗОР ХХХ ФИЛЬМА УЖАСОВ | Fantom,135323,Russian
47EMdFAzLJ8,Lexus LX 570 РЕМОНТ НА МИЛЛИОН,436805,Russian
vFqWv-3BiXg,Не совок,275377,Russian
v4USRYjcSxg,Большие деньги 3 серия (2017) Криминальная мелодрама сериал,44148,Russian
LUk-8EFy-p8,РИСОВАНИЕ С ИСКУССТВЕННЫМ ИНТЕЛЛЕКТОМ,374787,Russian
uqbnDLH6DJ0,Доктор Рихтер 12 серия (2017) Мелодрама драма фильм сериал,36863,Russian
CrfhLRgGjZs,Почему мы все время болеем? — Научпок,166783,Russian
i_vCKE2lkaA,Кощей Бессмертный и брат-депутат - По тещьему велению - Уральские Пельмени (2017),117168,Russian
A8EQiwtVqhc,Незалежная космическая держава / Школьник в Бундестаге / Райкин / Дюжев. MOUNT SHOW #119,147905,Russian
dTWA-7XhCc8,"Ful Haus 7 eterashrjan seria 14 / Фулл Хаус 7 сезон серия 14 / Ֆուլ հաուս, 7-րդ եթերաշրջան, Սերիա 14",65090,Russian
hkAvbrdXnPo,Подарю IPhone X своим 10 подписчикам!,83657,Russian
tHIWXgC8cNI,Вечер с Владимиром Соловьевым от 21.11.17,46612,Russian
6w9EnT5tKPo,"Подстава в Нальчике, ошеломляющий мастер-класс в Бишкеке, Эльбрус, преображение труженицы Розы. Vlog",20234,Russian
K4iCeVJu55g,КОТОКРАБ О ЛИГЕ СПРАВЕДЛИВОСТИ/JUSTICE LEAGUE | ЧЕСТНОЕ МНЕНИЕ И РАЗБОР ФИЛЬМА DC 2017,237611,Russian
c7BVCtRQcRw,"Иностранные агенты, Russia Today. Гость — Монеточка | Класс народа",22851,Russian
ci1fFBnwilg,ВСЁ!!! УЖЕ И СТОРОННИКИ ПУТИНА НЕ ВЕРЯТ ЕМУ И ОТВОРАЧИВАЮТСЯ,142161,Russian
PcQrMwwvd6w,"Очень Простой, но Такой ВКУСНЫЙ  Стаканчиковый Пирог,  Все Смешал и Готово | Yogurt Cake Recipe",53897,Russian
CA2kBQqK_9k,"ДОЛГОЖДАННАЯ ПРЕМЬЕРА 2017 [ ЧЕРНЫЙ ОЛИГАРХ ] Русские мелодрамы 2017, сериалы 2017,",102964,Russian
i8oGucA6E6k,iPhone X за 1 рубль!,288657,Russian
yAaP4XlHfoI,Потрясающая Закуска для ФУРШЕТА,50741,Russian
O1JsAUSPcek,Прикольные очки с регулировкой затемнения из Китая! Посылка с Алиэкспресс. Распаковка и обзор очков.,215145,Russian
2HMQ0rmajBg,"СКРИПТОНИТ УДАРИЛ ФАНАТКУ!, OXXXYMIRON НА РАДИО У EMINEM, ЭЛДЖЕЙ ЧЕРНОЕ КИНО - ДЭНСИМ",102218,Russian
C_6s2RKUI-4,"Ешьте Чеснок Каждый День и Смотрите, Что с Вами Случится",155616,Russian
xS1TAaZWg1Q,Как Навальный прибавил зарплату москвичам/Что делали коммунисты в Австро-Венгрии?,75372,Russian
ctbML7DY7LQ,Denize düşen yılana sarılır!  - Eşkıya Dünyaya Hükümdar Olmaz 81. Bölüm,121205,Russian
30h1mV_o09s,ПЛОХИЕ НОВОСТИ в 21.00 21/11/17,37471,Russian
GoOtW_8Yzvo,"Секреты Амазонки: Часть 1. Племя Пираха, кандиру, пираньи",96114,Russian
Ch7zENJZr6Y,Что подарил Путину Асад,5864,Russian
ak6BXiToyUs,7 ЛайфХаков для ногтей /Tanya StreLove,127034,Russian
MAyYXF0rRpQ,Сделай и себе этот супер инструмент!!!,231185,Russian
K-u5s2WzTF8,Маршртуки в Махачкале заменят на электротранспорт и автобусы Логистика и ВРио Васильев,8207,Russian
5w3ELLhqUFU,СТУДЕНТЫ ПРОТИВ BMW M3. Anton Avtoman.,132986,Russian
lNkp6Qs25fw,60 минут 20.11.2017 │Вечерний выпуск│,70785,Russian
NihJZ9blHvg,Интересные  новости  № 271 / 17,9740,Russian
SXGr-LoFCBg,Плевать хотела: Мара Багдасарян снова села за руль. Андрей Малахов. Прямой эфир от 21.11.17,144546,Russian
wnZ6Lj_0AHo,Крутая самоделка  из старого огнетушителя. Пригодится любому водителю. Автолайфхак. #Стройхак,115890,Russian
JelV2pmRdFI,Рецепт лукового супа | Классический Французский Луковый Суп,45231,Russian
PyPhAD5CfO0,Как ухаживать за орхидеей !!! ЭТОГО ВАМ НИКТО НЕ СКАЖЕТ,42816,Russian
5fQS1hyClQU,Пусть говорят 21.11.17 Почерк Мишулина. Сколько детей у артиста? 21.11.2017 (21 ноября 2017),45664,Russian
lzGRP5FZxdI,Владимир Соловьев: Речь школьника из России в бундестаге,13068,Russian
1g4bPwrys5k,Дневник Новой Фабрики Звезд. Выпуск от 21 ноября 2017,68215,Russian
icIZ3AfSxno,Ögey ana (42-ci bölüm) ANONS,12339,Russian
7THJotXYoNY,Проект закона о конституционном собрании и предвыборная турбулентность,36055,Russian
jPyrJKH9fh0,Аркадий Дубнов - Особое мнение... 21.11.17,11665,Russian
8AIYDKbATN8,Таро-прогноз на ДЕКАБРЬ-2017 по знакам Зодиака,10220,Russian
iHuFpx0bNlM,APOEL FC vs REAL MADRID 0-6 ● All Goals & Highlights HD ● 21 Nov 2017 - Champions League,265723,Russian
aw9sAhESTCw,Оружие для всех - [ОкНеОк],77903,Russian
s-OH_XJ4NdU,ТИТАНОВЫЙ МОТОР ТРЕСНУЛ! -АнтиПыЧ#40,121717,Russian
SAdasCdU-LU,"Style&Talk БЕРЕМЕННОСТЬ, ВЕС, МОРАЛЬНОЕ СОСТОЯНИЕ, ДЕВЯТЫЙ МЕСЯЦ",28388,Russian
yEiC2AZ41OA,Пышные Пирожки? Легко! Как Заставить Духовку Печь.,10233,Russian
vaB81YkU11U,LAN - Everything,84527,Russian
uK2Wpxxfs54,ЧТО ДУМАЕТ? ЧТО ЧУВСТВУЕТ? ЗАГАДАННЫЙ ЧЕЛОВЕК О ВАС СЕГОДНЯ? ГАДАНИЕ НА РУНАХ,8226,Russian
gTP4O6xaBWc,Что произошло на нашей Планете 21 ноября 2017,9316,Russian
IM7r4GQNecQ,MARTA bus blocks feed of Georgia Dome implosion at worst possible time,189730,Russian
654WGn3eFTY,ДИККАТ ПАТЕНТ  ДУСТЛАРИЗГА ЕТКАЗИНГ,30010,Russian
evvkUGt_chY,21.11.2017г. Спартак - Марибор - 1:1. Обзор матча,46575,Russian
CUHzRKCWVx4,Sevgi istirobi 60 qism HD O'zbek tilida,36034,Russian
olg79SW5168,Эрига Хиёнат Килган Келин - Денгиздан Томчи,38987,Russian
WWSrMhQNVlI,Верхняя одежда осень-зима 2018 / ТОП 5,27555,Russian
pN_vBsHkBrE,Загадки человечества. 89 выпуск (21.11.2017) HD,9254,Russian
eU8lE-aAh5s,ZEUS LIVE #3: СПОР ZEUS И SIMPLE - 10 ФРАГОВ ПОДРЯД В ДМе,79343,Russian
Nxx8zXgEnCo,Bpemя nokaжeт 21.11.2017 (ПРОДОЛЖЕНИЕ) Отношения Ykpaunы и России?!,16286,Russian
bWIH1t3Xrfo,AПOEЛ - PEAЛ MAДPИД. ПОДРОБНЫЙ OБ3OP MATЧА. 21.11.2017 (HD),160666,Russian
ZthQorkma_U,15 ВЕЩЕЙ МОЕГО ИДЕАЛЬНОГО ЗИМНЕГО БАЗОВОГО ГАРДЕРОБА,12918,Russian
vWrOGYUvGP4,"5də5 - Səbinə Ərəbli, Tacir Şahmalıoğlu, Babək Niftəliyev (20.11.2017)",20537,Russian
E5yMrptaQAo,3-Х ЭТАЖНАЯ МУРАВЬИНАЯ ФЕРМА - ЗАСЕЛЕНИЕ МУРАВЬЁВ - ОНИ В ШОКЕ?! + КОНКУРС ЗА РЕПОСТ!,121741,Russian
UqSbiEn98Eg,МАМА С ВИЛЛИ ПРОВОЖАЕТ В АЭРОПОРТ УЛЕТАЮ,7175,Russian
9hJBdiJqE1s,ЧЕРНОСМОРОДИНОВОЕ муссовое ПИРОЖНОЕ / Сравнение с cheese-cake.ru,26152,Russian
dOByV5KYkJU,Все киногрехи Звёздные войны. Эпизод III: Месть ситхов,76861,Russian
qof5pghiJoY,След - Сердечная недостаточность,19030,Russian
Exmo8tN22pw,Во всём виноват Гa3пpoм! Владимир Соловьев о тpaвле школьника после выступления в Бундестаге,27848,Russian
7zUdlzB6Hu0,Статус / Екатерина Шульман / Выпуск 11 // 21.11.17,14005,Russian
aOtw8hem0BY,ГТРК ЛНР. Вести-экспресс. 15.30. 21 ноября 2017,48427,Russian
xY5V1CYD3gE,ЭТО САМЫЙ ЛУЧШИЙ МЯЧ?,128840,Russian
jJF1In-Ay-o,Анекдот про дырку. Угар и юмор.,67429,Russian
CVK_qGJJY2k,Белковский. На самом деле (2-й вып.). 20 ноября. HD,49997,Russian
nPWgzlwYNSE,Бургеры от Корнер Бургер (Corner Burger) | Звезды Мишлен летят с погон?,67451,Russian
NzJ11YsPj-M,"Шлеменко - о Гегарде Мусаси, UFC, Петре Яне, турнире М-1 в Омске и расширении школы Шторм",3379,Russian
KiA4oAJp_NM,Смена почетного караула в Эстонии и в Москве. Сравнение,6577,Russian
FZeBCEPL0gk,Самый бюджетный РЕМОНТ СТАРОГО ПОЛА.,26324,Russian
le7AtjtYHls,Эротичный инструктаж | ПОТРАЧЕНО,119319,Russian
tgp-BYkBqcM,Кто такой Тельман Исмаилов?,25364,Russian
_tRkf5rYwos,Попал в Сидзуоку. Японская деревня. Китовый рамэн. Почему в Японии у кошек нет хвоста,26965,Russian
JDQa4lcjg4A,"Евгений Спицын. Кто вырастил русского гимназиста, скорбящего по невинным гитлеровцам?",49979,Russian
VDQUPUycC1c,"МЫ ЖИВЕМ В 1720, А НЕ В 2017?!",487283,Russian
-5Sip2uiLNI,"Место встречи 21.11.2017 (ВТОРАЯ ЧАСТЬ) Отношения Ykpaunы, России и 3anaдa?!",15685,Russian
j3Nw_kuymJE,Самые шокирующие гипотезы с Игорем Прокопенко. Выпуск от 21.11.2017. Отпустите петуха!(HD),6658,Russian
AtPNZFVPfJA,Полный контакт с Владимиром Соловьевым (21.11.17). Полная версия,8509,Russian
bE5gxCt4Uhs,"Модный приговор. Дело о том, почему Таня не громко, но часто плачет. Выпуск от 21.11.2011",18557,Russian
CzV5F8aiiWQ,VLOG▶️ Я разнервничалась▶️Плевать хотела:),15166,Russian
-r7zf2p82Js,(1340) БЛАГОТВОРИТЕЛЬНЫЙ ФОНД  ИГРУШКИ НА РОЖДЕСТВО ДЕТЯМ СИРОТАМ,9652,Russian
Gm5ly_SDmEI,АКТИВНАЯ МУЛЬЧА КАК ПОВЫСИТЬ ПЛОДОРОДИЕ часть2,6005,Russian
7My34mgrz3I,Госпожа Фазилет и ее дочери 24 серия 1 фрагмент РУССКАЯ ОЗВУЧКА,7943,Russian
lY2DYAVVxoo,НОВОСТИ. ИНФОРМАЦИОННЫЙ ВЫПУСК 20.11.2017,72833,Russian
7z40hSBYE5A,Валерий Гаркалин. Судьба человека с Борисом Корчевниковым,22207,Russian
jk7YMmFn0is,Начинаю делать плечи! Вы меня разозлили. Кирилл Терёшин,3681,Russian
NwNzwPQWZr4,СУПЕР ЛОНГШОТ ЧЕЛЛЕНДЖ vs. EVONEON | РЕВАНШ,111641,Russian
5tictQjiEbo,Фильм Последний провод Хороший Боевик,16940,Russian
bbCHBOUUluU,Бийлик Саляновадан өч алуу үчүн инисин өлтүргөнбү?,34441,Russian
MHKSFywx_SI,"Экспресс Сегодня № 342, Дальше смотрите № 343",4417,Russian
gewAuG6rtlk,"❄ Готовимся к зиме // Жизнь Бука // Зернодробилка спустя 1,5 года",3019,Russian
l8kqzDhM6BE,"Кама пуля показывает Кириллу, как правильно бить двоечку",56963,Russian
PUMTBwJ6Fqs,Бараны и овцы/Стратегический запас в деревне/Хороший сарай-теплый сарай,9086,Russian
G7w6WZbwXJs,Вечерний Ургант - Марина Кравец и Ренарс Кауперс/Renārs Kaupers. 895 выпуск от 21.11.2017,39692,Russian
c65Hm24Leg8,Мои субботние начинания вышивки,4311,Russian
tHxBMKUk5O0,Сергей Шнуров: «Кризис пусть пиздует на хуй» в рекламе MediaMarkt!,2110,Russian
lbJRmpZB7vI,«Голос Улиц»  третий выпуск,2339,Russian
LjU8c8TCbUc,«Специальный выпуск»: #СамТыИнвалид,39265,Russian
APZ8d-5Z0tM,Импровизация 3 сезон 21 серия Сабуров (21.11.17 год) фотослайды,4485,Russian
OtuMTHAY5ew,Переговоры Путина и Башара Асада в Сочи,13156,Russian
8-7yWzZQ-Q0,ЭФФЕКТНАЯ ОВОЩНАЯ ЗАКУСКА К НОВОГОДНЕМУ СТОЛУ ВКУСНО И ПРОСТО!!! | EASY CUCUMBER APPETIZERS,32928,Russian
wBH93Tbkj1k,Ангельский мир. Демоны. Ткачёв Андрей,4333,Russian
0tCDyIQYFcA,Мужчины ПАШИТЕ и Содержите Женщин!,3220,Russian
doqIaMbXEBs,Строители Керченского моста соединили автодорожными пролетами косу и остров Тузла.,10267,Russian
gKewPSHl9Cg,Yung Lean - Metallic Intuition,145334,Russian
bAaexCKL-8Y,ТАЙНА СОБОЛЬ БУДЕТЕ ЩЕНКОВ  СМОТРЕТЬ?,8618,Russian
wLD1qbRBI1o,Adını Sen Koy 223 - 225 Bölüm Fragmanı,66278,Russian
TLKY-Uf5pww,КАК ПОХУДЕТЬ! Гормоны. Бессонница.,5890,Russian
_SdbeRsmh6I,Новогодний декор своими руками! Свечи! Домики!,4978,Russian
hnMlq0nsqNg,САЛЬТИСОН ( ВЕТЧИНА) ИЗ СВИНОЙ ГОЛОВЫ,14927,Russian
KgooT_TJxzM,Как поверить в исполнение мечты? Как повысить уровень веры?,6957,Russian
KKZLnlV2yCw,Смешные кошки приколы про кошек и котов 2017 #89 (Старенькое смешное видео МатроскинТВ ТОП приколы),4252,Russian
xegbLXO6c8c,Заявление Министра внутренних дел ЛНР И. А. Корнета,15706,Russian
EruVSos2SGk,ФИКС ПРАЙС ❤❤❤ПОКУПКИ❤❤❤НАВОЛОЧКИ❤❤❤ОТЗЫВ❤❤❤НОВИНКИ❤❤❤,5785,Russian
DLfHrOFFTh0,FIX PRICE.ПОКУПКИ К НОВОМУ ГОДУ.,5124,Russian
nazLz9qFs3c,Просто я так живу),2831,Russian
_lZkQFP0KzE,"Жизнь ZOOCOMa. Все новости о дикобразах, сурикатах, АЛК, обезьянках и т.д.",5990,Russian
RdzceZTug6E,16 смешных пранков над друзьями!,842329,Russian
Cmp_GJgZxCM,Система ударов по России. Евгений Федоров 14.11.17,3614,Russian
lB6RTm1aDMs,Радиация в Челябинске. Мощный выброс  радиации. Рутений.,2803,Russian
iH-mFj5wGfk,Встреча в будние дни 2017-11-20,8213,Russian
HOmho_xv1Js,"ТОС Буратино и Солнцепёк — уникальное российское оружие, — Политика и Оружие",4366,Russian
shr6dkip2dU,"Анатолий Пешко и Дмитрий Джангиров, Работа над ошибками, выпуск #345",8455,Russian
H4uA0VH4xFs,Вот такого не ожидал! Самая большая и дорогая Мазда. Тест-драйв и обзор Mazda CX-9,76784,Russian
LlWuK51dEWM,Необычайный Салат ДЕВЧАТА,56507,Russian
lmRWNrzgphU,УΚΡAИΗA БУДΕТ PA3ГPΟΜΛΕΗA 3A ДΟΗБACC — Владимир Путин — Заявление — 22.11.2017,227418,Russian
dUT5rs5-EBE,ПОКУПКИ ЕДЫ НА МЕСЯЦ ✔ НОЯБРЬ  ✔ СКОЛЬКО Я ТРАЧУ? #светланабисярина,9647,Russian
SNjuTUSF74A,Ар бир айдын алтысы -7-чыгарылыш / Куудулдар 2017,16013,Russian
b0_2X1YAF_s,ВСЕ КОРОЛЕВЫ МЬЮНИ ИЗ СТАР ПРОТИВ СИЛ ЗЛА,6039,Russian
cJ6VKEKAL0g,Гороскоп на неделю с 20 по 26 ноября 2017,9436,Russian
C9aD_Z3C9Xk,НОВОГОДНИЙ дизайн ногтей Следы на снегу/ПРОСТОЙ и БЫСТРЫЙ дизайн к Новому году,22052,Russian
d_8x-yLHZ4A,Поспешность - это подлинный источник ошибок,4010,Russian
4h2eexil8Ys,Siyah Beyaz Aşk 7. Bölüm Fragmanı,225936,Russian
mBGLB3-qnRY,Развод Никиты Преснякова СТАЛ кошмаром...Вся страна в ШОКЕ! #TheRelizzz,13799,Russian
XtmWO01i4Eo,ПРОНЬКО. Если будет вывод средств нерезидентами с рынка ОФЗ 21.11.17,3441,Russian
iW9KnS3siz8,Комиксы Леди Баг и Супер-Кот | I love mew... (Я тебя мяублю),3406,Russian
RheBNMgUfdM,Королевская битва в Warface: играй бесплатно!,60406,Russian
UN1YB_0who0," Узнай! Что думает, что чувствует, что сделает? On-line гадание на картах Таро",4817,Russian
SqOJRtUwbco,AMAK UYGA QAYTYAPTI.PASPORT EGASI TOPILDI,21556,Russian
AHV9ypWmbys,Отель Элеон -  4 серия 3 сезон - 46 серия - комедия HD,840058,Russian
JN7m5s_D0aI,скрипичный дуэт V-Play / Зима,102749,Russian
B1Rx7rSSnU4,ТИПИЧНАЯ ОЧЕРЕДЬ на кассу,274252,Russian
RzmH3IrsCPE,ТИПЫ ЛЮДЕЙ В ЛИФТЕ,240855,Russian
g5hnvug3va0,Тачка на прокачку / Тойота Камри,419857,Russian
NVDMSuSAkXU,"АНДРЕЙ, КОТОРЫЙ ВСЕ ЗНАЕТ",238404,Russian
6BxJHVexsDU,NOKIA 3310 VS  iPhone X  - ЗАМОРОЗИТЬ в ЖИДКОМ АЗОТЕ  -196 °С ... ЧТО БУДЕТ ..?!,427005,Russian
EXA735g-Rwo,Маленькая машина VS БОЛЬШАЯ на чем быстрей с Александр Муратаев,365525,Russian
Km3g2cZ6iZs,Доктор Рихтер 14 серия (2017) Мелодрама драма фильм сериал,45508,Russian
N6gMcFbMOGQ,Большие деньги 6 серия (2017) Криминальная мелодрама сериал,40656,Russian
bTJPxqCNPQQ,ЧЕРНАЯ ПЯТНИЦА - глобальный обман?,712954,Russian
fpw680HsaK0,Отнятое сокровище,87893,Russian
yXNL5fXDaSU,Пресс-конференция Министра внутренних дел ЛНР И.А.Корнет,54410,Russian
OhzFkOH3HeM,BAHROMA - Марина (Official video),115417,Russian
MNfGMcplXCw,Врачи подробно  Фатальная опухоль  От чего умер Дмитрий Хворостовский,49630,Russian
GEjpl1IYIr0,Новый чумовой проект! Ставим на BMW X5 мотор от Приоры! И я не шучу!  =)),458103,Russian
Awfhuy0udZM,A-Team / Ксения Собчак // 22.11.17,55435,Russian
w8yB2O1N6LY,"EVROS TV - ИНОСТРАНЦЫ СМОТРЯТ МУЛЬТИКИ И СЛУШАЮТ РУССКУЮ МУЗЫКУ (ЭЛДЖЕЙ, ГУФ, MIYAGI, СКРИПТОНИТ)",128045,Russian
lJlt72rrYGY,ТАЙНА КОКО - СПАСЕНИЕ ПИКСАРА?! ЛУЧШИЙ МУЛЬТФИЛЬМ ГОДА?!,67200,Russian
rPYZoMogg18,Сок из Граната и Чеснока! Печальные новости про Богомола! Бедная соковыжималка. alex boyko,492387,Russian
kTD7qi8s-zY,НАИТУПЕЙШИЙ БАБСКИЙ ПАБЛИК - ОБЗОР [Спасибо папе за характер],61410,Russian
Ghp6UVigtno,NIXELPIXEL И ТАЙНЫЕ МЕНСТРУАЛЬНЫЕ ЧАШИ | Обзор и реакция,57166,Russian
od-vc1WgmC0,Octavia RS Stage 2: Как умерла DSG.,273759,Russian
u59xsiF63V4,#1 |  Покердом с нормальными явлениями,206751,Russian
EiK3FS-_Sp8,НЕНАВИСТЬ и ЗВЕЗДНЫЕ ВОЙНЫ [Интересные Материалы На Русском],151424,Russian
Iz9cR1f4PlI,ГТРК ЛНР. Без комментариев. Пресс конференция Главы ЛНР И.Плотницкого для иностранных журналистов,43847,Russian
hzYcdg0BcqA,Две недели с iPhone X: без восторгов,194850,Russian
KlJbIxWJsRA,ТОП5 ЛУЧШИХ СЕРИАЛОВ 3,271944,Russian
oC4jlRg3Xxk,14 ИДЕЙ ДЛЯ ГОРОДА ДЛЯ УПРОЩЕНИЯ СУЩЕСТВОВАНИЯ,95443,Russian
Rl_WRwO9c_w,МАЛЕНЬКИЙ РОЙС И ОБАМЕЯНГ ПРОТИВ 2DROTS,287388,Russian
ggQArDp2wmE,Проверка рецепта: Супер сырная пицца (Гифка),104269,Russian
eSbzy52c03A,В Лондоне после продолжительной болезни скончался оперный певец Дмитрий Хворостовский.,37102,Russian
BKmY9mr5pug,22.11.2017г. ЦСКА - Бенфика - 2:0. Обзор матча,164453,Russian
9iZV68yGAU8,Умер Дмитрий Хворостовский (1962-2017),23661,Russian
O2b0CjTOkgM,"МОТ и МАША МЕЛЬНИКОВА: 9 фактов, которые вы не знали о них",18516,Russian
4esZO_kq3Z8,ПЛОХИЕ НОВОСТИ в 21.00 22/11/17,29413,Russian
06WfKzNlE74,"Скумбрия по вкусу КАК КРАСНАЯ РЫБА, Секрет в маринаде!",44616,Russian
hB0nWqwwpK8,Арест Керимова – удар по Путину,42714,Russian
R7TJ0DsWH-A,ПРОВАЛ ПРОПАГАНДЫ,175171,Russian
2YS6EMQLlzI,ПОЛНОЛУНИЕ / 21 СЕРИЯ / 1 ФРАГМЕНТ,30541,Russian
1DgKST5IW2U,Побег из КНДР: как военный бежал в Южную Корею,25290,Russian
KZqsDwZ--SE,"В гостях у Азбуки Вкуса. Форум, покоривший Америку. Миллиардер Александр Лебедев",106497,Russian
Du2Pnbb6eKE,До/ПОСЛЕ/ Шикарный Зимний Дизайн Ногтей/ Аппаратный маникюр/ Градиент кистью/ Гель лак под кутикулу,50571,Russian
aHdH_Y0Swcc,ДОМ 2 НОВОСТИ 23 ноября 2017 (Эфир 23.11.2017),27668,Russian
WluyK0Ql2aE,След - Двадцать четыре часа,25218,Russian
YlQbqb5WYWs,Алкоголь и измены жены вызвали рак у Хворостовского,29457,Russian
7UyGVLztrFw,Интересные  новости  № 272 / 17,9657,Russian
TKh1-sVsuXA,Инженеры разобрали НЛО и были потрясены. Как такое возможно. Инженерные технологии НЛО Правда об НЛО,22514,Russian
p5-XjJd8iLU,Раскрыты причины  болезни Дмитрия Хворостовского (22.11.2017),22929,Russian
rSopNYkgEAc,ДОМ 2 НОВОСТИ раньше эфира! (28.11.2017) 28 ноября 2017.,27438,Russian
fslAPHZEpo8,В Луганске силовики разблокировали Генпрокуратуру и часть центра города,41971,Russian
skyPxBjmNmQ,Седьмая Вебмастерская. Запись трансляции,11170,Russian
h4bex7hkQaU,10 САМЫХ ЭПИЧНЫХ КИНОБИТВ и КАК ОНИ СНИМАЛИСЬ,63218,Russian
SP3zC40jS0c,Давай поженимся! Настоящая блондинка. Выпуск от 22.11.2017,30043,Russian
kZNMmFDjBAA,LIKE A BOSS COMPILATION #7,503589,Russian
MycrOyEtN-s,Ксения Собчак Интервью на Эхо Москвы 22 ноября 2017,6911,Russian
yFMUmS2qdMU,СРОЧНЫЕ НОВОСТИ! Умер Дмитрий Хворостовский! Подробности смерти!,24323,Russian
vfbd3UCF8Rc,Потеря Армении - страшный сон для России * Полный контакт с Владимиром Соловьевым (22.11.17),11247,Russian
4LThK1Y59tw,ЭНДИ ЯНА ПАТЕНТ МУАММОСИ,72256,Russian
nmdFuUE630g,Сатановский у Соловьева 21.11.2017,40515,Russian
llPUoLZMiC4,Тайна моих фотографий 7,559648,Russian
S2Lupm4pDKs,22 ноября. Военная обстановка в Сирии. Сирийская  армия начала военные действия на берегу реки Ефрат,8151,Russian
ygLYDYCzR08,Парни пробуют ЭКОНОМИТЬ НА ОДЕЖДЕ ☑️,140054,Russian
SMEXzVk0k-M,Юрий Пронько 21.11.2017 - НАС ЖДЕТ ОБРУШЕНИЕ КЕРРИ-ТРЕЙД И РУБЛЯ. НА СКОЛЬКО СЕРЬЁЗНО УПАДЕТ РУБЛЬ?,44289,Russian
zQvptSwRJRM,Seni axtariram  21.11.2017 / Tam verilis,39442,Russian
kIaCX08jCL0,Все за столом\\Вася чистит снег\\Петюня очень серьёзный\\,10947,Russian
OAoxAldQbo0,"Икра из Свеклы - Очень Просто, Недорого и у Вас на Столе Такая Вкуснятина:) Beet Salad |Ольга Матвей",37464,Russian
mDvtLAKmWqY,ТОПОВАЯ МУЗЫКА в АВТО / ДОМАШНИЕ КОЛОНКИ в АВТОМОБИЛЬ,173748,Russian
UZmjlLs_csA,Bpemя nokaжeт 22.11.2017 Отношения Ykpaunы и России?!,28965,Russian
SYn3zFUl99A,"Я Такого Не Ожидал! Удивительно, на что способна Вафельница!",63974,Russian
eeZ0hsxwpbY,Загадки человечества. 90 выпуск (22.11.2017) HD,10183,Russian
cqdj2hpg_ls,Друзья в сборе..сходим с ума,32826,Russian
vV5SNtak6UY,Курская стриптизёрша прокомментировала свой танец на юбилее где был ребёнок,25982,Russian
G3-TzUHQMaE,Неожиданно прекрасный Лиссабон.,88472,Russian
iDPFFF-1Xk0,Дневник Новой Фабрики Звезд. Выпуск от 22 ноября 2017,80868,Russian
_ZJ-KQqMCIQ,Пойдет ли Путин на выборы? Компромисс слабого Путина? Евгений Федоров 21.11.17,4849,Russian
AqQTKcVM1_c,Alter Ego. Преобразование себя и окружающей действительности с Александром Палиенко.,8793,Russian
w0-RcrjsTnQ,Умер Дмитрий Хворостовский. Редкое интервью каналу Россия 1,63356,Russian
u6cttWFnG80,Преемник Путина 2018,6689,Russian
FDSrCquNVho,"ТОП 10 РУССКИХ РЭПЕРОВ, СТАВШИХ МЕМАМИ",26325,Russian
seHDPCNxon8,САМЫЙ ТОЧНЫЙ ВОСТОЧНЫЙ ГОРОСКОП на 2018 ГОД ДЛЯ КАЖДОГО ЗНАКА,10066,Russian
RUqqINBOrxQ,Правозащитник Магомед Шамилов о коррупции в системе МВД и ситуации в Дагестане (часть I ).,3528,Russian
mWCvxWd8oT8,Вечерний Ургант - Анастасия Каменских. 896 выпуск от 22.11.2017,52339,Russian
C_TGr2YuLzE,ЮBEHTУC - БAPCEЛOHA. ПОДРОБНЫЙ OБ3OP MATЧА. 22.11.2017 (HD),63810,Russian
Pq3G-nzMkv8,Владислав Иноземцев - Персонально Ваш... 21.11.17,10436,Russian
IWOnfhGl3-I,Ögey ana (42-ci bölüm),30688,Russian
Vfe0qAg53j4,Есть ли шансы спастись у экипажа подлодки San Juan?,5428,Russian
LA4rWWKtbNw,Вопрос-Ответ Пякин В. В. от 20 ноября 2017 г.,53646,Russian
rVOpmjjYuFE,СМОГ ЛИ ТОЛСТЯК СКИНУТЬ 20 КГ? / ПРЕСС СТОЛЯРОВА / МАША ГОТОВИТСЯ К МИЛАНУ,169318,Russian
8RNrJonpzl0,НОВОСТИ. ИНФОРМАЦИОННЫЙ ВЫПУСК 21.11.2017,80536,Russian
QrlcwCcGIJI,Реклама Ферреро Роше - Дмитрий Хворостовский (Тореадор),21039,Russian
BYzdgJseGzc,ДЕВА- ТАРО прогноз на ДЕКАБРЬ 2017 года от Angela Pearl.,11611,Russian
4zEkXtctXAQ,"Одичалый кот очень боялся людей, но доброта творит чудеса...",17955,Russian
eddUjvrG-RQ,10 идей для зимнего декора комнаты / DIY новогодний декор 🐞 Afinka,348122,Russian
8jYaU027ZLE,Духовное лечение. Есть ли смыл в телесном исцелении? (прот. Владимир Головин),10648,Russian
LgMLY-38kAI,Хворостовский оставил необычное завещание: мир потрясен!,22157,Russian
2FUFJSbrfFA,Специальный выпуск с Вадимом Такменёвым: Памяти Дмитрия Хворостовского,28381,Russian
EpYZwIabhX8,Отель Элеон - финальный сезон - 3 и 4 серии,32710,Russian
wzlqHm8M7H0,День пресса | Чуть не сломал спину в Казани с 27 метров,96797,Russian
jLc74bLRof0,"Что нового? [Я пират, наконец то купила карту, вышила и оформила подарочный набор]",8320,Russian
jrf7r0Hufag,"Салянова инисинин ӨЛҮМҮ боюнча БИЛДИРҮҮ жасап, ИИМ туура эмес маалымат берип жатканын айтты",71572,Russian
qxNXMLNM1MI,Kisabac Lusamutner eter 22.11.17 111.Gerdastane Shenqum,29878,Russian
BpnZmFhONoM,Боруто 34 серия русская озвучка (2 часть),8129,Russian
RTc4sfJpRQg,Загляни на кухню «Отеля «Элеон» вместе с START.ru,42597,Russian
FcJ5rKtEus4,Памяти Дмитрия Хворостовского: не стало великого оперного певца. Прямой эфир 22.11.17. Трансляция,131004,Russian
1f-Cdl1HvNA,Вячеслав Мальцев | Плохие новости | Артподготовка | 22 ноября 2017 / Часть  1,5765,Russian
7SKlQ0fPlZk,DOTA Adrenaline Cyber League FINAL LIVE🔴(RU)|VIRTUS.PRO|VS|Na'Vi||BO-5 FINAL,101436,Russian
RnoeO0CVHck,"ЛУГАНСК И ДОНЕЦК ОБЪЕДИНЯЮТСЯ, ПЛОТНИЦКОГО СПИСАЛИ?",226471,Russian
60A1EaHGbNs,ВКУСНАЯ МЯСНАЯ ЗАКУСКА ДЛЯ НОВОГОДНЕГО СТОЛА МРАМОРНОЕ МЯСО | CHICKEN APPETIZERS RECIPES,38143,Russian
V9LcDUFjBJ4,Обзор новой Windows 10! Обновляться?,109122,Russian
9FCc7ANV1L4,Валентин Катасонов - Что стоит за з@держанием Сулеймана Керимова 22.11.2017,5883,Russian
xhjeM6y4JCM,САМЫЕ ПОПУЛЯРНЫЕ ЗВЕЗДНЫЕ ДЕТИ НА ЮТУБЕ: Топ 5 самых популярных детей звезд шоу бизнеса!,8190,Russian
ac6fKQwpEO0,"Торт СНЕЖИНКА  Белоснежный, воздушный и нежный как ПУХ!",17973,Russian
t9cSjpUTnjI,НОВЫЙ ДИВАН НАКОНЕЦ-ТО ПРИБЫЛ ДОМОЙ!! УДОБНЫЙ ДО НЕЛЬЗЯ)),12066,Russian
W4-kaFOjxho,Козицын о ситуации в Луганске,19024,Russian
nPZ-hJkWeHU,Пусть говорят - Почерк Мишулина: сколько всего детей у народного артиста?  Выпуск от 21.11.2017,164686,Russian
yTo4i2GXCRw,Как снять красивый ростовой портрет?,5134,Russian
aJDn5Astwk0,"КҮНБҮГҮН/ Атамбаев вазирин сыйлап жатып, аялыма “Эрдик” берсем болмок деп тамашалады",33058,Russian
X8kmHeWgpVc,Наталья Андрейченко. Судьба человека с Борисом Корчевниковым,36138,Russian
ZdLSDUbr83w,ФЕНОМЕН НАРОДА ХУНЗА,5423,Russian
CiSMTP37-Gc,ПОСЫЛКА С ХОРОШИМИ СЕМЕНАМИ ЦВЕТОВ ОТ СЕМПОЧТЫ! НАШ АССОРТИМЕНТ.,9035,Russian
eQm5bf6fxQQ,Экспресс Сегодня # 345,3918,Russian
yzc_FuaooYE,ТЕСТ: СМОЖЕТЕ ЛИ ВЫ ОТЛИЧИТЬ ОРИГИНАЛ ОТ ПОДДЕЛКИ?,87690,Russian
QFAnepkcKaY,Новости на 5/TV канал 22.11.2017 Последний Выпуск 22.11.17,29710,Russian
ZaUKiSSYq_4,Мясной Салат МУЖИКИ,30875,Russian
D86RGaKYIK0,ЧП-САРАТОВ. ПОЕЗД ПРОТАРАНИЛ НА ПЕРЕЕЗДЕ ПРОЕЗЖАЮЩИЙ ГРУЗОВИК,4597,Russian
zcYQs4Uh8zk,САТАНОВСКUЙ ЭКСТРЕННЫЙ ВЫПYСК 23 11 2017,8749,Russian
PEsdrkS1y8k,Арабский Toyota Crown на Левом Руле и Карбэ,97360,Russian
Yj7Z4Nrixes,Полнолуние 2 й фраг к 21 серии русские субтитры.,13442,Russian
MiJv5A_eDk8,Мой новый комп - Часть первая - Выбор дизайна - Итоги конкурса,43831,Russian
3vSgASslu1E,Новое интро для Endertale (дата выхода в декабре),7029,Russian
ozNr1-zAsdY,Платье спицами. 1-я часть. Базовая модель.,11588,Russian
SR6yPCDr3b0,❤ наращивание АКРИЛАТИК ❤ COSMOPROFI ❤ НОВОГОДНИЙ дизайн ногтей ❤ Дизайн ногтей гель лаком ❤,6616,Russian
zldwWIy7I68,Ko’sem / Косем 58-Qism (Turk seriali uzbek tilida),4306,Russian
x7YZLYPvwCo,RUSSIA 🇷🇺 - EXCLUSIVE REHEARSAL FOOTAGE - POLINA BOGUSEVICH - WINGS - JUNIOR EUROVISION 2017,17592,Russian
4G0y6SG0704,"Дмитрий Джангиров: Мы вступаем в эпоху турбулентности, где значение приобретают символы",72945,Russian
VDv62Q9ixJM,Космические подарки и астрономические донаты,54469,Russian
TwyVEuyljkY,Скончался оперный певец Дмитрий Хворостовский,11049,Russian
8zJc4hgloPo,Экс-сотрудник Генеральной прокуратуры ЛНР дал показания по факту фальсификации «госпереворота»,12333,Russian
iJMMPB2UZg0,ОБНОВЛЕНИЕ БАЗОВОГО ГАРДЕРОБА | Новинки ОДЕЖДЫ из ФРАНЦИИ,23904,Russian
FSheQDmTFN4,Прощальное видео с BMW 330d,97967,Russian
QyE3npP47zo,Арест Керимова - атака на Россию,33652,Russian
4RfoSptS8js,ИКЕА НОВЫЙ ГОД 2018❄ 4 часть ОТДЕЛ СВЕТА НОВИНКИ IKEA❤ ТИП ТОП ТВ,6677,Russian
ozG32Ld-OvE,Революция в ЛНР? Переворот в ЛНР? Плотницкий против Корнет,18438,Russian
rMwa7iGTsqM,"WoT Blitz. Чёрная пятница. Скидки, камуфляж, контейнеры",35362,Russian
h3n3xn7PswI,Когда батю вызвали в школу,72443,Russian
huAyccfIIsc,ВОДИТЕЛЬ от Бога 80 УРОВЕНЬ Экстремальные водители за рулем!,2228,Russian
kMmaKtAShts,"Иностранцы Слушают: БАСТА, CARLA'S DREAMS, TOMMY CASH, АФФИНАЖ",33409,Russian
Gg4Ij5i4r-o,Света Дейдример обрезала волосы под трэк Lil Peep,40484,Russian
a7iK40wEOqI,"Место встречи 22.11.2017 (ВТОРАЯ ЧАСТЬ) Отношения Ykpaunы, России и 3anaдa?!",14189,Russian
QKonXO7b12w,Бузовой всегда зеленый свет,4456,Russian
NVjxo_y7RDs,"СЧАСТЛИВАЯ ПАРОЧКА 2017 Русские Мелодрамы, Русский Фильм 2017",32995,Russian
kHaxInmsZcM,"Два щенка сидели, прижавшись к стенке…",12398,Russian
Nt_2236Tzl4,Территория заблуждений с Игорем Прокопенко. Выпуск от 22.11.2017(HD),8600,Russian
3nCi0gkvs6o,"❗ Игромания! НОВОСТИ КИНО, 22 ноября (Лига Справедливости, Рэмпейдж, Квентин Тарантино, Харли Квинн)",39777,Russian
dTlEJCKnmXU,ИНОСТРАНЕЦ НИКОГДА НЕ ПОЙМЕТ ЯПОНЦЕВ. Чужак в Японии. Я ничего не знаю о Японии,29395,Russian
i_tk34aWW7U,ATA OCAĞI serialı - ANONS 48-cı seriya,7162,Russian
CddWtmy3KSU,"КАК ВЕСТИ СЕБЯ С ЗАГАДАННЫМ ЧЕЛОВЕКОМ , ЕСЛИ ОН ВЕРНЕТСЯ? ГАДАНИЕ НА РУНАХ",7141,Russian
vDcQ8gaFDSw,НЕ САДИСЬ ЗА РУЛЬ ПЬЯНЫМ! - социальный ролик от Дизель Студио -  Украина,7691,Russian
ivvAuksQoLk,Как сшить платье из жаккарда |TIM_hm|,6632,Russian
PJ_IfoAf1fI,"Запрет Apple, новый флагман Samsung, OnePlus 5T ТАЩИТ | Droider Show #318",74543,Russian
wbq8l9_86xo,Обнуление диктатора,130106,Russian
prmfMvApvZY,с 1.01.2018 всех водителей кинут на 24000 руб/ЭРА ГЛОНАСС/нарушение ПДД и ОСАГО дорожает,280870,Russian
QRc-d-iWNLI,Яков Кедми: Мировые лидеры аплодируют Путину. Ему удалось решить «нерешаемый вопрос» 22.11.2017,10778,Russian
9gGxw4Eb2fo,ЧТО ТАКОЕ СКРРАА ПА ПА КА КА КА СКИБИКИ ПА ПА? The Ting Go SKRRRA PAP PAP KA KA / BIG SHAQ,93256,Russian
xGw4HtmDaLM,Мени рэкет экенсиң деп суракка алышты дейт окуучу кыз,20224,Russian
c617gIJKCBk,"Мураев: если проанализировать убийства на Майдане, то они не были выгодны Януковичу 21.11.17",44764,Russian
GA77KELWx8U,Финал РЕАЛИТИ-ШОУ Вызов или нет? Малышка облажалась или заработала миллион? Смотри финал реалити шоу,87904,Russian
EQqMQ9n3tRE,Крутая самоделка. Сделай и себе это нужное и простое приспособление из ОБЫЧНОЙ ДИСКОВОЙ ПИЛЫ. Советы,89677,Russian
bFF8tzQt-wU,"ПРЕМЬЕРА 2017 ПЛЕНИЛА СЕРДЦА ЗРИТЕЛЕЙ [ ПОДЛЫЙ ОТЕЦ ] Русские мелодрамы 2017 новинки, фильмы 2017",53969,Russian
39idVpFF7NQ,Roy Moore & Jeff Sessions Cold Open - SNL,2103417,English
9wRQljFNDW8,Dion Lewis' 103-Yd Kick Return TD vs. Denver! | Can't-Miss Play | NFL Wk 10 Highlights,81377,English
VifQlJit6A0,(SPOILERS) 'Shiva Saves the Day' Talked About Scene Ep. 804 | The Walking Dead,104578,English
ZAQs-ctOqXQ,One Change That Would Make Pacific Rim a Classic,295639,English
YVfyYrEmzgM,How does your body know you're full? - Hilary Coller,78044,English
eNSN6qet1kE,HomeMade Electric Airplane,97007,English
vU14JY3x81A,How Can You Control Your Dreams?,115791,English
6VhU_T463sU,The Making of Hela's Headdress from Thor: Ragnarok,224019,English
_-aDHxoblr4,Is It Dangerous To Talk To A Camera While Driving?,144418,English
JBZTZZAcFTw,"What $4,800 Will Get You In NYC | Sweet Digs Home Tour | Refinery29",145921,English
lZ68j2J_GOM,Using Other People's Showers,33980,English
dRpNZV18N_g,SPAGHETTI BURRITO VS SPAGHETTI BURRITO,223077,English
fcVjitaM3LY,78557 and Proth Primes - Numberphile,80705,English
qeWvgZLz9yU,A Smart... MUG?! - Take apart a Heated Thermos!,120727,English
iIxy3JN3-jc,LeBron James admits he was ripping Phil Jackson and thinks DeShaun Watson should be the Browns qu...,27943,English
n30k5CwLhS4,Nick Andopolis: Drummer,50867,English
U0hAC8O7RoI,"I TOOK THE $3,000,000 LAMBO TO CARMAX! They offered me......",98378,English
CBVGjS_EJok,Amazon Christmas Advert 2017 - Toys & Games,26000,English
hz7ukDjuq4w,What's Inside a Detectives Car?,67661,English
0mlNzVSJrT0,Me-O Cats Commercial,98966,English
Om_zGhJLZ5U,TL;DW - Every DCEU Movie Before Justice League,288922,English
e_7zHm7GsYc,Hunter Hayes - You Should Be Loved (Part One Of Pictures),13917,English
dQvIbulWCM4,Celebrities on Thanksgiving 2017!,605932,English
zZ9FciUx6gs,Nickelback - The Betrayal Act III [Official Video],57169,English
PaJCFHXcWmM,U2 - The Blackout,60506,English
goP4Z5wyOlM,Iraq-Iran earthquake: Deadly tremor hits border region - BBC News,34785,English
NZFhMSgbKKM,Dennis Smith Jr. and LeBron James go back and forth,945,English
0tO_l_Ed5Rs,Matthew Santoro - FACTS (Official Music Video) f. Ellevan & Humble the Poet,328330,English
STI2fI7sKMo,"AFFAIRS, EX BOYFRIENDS, $18MILLION NET WORTH - GOOGLE US | Shawn and Andrew",321053,English
BWPrk9PUwQE,iPhone X vs Makeup Transformation (Face ID TEST),1456472,English
ogYum4kWXgk,People are Awesome & The Pet Collective present Pets are Awesome!,69844,English
sbcbvuitiTc,Stephon Marbury and Jimmer Fredette fight in China,956169,English
zNqCVTs38nU,Heidelberg's nifty hook-and-lateral to the left tackle,4569,English
DM-ni_LSOFE,"ELDERS REACT TO iPHONE X (Facial Recognition, Animojis)",2045386,English
c-3JxzN2u34,Lin-Manuel Miranda's next act: Helping rebuild Puerto Rico,6473,English
069D0NmW39o,"Wildest Superstar distractions: WWE Top 10, Nov. 11, 2017",1044813,English
KODzih-pYlU,BLIND(folded) CAKE DECORATING CONTEST (with Molly Burke) // Grace Helbig,197062,English
w0XYVssCKjw,JaVale McGee's Parking Lot Chronicles: Episode 3,162597,English
9XSULcLI6Hg,Kellyanne Conway on Roy Moore This Week Abc: Trump’s Not Being Briefed On This Bit By Bit 11/12/17,9132,English
pjuPpVLXDQg,Train Swipes Parked Vehicle,7265,English
9xSx-5tmq44,Daddy's Home 2 - Movie Review,291597,English
4v0nOAzcG2A,The Super Google Pixel 2 Camera Upgrade!,290801,English
oTObwUiXdYY,"7.3 Magnitude Earthquake Along Iraq-Iran Border Leaves At Least 400 Dead, 7,200 Injured | TIME",5304,English
PABlVzeldaM,U.S. Navy Three Carrier Formation in Western Pacific Ocean,105058,English
6340tX9M_eM,Batman: Gotham by Gaslight - Exclusive Trailer (2018),537715,English
8mhTWqWlQzU,Wearing Online Dollar Store Makeup For A Week,2744430,English
t4YAyT4ihIQ,Getting My Driver's License | Lele Pons,3358068,English
MNiweoKXwfg,Watch Norman Reedus Come Face to Face with his ‘Walking Dead’ Double,4732,English
UFYCTJlayS4,Top 10 iPhone Apps for Productivity & Content Creation,52591,English
cccyOn99s4Y,Reacting to Running a Half Marathon | MEGANBYTES EP. 101,75822,English
abGCYPCk294,"Justice League Reactions, Should Disney Buy Netflix - The John Campea Show",43715,English
lY_0mkYDZDU,Foster The People - Sit Next to Me (Official Video),303956,English
k8NxqyGcZA4,Rosie O’Donnell On Donald Trump’s Hostility Toward Her | WWHL,238643,English
IE-xepGLVt8,Mayo Clinic's first face transplant patient meets donor’s family,237307,English
ObIQ0s02UHg,Jason Derulo - Tip Toe feat. French Montana (Official Lyric Video),1282413,English
cOc3tsFWoRs,Jason Momoa & Lisa Bonet: Love at First Sight,1497519,English
AJYb0Yom5UQ,Howard Stern: George Takei Talks About Harvey Weinstein and Sexually Assault,148226,English
gLswXiRLdkA,A VERY #EXTRA EBAY SHOPPING HAUL!,484185,English
wJYE0sFOteE,Inside the Cheese-Aging Caves 30 Feet Under Brooklyn | I Got a Guy | Bon Appétit,92523,English
L_5_slz4ke4,Some NFL players call for an end to Thursday night football after 8 players were injured last week,7524,English
OKoL852K9uA,ICE PRIMER? DOES IT WORK?!,103927,English
pa_oUisZZy0,Mark Ruffalo Reads Hilarious Thirst Tweets,177707,English
fNtLIcyjsnI,"Game Night Official Trailer #1 (2018) Rachel McAdams, Jason Bateman Comedy Movie HD",1751064,English
_Iz83-Cmt6A,Little Big Town with Jimmy Webb - Wichita Lineman (Live from the CMA Awards),46746,English
YlvCVbfS9M0,Alan Walker - All Falls Down (Behind The Scenes),746092,English
arJ5h2TY3I4,FANTASY (feat. Amber Liu) by SUPERFRUIT,836830,English
-2RVw2_QyxQ,2017 Champions Showdown: Day 3,67429,English
-OK9i1_YYYc,Animal Adventure Park Giraffe Cam,45455,English
e4FApt6z55c,Kimbra - Top of the World (Official Music Video),165698,English
2XK4omx9uMU,Camila Cabello COMPLETELY NAILS 'Finish The Lyric',836544,English
xfmipNU4Odc,Edna's registered owner thought she was dead for 2 years!!!,284666,English
RkHuWjiR-LM,Neck Deep - Parachute (Official Music Video),195685,English
fCTKDn3Q8xQ,Idiot's Guide to Japanese Squat Toilets,1098897,English
wnwF1FHybDQ,Mark Wahlberg's Kids Use Him for His Celeb Connections,225286,English
9oFP-pOMNwE,H&M Holiday 2017 starring Nicki Minaj – official teaser,264793,English
yuBqWcSKrCk,"Owen Wilson on Meeting Julia Roberts, and Tandem Biking",304926,English
x9mh-SwSKas,Surprise After Surprise | October Vlog,247319,English
uiA4B5Y63IQ,THE SHAPE OF WATER - Final Trailer,296434,English
viyRD5z6ilQ,Luke Bryan - O Holy Night (Audio),125962,English
fbHbTBP_u7U,NF - Let You Down,1774018,English
tOFkFZbPdnQ,Typical audience reaction to a bass solo...,493662,English
dW4wpGg64pE,Meryl Streep Meets Anna Wintour at Vogue,1017803,English
2VP846QcA_4,I Trained To Become Batman 🦇 (Justice League),139955,English
_dhneCO4YEE,"Russian Bots and Trolls | November 8, 2017 Act 2 | Full Frontal on TBS",362009,English
Rq9-mW6HgQE,Sean Astin Knew Nothing About 'Lord Of The Rings' Once Upon A Time,844653,English
k29YnfttqEU,Mean Tweets – Country Music Edition #3,1315873,English
Eg_kW5fw6qU,Could Anastasia Become A Disney Princess?,188003,English
PkRBTF6nt4E,Tesla's biggest problem is one nobody saw coming,125970,English
htvR_dBs3eg,Sam Smith - The Thrill of It All ALBUM REVIEW,98422,English
1Wk8ZRgXQnY,Andy Grammer - The Good Parts (Official Audio),33315,English
lsfzA7sWlOM,L.A. Noire - Nintendo Switch Trailer,154872,English
RQDphL2MVlM,Everything I Wore This Week! Outfit Diary 1,72626,English
X7flefV8tec,"President Bill Clinton On Dictators, Democracy, & Why We Need Immigrants More Than Ever",366180,English
cYw-oyJ7AEY,"Pitbull, Stereotypes - Jungle (Lyric Video) ft. E-40, Abraham Mateo",264511,English
6nJw-jPQYVI,A Day in The Life of David Letterman,192609,English
5x1FAiIq_pQ,Alicia Keys - When You Were Gone,95944,English
6Detw08jRhs,MDNA SKIN: Express Yourself,53321,English
5gFpcEKayz4,MØ - When I Was Young (Official Video),764716,English
zy0b9e40tK8,Dark | Official Trailer [HD] | Netflix,378750,English
Y6eKxjMA9ek,"Dropping And CATCHING A Paper Airplane At 2,000 Feet!",175852,English
Q6Usd3_fbq8,Improvising in the style of different classical composers | Practice Notes 34,5149,English
F-j_6IuaYfw,I Miss the Old Taylor,476389,English
_qSW96a2aKY,Keith Urban - Female (Official Audio),754558,English
afgvlR9WmIQ,Maroon 5 - What Lovers Do (Live On The Ellen DeGeneres Show/2017),762616,English
_CJN_ryETIY,Harry Styles canta Sign Of The Times a X Factor Italia - Live Show 3,199429,English
YqH4eWR7jDQ,"The Oak Beams of New College, Oxford",6412,English
r96KpNTcog4,THE MOMENTS BETWEEN THE MONTAGE | Chris & Jack,108618,English
B4gXsobd_ao,What Are Diminutives – and Why We Like Them,79306,English
x8eLIJAM58M,KUWTK | Scott Gets Upset Over Being Uninvited to Khloe K.'s Party | E!,812007,English
6V_aZsATDsM,"Chapter 28: I Love My Baby But, I Miss My Dad",55398,English
qg0GdM60syI,Huffy Metaloid Bicycle Commercial 1997,773,English
8j_BYfVEyhA,"O.T. Genasis Talks About His Come Up, Opens Up About His Son's Autism  + More",581288,English
9ymjcSvEyhk,Enter Shikari - The Sights (Official Video),99619,English
oB3SAI2oCqk,Caterham Chris Hoy 60 Second Donut Challenge,4850,English
08nkwgZIE4I,P!nk - Barbies (Audio),651036,English
5Smb3tZD1Qc,Tamar Braxton Talks Divorce In First Interview,451356,English
YHDbsyyjld0,A Tropical Island with 500 CATS!,46571,English
uyl6WtHEYOQ,Fire breathing full twist backflips in one minute - Guinness World Records Day,28539,English
bhoFXkVy8JA,Basmati Blues - Trailer,12609,English
_w58R1OGQFA,Train - Have Yourself a Merry Little Christmas,30021,English
BEweWXa5Twk,FACE SURGERY WITH MAKEUP,471266,English
egXr0PU-kCY,BEAUTY GURU GETS A MAKEOVER... FINALE,1073134,English
fIQ2Ty2OL34,"James Harden Triple-Double 2017.11.09 vs Cavs - 35 Pts, 13 Asts, 11 Rebs, 5 Stls, 2 GOOD!",18573,English
d_j512i2k6c,Could an Earthquake Destroy USA - Biggest Earthquakes Ever,250193,English
4d07RXYLsJE,Sphaera - demonstrating interaction,1827,English
0lbJHqAGpbA,Dog reunites with her family,51143,English
JuP1Z8xpRb8,Brian Justin Crum - Wild Side,27010,English
1640fZpYBSY,I love the Price is Right! Wooo! -Kevin,358597,English
M2-IpsWQUWs,Katy Perry - Swish Swish (Behind the Scenes with Just Dance),56012,English
7m630xvAJtA,I'm With Her - See You Around [Official Audio],6148,English
CO9dIyNM_9Q,Pitcher Roy Halladay Dies After Crashing ICON A5 Plane He Promoted in October (File),244532,English
Mfiim71QdYQ,Obama arrives for jury duty at Daley Center,33768,English
UFPSIa1cLRQ,Phillip Phillips - Magnetic (Audio),38068,English
o78x918zbFk,TOTAL FAIL! NATASHA DENONA HOLIDAY WTF,1277364,English
6ixU_vdE0Es,BOYFRIEND DOES MY MAKEUP | Madelaine Petsch,280065,English
wRGldR_SQAA,Apple Clips sample,2259,English
agKDPntMv-E,Stephen A. Smith slams the Philadelphia 76ers for its 'Trust The Process' | First Take | ESPN,470191,English
Xl38SuxyrgM,"STEPH CURRY and OMRI CASSPI, postgame GSW (9-3) vs MIN: peaking?, turnovers, Casspi role",16305,English
u7pV4vxD1bs,World's first self-driving shuttle crashes on first day of use,169511,English
zYWt2mnalP8,How To Do Thanksgiving Makeup That Has Nothing To Do With The 566 Federally Recognized Tribes,160477,English
6hTzM1BPdU8,Kids Describe America to Koji the Illustrator,130778,English
MCW5HUkrr-o,Impossible Active Audio Noise Cancelling by Muzo,560569,English
dUMH6DVYskc,Ten-Year-Old's Face Unlocks Face ID on His Mom's iPhone X,390964,English
L3br0klRqF4,Watch live: Sessions testifies to the House Judiciary Committee,137003,English
p2EY93WfBQk,Is the Morphe 3502 Palette Worth the Hype? | Jackie Aina,175539,English
xL_qpDkF5A8,American Crime Story Season 2: The Assassination of Gianni Versace Trailer (HD),14565,English
KJ12FVmumeA,Stephen A. Smith: Jay Cutler is a 'disease' | First Take | ESPN,200235,English
qDAxDcjgn-8,Taylor Swift - Reputation ALBUM REVIEW,122426,English
815lSYphlbw,Japanese Food Tour with Frank Pinello and Sakura Yagi | Sean in the Wild,145100,English
E_86MEdNsAI,DISNEY SENT MICKEY MOUSE TO MY HOUSE!,52743,English
Cr9oGxr0Qa0,Making Sandals with Zip-Ties and a Laser,121681,English
g0K5QoEj7FQ,Does Gwen Stefani Know If Blake Shelton Is People's Sexiest Man Alive? | Access Hollywood,11404,English
TSqwDQHE1J8,Carey Mulligan Doesn't Tell People She's an Actress,137749,English
MltuW2kcREI,funfetti is extremely fun,126438,English
XrDlDj9DfZs,Lindsey and​ Mark’s - Iconic Dance - Dancing with the Stars,60564,English
Z3OZyb2iWqQ,Colin Farrell Dishes on Rendezvous with Girlfriend,137860,English
Hq89wYzOjfs,Amazon CEO Jeff Bezos and brother Mark give a rare interview about growing up and secrets to success,4009,English
vZzIS17HexE,Taylor Swift Instagram Story - Target 11/14/17,3006,English
yZGSIpcAfEo,Willie Reed and Joel Embiid Fight！Embiid saying HE CANT FUCKIN GUARD ME!,46954,English
zxUwbflE1SY,100 People Hold Their Breath for as Long as They Can,190669,English
7oRdswHqaf8,EARL GREY MACARONS- The Scran Line,20778,English
qC0I5PEhkJo,The perfect ice - Ice boats on Lake Geneva,94694,English
0zk2SwmCpss,"Joel Embiid Full Highlights 2017.11.13 at Clippers - 32 Points, 16 Rebs, UNSTOPPABLE!",63780,English
SGVbdo2CkgI,Victoria Beckham Gives Strangers Fashion Advice for $2 in Central Park | Vanity Fair,18438,English
NfLVVJOuY5M,Stunning MTB masterclass: Matt Jones | Frames Of Mind,71661,English
F388-6yDDpc,Cowboys vs. Falcons | NFL Week 10 Game Highlights,935879,English
KhdecX0qjNA,Demi Lovato - Sorry Not Sorry in the Live Lounge,131153,English
kWIzjMWmuYk,UNISEX TRY ON/CLOTHING HAUL & GIVEAWAY!!!,34138,English
symdi5KSJts,Model Fei Fei Sun Perform Skin-Care Magic | Beauty Secrets | Vogue,144937,English
lBHPVE3AI6Y,Iran-Iraq border earthquake is deadliest of 2017 - BBC News,93322,English
kIUHDwn51y8,Evolution of the Jeep 4x4 Utility Vehicle | Donut Media,93829,English
Lz7dya576HY,Why a New York Ice Cream Shop is Releasing Ham Ice Cream — The Meat Show,31639,English
kqmhCaF5_44,HANSON - Finally It's Christmas (Official Lyric Video),45200,English
EJu_wPGFTw0,"Joel Embiid on win over Clippers, scuffle with Willie Reed and using social media | NBA on ESPN",5813,English
wwZ-T_WQ03A,Rick and Morty: Why Morty Matters,246134,English
vWYyZMH_QjA,Casey Neistat made a video about me,42336,English
VJlSq6h0LNg,HOL HD: Mike Riley Monday Press Conference,6684,English
HBS9783c0BI,Jaden Smith: Watch Me,102639,English
1WDj0DddCcM,WATCH: Sen. Mitch McConnell on tax reform,6685,English
bqgVB6Vl-lI,All of Jim's Best Pranks  - The Office US,200060,English
ZhSk8mPSWCg,'Lord of the Rings' TV Series Gets Multi-Season Order At Amazon | News Flash | Entertainment Weekly,3653,English
qooQd8AA7_M,"Camila Cabello, Daddy Yankee - Havana (Remix - Audio)",5626588,English
9KIP-Ncp2jU,Bill Gates bought land in Arizona to build tech city,85643,English
i4YQRLQVixM,How Bkav tricked iPhone X's Face ID with a mask,1080230,English
Fyyua5JzD9w,Baby loves Jeopardy!,48372,English
9Th4qTv-4jE,dapulse is now monday.com. And there's a good reason why.,3931,English
uTH--XRCGxM,5 Strange Things That Happened to Stranger Things’ Joe Keery on His GQ Photo Shoot,101233,English
ttf_EzEkxBk,"Roy Halladay Plane Crash Video, Witnesses Say He Was Showboating | TMZ Sports",3505996,English
l7je4VAUvjA,World's First Engagement Ring Phone Case,90454,English
RTaDvKMtUeA,Larry David Outtakes – Mean Tweets About Jimmy Kimmel,760341,English
C4YNcqNF4hg,Joe Keery Talks About His Famous Hair,211596,English
mcqWcLDUeag,Kim Kardashian Explains Her Family's Rumor Control Rule,79863,English
-oXybog2IuI,24 Facts about Koalas - mental_floss List Show Ep. 522,21740,English
oRF2-ZloSqg,"AJ Styles & Daniel Bryan warn Brock Lesnar about what awaits him: SmackDown LIVE, Nov. 14, 2017",845763,English
4ftGS_6i7mM,Bill Belichick Addresses the Midshipmen | A SEASON WITH NAVY FOOTBALL | SHOWTIME,15232,English
upEIZAihcwo,Devin Booker has words with Lakers assistant Jesse Mermuys,10838,English
Jidk0O6uu-0,Granulated Sugar From Honey,52607,English
64IIfxDrhJY,Titanic (2017) - Dolby Vision Trailer,17129,English
k-w8GxCpsCU,John Collins' Best Dunks So Far This Season,2394,English
yxFdue1dCtE,NBA Daily Show: Nov. 14 - The Starters,128892,English
aAm6AHr14zY,Devin Booker And Julius Randle Wildcats Fight！“You The Full Of Shit”！,98396,English
ryqZUqgjvW8,Justice League - Movie Review Is It What We've Been Waiting For?,90641,English
I-5CODzeGEE,The Last Jedi Bingo,62185,English
FEjZiCPuvqQ,A New Hybrid Cat Arrives,30576,English
3x0usYgljOk,"Jayson Tatum Full Highlights 2017.11.14 at Nets - 19 Pts, 3 Stls, SMOOTH!",12494,English
R9c-_neaxeU,MENACE: the pile of matchboxes which can learn,100472,English
VonJ4ASDO40,Remy Ma is on Top of the World,414929,English
iyrefjMs64k,Inside Danica Roem's Historic Victory,34221,English
GKUE2U2qlzY,Jordan​ and​ ​Lindsay’s - Iconic Dance - Dancing with the Stars,214305,English
SFdO-19Xdho,Clean Bandit - I Miss You feat. Julia Michaels in the Radio 1 Live Lounge,37575,English
qK8AcryiniI,Donald Trump makes ASEAN handshake photo op go awry,59466,English
KLZl_sxSN_g,WWSB Channel 7:   Sarasota Police stepping up pedestrian and bicyclist safety enforcement,1338,English
QKwgif8OW1w,Vostok Brompton Beach Ride,1118,English
-JVITToppE0,Coach Taggart Monday Presser Ahead of Arizona,687,English
sH0Agabp3Rs,Lord of the Rings TV Series Lands At Amazon & Will Explore New Stories,8088,English
eijd-yjXY9E,Apple iPhone X - One Week Later,9036,English
fGTfbMioezc,Marvel's Inhumans,5119,English
G8gJ4RTBxcg,Coconut crab hunts seabird,465893,English
vKbyfdJXoDg,Jordan Peele Crashed A 'Get Out' College Course,406769,English
Nz0qoOgyWSQ,"The Talk - Eve Reacts to Nicki Minaj's Racy Magazine Cover, 'I just don't think it's right'",228846,English
eDelIZDzmwQ,Blake Shelton Is Milking His Title of Sexiest Man Alive,340348,English
t1Liix4gi7k,Gigi Hadid Gives Jimmy the Only Men's Pair of Her EyeLoveMore Mules,1035804,English
CziCidR4KcY,Mariah Carey - The Star,177348,English
U5sCjnezw4o,Jaylen Brown delivers emotional press conference after losing his best friend | Boston Celtics,5938,English
oMupq6zB1Tc,Should Hillary Clinton Be Impeached?,769769,English
Y2-JjnW3w2g,"Who Matt Reeves Wants As Batman, Is Basmati Blues Culturally Insensitive? The John Campe Show",39504,English
PGWBA_OzCE4,Deadpool 2 Teaser Released - Movie Talk,59190,English
YjBB89qsupM,Diplo - Get It Right (Feat. MØ) (Official Lyric Video),360001,English
UC34HrZhfPM,"Kyle Kuzma Full Highlights 2017.11.15 vs 76ers - 24 Pts, 7 Rebs!",23429,English
KOUxLhYVgGw,Rosé Facial in New York City,6582,English
9WT7NU3Rwr0,"Ben Simmons | Highlights vs Lakers (10.15.17) 18 Pts, 10 Asts, 9 Rebs, 5 Stl, 1 Blk",12831,English
6j-s9E3dRQ0,F The Prom (2017) | Official Trailer HD,378984,English
dnA3Cd5xG5A,How Maybelline Mascara Is Made | How Stuff Is Made | Refinery29,22383,English
LduRwIc7eBA,Kesha - Learn To Let Go in the Live Lounge,28169,English
VSVXhc5LlII,"The Crazy 5,000hp Devel Sixteen is REAL! | FIRST LOOK",298744,English
rRsstfoKQeo,Roomba Rodeo,12858,English
DVAMKnfrQBk,Aly Raisman On Dr. Larry Nassar’s Medical Treatment: I Didn’t Know It Was Abuse | Megyn Kelly TODAY,83497,English
x-uBFJLY8Ow,Designing for Small Batch Low Volume Manufacturing: Vacuum forming,3591,English
qrPPj3e2M-M,Darth Vader Mask Fail,66800,English
QiIlcKiREUU,Behind the Aly Raisman interview on 60 Minutes,42422,English
asu37n6sEBY,Chris Stapleton - Tryin' To Untangle My Mind (Audio),133092,English
ZpS-w6BxN-U,Search Party with Tim McGraw and Faith Hill,178325,English
mNhxFzR25Rs,Lin-Manuel Miranda and Macey Hensley Face Off in Historical Trivia,185707,English
djlaHJCXT4o,Transparent: YAS QUEEN,33260,English
88kkrRv1UgI,What Happens to You if You Upload Your Mind to a Computer?,187278,English
kz3MEd1Jr0Q,Steve Aoki x Lauren Jauregui - All Night (Lyric Video) [Ultra Music],248793,English
By6Mi7VlqcU,Eminem speaks on working with Beyonce,26393,English
6GT7PrIIS5I,Making loaded dice,123751,English
VNqrILFD5h0,Macklemore’s Naked Justin Bieber Painting | WWHL,31816,English
Pubtjn5QIjg,Doing A Gift Exchange MY WAY! | Lauren Elizabeth,50702,English
gk05IMU2RrU,Huge Fall Try-On Haul | Eggie Drop II,89852,English
S_5TyDFx6kc,MTV EMAs FASHION REVIEW w/KRISTEN MCATEE // Grace Helbig,172877,English
pvg2cw5oshg,Luke Bryan - Hooked On It (Audio),57818,English
mHaJ8xsWD3s,5 Days Of Wearing DIY Makeup | Try Living With Lucie | Refinery29,53502,English
cDDF4pPwEUU,"Jaylen Brown Full Highlights 2017.11.16 vs Warriors - 22 Pts, 7 Rebs, 2 Blks!",20772,English
FKA-Jy6nuE0,"Tim McGraw, Faith Hill - Cowboy Lullaby (Audio)",18346,English
pQXwQVaQmGk,"Tracee Ellis Ross on Cher, Michael Jackson & Diana Ross",21007,English
KhxqJzr6FAE,TODRICK RETURNS TO BROADWAY,44284,English
tG4Fbj1B1bY,A Christmas Prince | Official Trailer [HD] | Netflix,47358,English
TsYGNNPQ3ZU,KEEP ME COMING by SUPERFRUIT,82266,English
GIn4CeZq7Nw,Justice League: The B Team,9445,English
szs2GAYwMHo,KUWTK | A Very Kardashian Holiday Sneak Peek | E!,304954,English
AJkOHavUH_A,4 Reasons I Don't Like Thanksgiving || Mayim Bialik,46197,English
kOCkne-Bku4,Lauv - Paris in the Rain [Official Video],178887,English
OlJykKOuank,How to Make Mini Nutella Pies! | Cupcake Jemma,64813,English
AJ2xkh-6tL4,UCLA men's basketball players discuss arrests in China,25521,English
Gnxv9OH-giQ,Ranz and Niana Goes To LA (Carpool Around),331642,English
77McSTzTgg8,President Donald Trump Makes Statement From White House On Asia Trip (Full) | NBC News,38528,English
W8vXDp7NuFs,MOTOR SPORT - Cardi B x Migos x Nicki Minaj Dance | Matt Steffanina cover,293758,English
C_SJgw5MVFY,MisterWives - Oh Love,7544,English
P7zi6oQ4fPQ,#StarOnFox Exclusive Clip for TheYBF.com,1975,English
7xhxjcejONk,Star Wars & littleBits Droid Inventor Kit: Movement,1387,English
J7wMOb0WIfQ,Religion Of Sports Season 2 - Trailer 1,11807,English
QJfL0a3qEKw,Word Sports,13676,English
jGyUVyp9w9g,Chance-giving Monologue - SNL,21046,English
B4mK5OElAFQ,Real or FAKE ANIME?? Pt. 5 - ACTION/ADVENTURE EDITION! | Thomas Sanders,101553,English
dpeDxEb9yeg,Restaurant Vs. Homemade Chicken Parm Pizza,370302,English
D818vkK10UQ,YOGA CHALLENGE WITH TOM DALEY **Got Tasty**,194110,English
FZiCWBplZ90,The King of YouTube,240931,English
nfbwPTsowEA,Dont Hurt Me.,467983,English
JLOFZoBJnd8,TRANSFORMING SUMMER MCKEEN INTO ME!!,365523,English
wJh-jurxmGQ,Will Ferrell Left Speechless as Mark Wahlberg Reveals He Has a Third Nipple! | Good Morning Britain,52602,English
MGanJGGVSrw,Sia - Ho Ho Ho,610459,English
UB1cGaIW81I,Diana Ross Lost Her Fanny Pack,43202,English
iASe_veKR74,Tove Lo - cycles “Audio”,126419,English
KGziD2V8Ppw,"Imagine Dragons, Miss Congeniality - Whatever It Takes (Miss Congeniality Remix/Audio)",433978,English
IeTTfquV0iE,Chloe x Halle - I Say So (Audio),7108,English
QaASZecxQww,[HD] Julia Roberts Interview On Today Show 11/16/2017,3545,English
FvoPOdop0hA,Small Truck VS  Strong Wind,12212,English
g3VgrgV3kFk,John Thrasher: Jimbo's here forever,920,English
p7KHGUwqF24,Flying the Textron Scorpion,3748,English
fdpYWltgYMk,Tegan and Sara present The Con X: Covers – Floorplan – Sara Bareilles [OFFICIAL VIDEO],5258,English
aHsfKnrNCG4,mad eye moody - moving eyeball prop,3390,English
CvpwGru3s7s,BALL SURPRISE PRANK (woody and kleiny),2421,English
rO_mAQC9bv0,Amazon.com commercial Xmas 1999Magnetic Whale Art,15382,English
aujUl3yt6nM,Quad9 How To Install with Windows,4759,English
xhBMUFDdiok,Gin Wigmore - Cabrona,4843,English
D-DYWvnrFs8,DOCTOR DOG - Topi the Corgi,26473,English
AZQvPibYXRo,Giants vs. 49ers | NFL Week 10 Game Highlights,784937,English
8sAApdJdG3A,Chiefs vs. Giants | NFL Week 11 Game Highlights,226800,English
A6-P1-xxF9Y,American Influencer Awards 2017,66888,English
xnBtEib-H9E,"What $2,250 Will Get You In NYC | Sweet Digs Home Tour | Refinery29",42224,English
hLgIghY-FGc,I Tried to Bathe All My Pets,446368,English
9Tb3xPmr3yg,Search continues for missing Argentine submarine with 44 crew members onboard,29041,English
NNywashg_mw,Is Chip Kelly interested in Gators job? | SportsCenter | ESPN,16431,English
UrSxvUc5R6Q,JUSTICE LEAGUE Spoiler Review and Discussion,44805,English
wc4v9uT6GWc,Country Music Hall of Famer Mel Tillis has died,13910,English
Q11GPMvTxQE,Zimbabwe's ruling party sacks Robert Mugabe as leader - BBC News,95900,English
wuEKwkTqdw4,LaToya Cantrell elected mayor of New Orleans,17627,English
n47bRyBKjsw,17 Easy Ways To Have The Best Friendsgiving Ever,50934,English
fQvGSkTYJSE,Elon Musk Gives First Look At Tesla's Electric Semi,741859,English
eKwAib6LosM,Miguel - Pineapple Skies (Audio),300653,English
KkhR9z6pAMs,Mali Music and Jennifer Hudson are recording a song!,4970,English
NSgMcs1KdTI,Matoma - Slow (feat. Noah Cyrus),15353,English
5PB2YzNddI8,Jessie J - Queen (Audio),483212,English
YbHdBoHMxK4,Parson James - Only You (Lyric Video),18525,English
aHKzU_rXdw8,Maggie Lindemann - Obsessed [Official Audio],80851,English
WbYqfpnw7sE,The greatest best man speech from 10 year old son.,1820,English
rutlOmdgqgI,FRANKIE - Coping (Official Video),6383,English
R8hccXRk3MI,Cooking A Turkey on a Car Engine,339761,English
FZ_jNGKCIWs,Why do you need to get a flu shot every year? - Melvin Sanicas,128287,English
dLRZTBtdMUg,(HD VERSION) Kelly Clarkson & P!nk Everybody Hurts LIVE at the 2017 American Music Awards!,54002,English
vNya04dlC4I,Highlights from the 2017 American Music Awards,29254,English
ZkPSbp3zTfo,"Come Back, Barack - SNL",2364742,English
X_tYrnv_o6A,Your Amazing Molecular Machines,251683,English
FaJmopuuhZE,Josh Groban - Happy Xmas (War Is Over) [Official Music Video],43667,English
iatq3Rn4vsg,Holding a Baby for the First Time in Slow Motion - First Takes,169239,English
f45Va7jMSx4,HOW TO TAKE KIDS TO A RESTAURANT,90054,English
qv9Gt38LOKQ,OnePlus 5T Durability Test! Scratch and Bend tested!,430457,English
r4a5ZzHclCs,CHERRY CHERRY BOOM BOOM CAKE - The Scran Line,32639,English
Kn5UgGQukYQ,Breaking Bad's Bryan Cranston on Meeting Charles Manson,15058,English
uLHygq6Mm-0,Marvel's Agents of SHIELD Season 5 Trailer (HD),33620,English
aD5dCMBeySA,Wild Turkey Bourbon & Matthew McConaughey Give Back for Thanksgiving,21194,English
cyhU06cXfeU,10 Ways to Tell If You're OBSESSED with Christmas!! Alisha Marie,999867,English
KQkkgD2p3Ow,U2 - American Soul (Lyric Video),78979,English
caN18WcW5XU,"Hailee Steinfeld & Alesso Let Me Go ft Florida Georgia Line,watt AMA live",60079,English
j7I-d1B6HwE,2017 American Music Awards: All The Show-Stopping Performances!,119497,English
VMRIc4ayRlM,JUSTICE LEAGUE A Box Office Disaster - Box Office Report,100504,English
6SjslBAJkJI,Passenger | Simple Song (Official Video),144177,English
WeOwqu6gOPs,Last Workout Before the Victoria's Secret Fashion Show | Karlie Kloss,129902,English
F86S9Uc4mP4,McDonald's Will No Longer Serve This Fan Favorite Drink,191764,English
ZvdTNDMru78,I Tried The Tom Brady Diet And Nutrition Plan,16456,English
Q1EgRiVdT5w,How I Style Outerwear,134020,English
nenhv6uTdmw,CEOs Try to Predict the Future in 10 Years | Vanity Fair,9454,English
c8DogLWrs90,Earthquake Preparedness Kit,26230,English
jPkRGHivRD8,BURGER Menu Taste Test,78860,English
wPib0uRFmC0,The Thegn Thrand Sword Challenge: My Take!,105115,English
b6fepBtNgVM,HAVANA - CAMILA CABELLO (English + Spanish Cover),698200,English
A_mlvG_nRsg,Kelly Oubre Punches John Wall in the Lead during warriors wizards scuffle,2197,English
P1-UTlnjeVg,Compressed Air Engine,56759,English
p3MjsrMNCbU,The Secrets Behind Freddie Mercury's Legendary Voice,138563,English
yc2m1LLa9l4,grown-ish | grown-ish x b-fast club | Freeform,7978,English
80GNn_eIOhI,"Liza Koshy Touches a Bearded Dragon, Chinchilla & Other Weird Stuff in the Fear Box | Vanity Fair",734594,English
OPaybxgucww,"The Walking Dead: No Man’s Land by Hannah Stocking, Anwar Jibawi & Inanna Sarkis",308230,English
bAfn2duIlN8,🎃 How to make Pumpkin Pie Mistakes,76859,English
BQC09Mdn24w,THANKSGIVING SLAY MAKEUP TUTORIAL,204520,English
lfkYyrhWphE,Shawn Mendes - There's Nothing Holdin' Me Back (Live From The 2017 American Music Awards),496742,English
VUBxPuyUD7w,Lindsey and​ Mark’s - Freestyle - Dancing with the Stars,210815,English
vSRAOvhFF1I,Volunteering with YouTubers,48804,English
HL3wvhv9QGg,Greta Gerwig Wrote a Letter to Justin Timberlake Asking to Use His Music in Lady Bird,54392,English
7Bgj9c48zHU,How to do a beauty Vlog for Tarte Cosmetics,38219,English
i2ZHwnKVXK0,Gaining Super Powers,34719,English
A8QY1IRPGTY,BREAKING NEWS: Zimbabwe's President Mugabe resigns- BBC News,84428,English
y86ymJNswlE,AMAs FASHION REVIEW w/ KINGSLEY // Grace Helbig,183369,English
kKFNThEiilU,Voices,49472,English
lJM8qqEy35c,긴박했던 상황...'판문점 귀순' CCTV·TOD 영상 공개 / YTN,52869,English
k3tWCZu42PQ,Trump pardons Thanksgiving turkey,7576,English
MVes87KrWvs,Exposing My Internet Search History,159746,English
ajBJamgZ2nc,Kate Bosworth & Shemar Moore Disagree on People's Sexiest Man,114518,English
YcCrw6d3UX4,President Donald Trump Pardons His First Thanksgiving Turkey At White House Ceremony | NBC News,3346,English
Nt4tJHp27u0,THE END! :(,115921,English
41kp6qN1Crg,NBA Bloopers - The Starters,122161,English
7COF8AhH9Z8,Celebrations in Zimbabwe after Robert Mugabe resigns,21565,English
k-qUBZWor4I,OU QB Baker Mayfield addresses the punishment given to him,10720,English
FrK2j4cPxSc,Trump Breaks Silence On Roy Moore And Offers De-Facto Endorsement,3892,English
c9m52-psUmw,African Grey Parrot swearing in an Irish accent,7432,English
YRRczTwopgA,My Favorite Thanksgiving Recipe || Mayim Bialik,27225,English
RZU5HebzuP4,Rocket Powered Birthday Cake [short version],42737,English
HHtfcjwHERA,Drill Press Machining Hacking/Tips and Tricks: The Basics,4452,English
EsBjHXCG4Us,How Likely Are You to Die During a Black Friday Sale?,403292,English
pi0ePRY7TSc,Terry Crews Says He Was Sexually Assaulted,451381,English
J6iyX87SBP0,Molten Aluminum Deep Fried Turkey (Thanksgiving Special!!!),104510,English
9efQnL-nlUg,The BEST Black Friday Tech Deals!,309852,English
CKPMAICRYuw,Ellen Surprises the Audience with Channing Tatum During 12 Days!,338500,English
NWQqJDGo4Z4,Christina Aguilera - Whitney Houston Tribute (2017 American Music Awards),33892,English
Lg5x-YWxpco,What Went Wrong With Justice League At The Box Office,594981,English
pDf5sHgvo0A,"Ruby Riot, Liv Morgan & Sarah Logan emerge with a surprise attack: SmackDown LIVE, Nov. 21, 2017",707164,English
mH-Sx0lEGjA,Camila Mendes Has Twitter Problems,348854,English
TSW9cla5bmw,"Daveed Diggs Doesn't Always Cry At Movies, Just His Own",81878,English
LqSkYMmyUWU,Impressive Kookaburra call,42513,English
3IaL0li-LWU,Top 10 Black Friday 2017 Tech Deals,42910,English
GyvRamX1VyA,Sneaking in EVERYWHERE for FREE (Yellow Vest Experiment),199355,English
Yq4_YocuVeg,The Crown - Season 2 | Trailer: Philip [HD] | Netflix,41474,English
SJUhFjNfaZY,How to turn your car crash into a catchy song,14071,English
TfHJJeiS-aI,Jordan​ and​ ​Lindsay’s - Repeat - Dancing with the Stars,131771,English
Zxag9p-63RU,12 STRONG - Official Trailer 2,1042458,English
XcUiOyKclOI,Kelly Clarkson - Miss Independent / Love So Soft [2017 American Music Awards Performance],58677,English
pmdVVDkvJXU,"Saoirse Ronan on Harassment, Need to Know There's Support Here No Matter What | Close Up With THR",66181,English
IuYFvaNHJug,Nick Jonas - Find You (Live From The 2017 American Music Awards),112466,English
Yhea380bYp0,Green Day - 2000 Light Years Away,118094,English
NYizLfEYKuY,This Is the Most Expensive Steak in New York City — The Meat Show,160591,English
2a52cBN9qOA,Additional Remains Of Miami Gardens Soldier Recovered,1095,English
v6d1rShfyZk,YouTube Back on Echo Show,2869,English
mN4JWnTOSmg,Drake - Virginia Black commercial,15117,English
t5SXnaaOJfY,Christina Aguilera's Whitney Houston Tribute At AMAs Is Breathtaking | AMAs 2017 | Access Hollywood,82123,English
SW3X7-gk8q0,Fall Out Boy - Yule Shoot Your Eye Out (Audio),342587,English
qvLyNeMGdR4,Ford Thunderbird SC commercial (1989),1480,English
XisRqF3ympA,2017 Holiday Eyeshadow Palette Review | Beauty With Mi | Refinery29,15203,English
jR5k_1Jgf2Y,2017 American Music Awards: Red Carpet Fashion | E! News,8448,English
VjEyUUQP1s8,31) Acrylic Bending for Electronics Enclosures,3391,English
5HUCAF6898w,Alex Williams  - Prize-winning Designer of the Open Source Underwater Glider,2367,English
rovAxg5A48Q,3D printed explorer robot,5584,English
